a / me / ne | nu,ğ’ˆ¨,ğ’ˆ¨ ğ’‰¡,ğ’ˆ¨ ğ’‰¡,ğ’ˆ¨ ğ’‰¡,ğ’…†â‰ ğ’ˆ¨ I ğ“‚£AM *sei ğ“‚œMO / NO ğ’‰¡   ğ’ˆ¨ğ’ŒMESÌŒ â‰ ğ’ˆ , ğ’ˆ¨Maat~ğ’ˆ¨Law LAÂ¬  da to be ğ’ˆ¨=ğ’€€ğ’€­ estar,I'am sein  ğ’ˆ¨ğ’Œ = M+ES=mes mas=more ğ’ˆ¨ğ’Œ AS! A+S plural Ï„Î¿á¿–Ï‚ Ï„Î¬Ï‚... OK DUAL Ï„Î¿á¿–Î½ -iN! *UN:  ğ’ŒŒu.gud ni.gal = Â¬ğ’„ = far!                     
igi,ğ’…†,ğ’…†,ğ’…†,ğ’…†,ğ’ˆ¨â‰ ğ’…†Igi:vEye/see face! vs I.aM ğ’ˆ¨ vs voi,wağ’‰¿,
,,,,,,,7
,,,,,,,ç¿’
a ea o,ğ’€€,ğ’€€,ğ’€€,ğ’€€,PAâ†’VA!, A, AB  EA  eau  O! pha ğ€ A ğ¡E/I ğ Ar  eau = water!   ğ’€=ğ’€€ğ’€€=AI AY I Y~ğ“‡Œ ğ’€€ğ’€€=abba=papa  ğ’€€ğŸ’§:ğ’€Š abyssea  ğ’€ªaá¸«:ox:alpha-bull!   ğ’Œ·ğ’‰Œğ’‰¡ğ’€€ Kur.NineVa A aplu abzu=abyssea mÃ» MEÅ  water  mwA !! mesut:heir! AN/IN ! vs 3ğ’‘—  ğ’€€ğ’€€=Ã¸'Ã¸=aNOt! Â¬ ğ’€Aa passion: a-as-si-ya = love a-as-ta: rest  pass eaten-se=they-eat warum? vatta voier=Ã¤u''er' ğ€ A ğ¡E/I ğ Ar              
BAD be *pen  Til ğ“± die,ğ’,ğ’,ğ’,ğ’,Dieğ“±  laDYğ’! MorTy TIL:end ğ“˜ BADğ“ƒ€ POD vs ğ’‘–4 ,"Bautğ“Š… pen:open! ğ“ƒ€  SterBEN ğ’‹°~diğ’ğ’bi=ğ’‰ KAÅ .Bier  ğ’‹°dab:double! [complete,old] ğ“ğ“ƒğ“…“  T___ << B.T. ! ğ“›ğ“˜ğ“‹´ğ“¬" bein vs ğ’€Ba  â†” Bi~ğ’=ğ’‰bier BI=DI=2=die/the muertâ†”word? ğ“”  ğ“› ?                         
bar / par / BÃN !,ğ’‡ ğ’ˆ¦,ğ’‡ ğ’ˆ¦,ğ’‡ ğ’ˆ¦,ğ’‡ ğ’ˆ¦,ğ“ƒ€ BÃN BEIN vs ğ’„Š  ğ BI  DI ğ’ˆ¦TI,para! ğ“ƒ€  part ğ’‡ barriere : banåŠ è¾¹ biÄn ğ’‡ ğ’ˆ¦ MAÅ  mas!  vs Lal,PAN:goat vsğ’‡» sheep      bar-fuÃŸ +plus? vs ğ’‰½Pap blocked!ğ’…‚IDIM bar=handle 8 å…« bad Bacchus å„¿å…¥äººä¸¿piÄ› ped pod ğ’‰ºÏ€ ğ B                        
B ba,ğ’€,ğ’€,ğ’€,ğ’€,B  ğ’€ ğ² ğ’‰º Ï€ BA Part! ğ“ ğ B BI ğ’‰DI,be- ab- bei- åŠ ban/bar:part! (devide...) vs CUT ğ’ƒ°,boobs  vs D be ğ’ ğ B ğ²Ba ~ ğ’‰º!     Bull= ğ’„  Ox ğ’€ª Gud
C GIÅ  ÄeÅ¡ ez es is iz,ğ’„‘,ğ’„‘ vs ğ’ƒ°ğ’†¸,ğ’„‘,ğ’„‘,ğ“¿eC:â€™Ceâ€™,Cis ğ‚ G ğ£ Ka ğ“‚“ ! ğ’„‘Ca Ka ğ’‹¡ Qa,Escheğ“†­[wood]  ğ“‹´ es  su (sich)! -is (adverb)  ğ’„‘cu vs ğ’ƒ°cut ğ’‹¡qu ğ’†¸kur å£kou  ğ’„’ğ’„“ğ’„”ğ’„•Esche ğ“†­! â†” mEsa=Haus vs AP AB Pappel ğ’„GUd AR? ğ’„‘c->zahn   ğ’†¬CU/KUG=pure ğ‚ G ğ£ Ka ğ“‚“ !                    
CUT  k/gad/t,ğ’ƒ°,ğ’ƒ°,ğ’ƒ°,ğ’ƒ°,CUT! Pad ğ‡ CETA ğ•Sade,linen,flax cloth   ğ“‡³ âµ™ ğ’ƒ°Cut â†’ ğ’Œ“ ba-ab-bar:Barber! KÃD ğ’…= cut vs å£ [å£] kÇ’u(phon) ğ‡ CETA ğ•Sade ğ¨ Ca                      
ud tÃºm tam *Time ğ’€­Î´ayn SUN!,ğ’Œ“,ğ’Œ“,ğ’Œ“,ğ’Œ“,ğ“‡³ sUn ğ’„­ ~ tÃºm ~ time 'UD' Uhr/Day ~ ğ’Œ“ Î” ğ„ DELTA,ğ’Œ“ğ’º*Horizon! As at D / T day ğ“‡³ yaSun âµ™Ø³ Berber â†” CUT ğ’ƒ°ğ’Œ“barber!!! Å›amÅ¡   ğ“‡º â†’ ğ’Œ“ ğ’Œš[month] â†” ray,vs C Kouå£! sun s'tine: stone!  ğ„ DELTA                        
KAK / DÃ™ / *Eck!,ğ’†•,ğ’†•,ğ’†•,ğ’†•,Tag! Tack KAK / GAG ğ D,AK/DÃ™=do=tu:make,build!    ğ’–Dag:Dach-deck~Haus! peg  nail ğ’‡¯ğ’•ğ’²ğ’Œ‡ tuk=take djğ’‰Œ  nageln decken=coitusâ†”cone cuni... cuneus 3Eck=ğ’Š•SAG+ğ’†•   ğ D ğ­Da  ğ®Di ğ¯Du                  
dab tab 2,ğ’‹°,ğ’‹°,ğ’‹°,ğ’‹°,2 double!  ğ’‹° â‰  ğ” PU bi ğ’‰º DU ğ’ºğ’‰ ,male â†” pa,ni er  vs bi/di ğ’ ğ’  double -> repeat  partner  ğ’² : di ğ’‹° ğ” PU bi ğ’‰º  ğ­Da ğ«Ta                    
E  / HE ğ…,ğ’‚Š,ğ’‚Š,ğ’‚Š,ğ’‚Š,say? sHğ€Ep ğ… HE ğ¡E/I ğ A/Eğ ,ğ’‚Š ğ’‹°ğ’€€ ğ’Œğ’£~ğ ğ¿ğ« EST=ist @ PIE  E yell?  ğ›E/I @ Ugarit  speak say â†” sag : ğ’Š¨ utter?,erğ’…•esğ’„‘ec  GUNU E ~ ğ’†¦KISAL->ASğ’€¼BAN2ğ’€¾<< VS ğ’„¿ Y ğ… HE ğ¡E/I ğ A                       
E / HAYÎ» / HE ğ…,ğ’‚,ğ’‚,ğ’‚,ğ’‚,Ã‰ house / temple  ğ“‰  ğ“‰”  HalÎ» â†” Po't/BÃ¸t,ğ… ğ›E/I Heima! hAUs!  Ã‰~AU!  ğ’–Dag:Dach! ğ’†door  big-house:  ğ’‚ğ’ƒ²Ã‰ => ğ…ğ‹ğ (hÃªkal ×”×™×›×œ palace Hall!)   , ğ’†gate<Heth HÃ¼t~beth ğ’†Kammer<HÃ©iM   ğ’‚  ×”×™×›×œ heikhal house.Hall !!!  Ù‡ÙŠÙƒÙ„ haykal  hai official! heima â†’ hall ! home house = hai.os ? huis   vs Ø§Ù„Ù…Ù†Ø²Ù„ manzel mansion temen! ~ zement? housemen                        
Fa Æ’,ğ’‰º,ğ’‰º,ğ’‰º,ğ’‰º,F ğ’‰º Phai Ï€ Pa FI ğ› ğ²Ba ğ³ Fa! ğ±Pa?,face vs cut:gad! ğ’ƒ°,pHat=head 1st åŒ¹ pÇ Ï€ PhR ğ“¶ foreHead   ğ’‰ºğ’‰¡ Vor-her? fire! ana-panuğ’‰¡=before Æ’Iğ› ğ²Ba ğ³ Fa!                       
G Ga bisagÌ‚,ğ’‚·,ğ’‚·,ğ’‚·,ğ’‚·,ğ‚ G ğ¥GA ğ¦GU ğ’ƒ· GAN ğ’‚¼GAIA ğ’‘ G Å  ğ“‹´ gens !,gaz:casa:house@goth â†” HauSa  basket:SACK! ,1/NI/ihn  ğ’‚¼=GAIA=mAma: Mother goddess / love / breadth<<breast    Ganğ’ƒ·  ğ‚ G ğ¥GA ğ¦GU                       
la.á¸«ap LAGAB | QUR! ğ’„¥,ğ’†¸,ğ’†¸,ğ’†¸,ğ’†¸,KUR,gir!!   LOCH/GAPâ†’ğ²  ğ’‹—ğ’†¸=âˆ‘sum ,einKreis(en)! Licht ğ’†¸â†” ğ’‡»LU  kou! å£kÇ’u vs ğ’Œ’ qup vs å£kÇ’u(phon)  KUR.SAR ğ’„­ vs ğ’„¥GUR CYR vs ğ’„­á¸ªI/CI LOCH LICHT! â†” ğ’‡»LU  kou! å£kÇ’u(phon) vs ğ’Œ“ D!  happâ†”ESS ğ’„‘ LAGAB NIGIN2  ğ™ GHAIN!?                     
HU,ğ’„·,ğ’„·,ğ’„·,ğ’„·,Huhn Hor.us ğˆ Hota  ğƒ â†” Hğ’ˆ¹?,BIRD! ğ“…± 'musen' <?> ğ’ˆ¨ HU! ğ’„·ğ’‹›=HIGH flood   ,mushen ~ Ù…Ø±ØºØ§Ù† murghan ğ“…“ğ“ vs fish FISH ğ’„©HA AH ğ’„·HOR-bird[muÅ¡en] ğˆ Hota ğƒ Hau                       
á¸«a,ğ’„©,ğ’„©,ğ’„©,ğ’„©,á¸ª Ñ¤ ğƒ Hau  ğ“‰” vs ğ’‹› HornÆ’,á¸ª Ñ¤  â‰  UR ğ’Œ¨ vs Leon Lupus, fish!hook? ğ’„©aha ğˆ Hota ğƒ Ha                       
I ,ğ’„¿,ğ’„¿,ğ’„¿,ğ’„¿,Y ğ› I ğ© JA ğ¹YA ğ’…†EY.in,Y ğ’Š Eye ğ’…†! Hey! Phair 5   â†” Bird?,vs HE 2+3 vs 3+2 forkâ€¦ ? sYm? 5? fIftY ğ› I ğ© JA ğ¹YA                       
J,ğ’Š,ğ’Š,ğ’Š,ğ’Š,Y ğŠ Yod JA ğª JI,IA YA ğ© vs ğ’…†EY, ğ’…€ ğ’‰Œ Iani~genieğ’‰“niğ’ƒ»  ğŠ Yod ğª JI                       
Ka QA  ğŸ––,ğ’‹¡,ğ’‹¡,ğ’‹¡,ğ’‹¡,qa vs KÃšR ğ’‰½ ! ğƒ Ka vs ğ‡ ğ£ Ka ğ“‚“ ! ğ’„‘C ğ’‹¡SILA,Kaf/Khand SILA~shekel? liter / vessel quantity?   ğ’†¬Cu KÃ™G pure,ğ’Œ†quğ’†ªkuğ’Œ’arquğ’…—ğ’† ğ’†¤ğ’†ªğ’„©ğ’†¯  ğƒ Ka vs ğ‡ ğ£ Ka ğ“‚“ ! ğ’‹¡?                       
á¸«al,ğ’„¬,ğ’„¬,ğ’„¬,ğ’„¬,half! ğ‹Khaf KAF ğ‹ KHA	ğƒ,Heth/Heim/Haus ğ’‚,K â†” LI kala/kara hail vs an! ğ‹ Khaf                        
Lağ’‡² ğ’‡ºLY,ğ’‡²,ğ’‡²,ğ’‡²,ğ’‡²,LAL ğ’‡³ lil! ğLamda L/R/M  Rağ€¨ğMem Â¬,lil=little! bind bi åŒ•  ğ’‡³LAL ğ’†·LA:lump  'variant' ğ’‘– ğ’‰½  ğ’‡ºLYS:lÃ¶sen ğ’‡ºğ’„¯ lisÌŒ-hÌ®ar,ğ’‡² L ! lil=minus vs ğ’ˆ¦ mas ğ’‡ Bar L ä¹š bi åŒ•  ğLamda L/R/M !! see Cypr ğ¾: RA                       
MUÅ  MARSa â™‚ | INANNA~YFEMâ™€,ğ’ˆ¹,ğ’ˆ¹,ğ’ˆ¹,ğ’ˆ¹,ğ’ˆ¹Musteaâ™€=*HI/FM! high heilig â†” ğ’„· Muse Muschi,femme,form farm [107x] face  MaÃŸ  appearance:ğ’ˆ¹Muster [81x] flat space  holy area  MÃ™Å xA=SED ğ’ˆ» ğ’ˆº hiver! Ã¼ber- ğ’ˆ¹winter rest  Hiberğ’ˆ¹nate  ğ’ˆ¹ Ma'ianna! dinana  ~ ğ’ˆ²ğ’ˆ¶ MUÅ : snakes! mar@pers â†” bird!  *MARS + MURS! Yva Eva Yvonne Â¥ Hifemme! [hiphon himen ...] MarIanne                
Mar / Po't ğ“‰  â†” fill ğ’‹›(sic),ğ’ˆ ,ğ’ˆ ,ğ’ˆ ,ğ’ˆ ,ğ¶Mağ¾Ra ğ“ˆ—ğ’¹ MARğ’ˆ SEE ×ğ’‹›ğ’ˆ£  ÂµğMem  Â¬ ğ’‡² Âµ,ğ’ˆ mar->port ğ’„‘ğ’ˆ =shiport=boat++  land Âµ â†” ğ’€€ = mwA: aqua:water flow notÂ¬â†”ğ’‰¡no!,ğ’ˆ ğ’ˆ¾=Mine[MaÃŸ]!! meter mare marine=ship!! ğ’ˆ¹ Ma.Ianna! ğ’ˆ¹Magia! approach  ğ’ˆ£ğ’ˆ¢â†”  ğ’Š‘ ra/tal king   ğ¶Ma ğ«Ta ğ’ˆ¹ ğ·Mi ğ¸Mu  æ²¡  ğ’ˆ  â‰  UR ğ’Œ¨ Leu   ğ’ˆ  ×Ù…ğ’‹› MAR/SEE ğMem Â¬ ğ’‡² ğ¶Ma ğ«Ta ğ’ˆ¹ ğ·Mi ğ¸Mu                       
N na(uin)   Naunğ’‰£ ğ“†› 9,ğ’ˆ¾,ğ’ˆ¾,ğ’ˆ¾,ğ’ˆ¾,N naur/nuno = fish! ğ Nun ğ“ˆ– ğ´Na ğµNu,IN AN ina,ana=to  for  by  of  at  plural N=ğ’‰Œ? ina=in  into  by ~ NUN ğ’‰£ ? ğ’‰£ğ’† Eridu  eN?+KIğ’†  incense  pestle    ğ’€€ğ’ˆ¾anal=butt! nautik nach onto â€¦  â†” FIN@EG? ğ Nun ğ“ˆ– ğ´Na ğµNu               
nu Â¬ !!!,ğ’‰¡,ğ’‰¡,ğ’‰¡,ğ’‰¡,no on:man! nge njet ğ™GHAIN kein!,The 'nu' in MUNUS ğ’Š©  å¥³~ğ’‰¡ â†” ğ’ˆ  ma:no!,  ğ™GHAIN  kein!                       
á¸ªI á¸«o High HEILUğ“‡³ğ’€­Å ÃRAğ’Š¹Kircil,ğ’„­,ğ’„­,ğ’„­,ğ’„­,CI! ğ“‡³Hel ğ’„¯=(t)he! cyrğ’„®SÃ™R,mix : DUG=good â†” Geo Ki Heim/HouSa solar vs ğ’¼	,cyr ğ’„®SÃ™R kouå£!solğ’„­Å¡hel ğ’„® ğ’„¯ same ğ’„° ğ’„± ğ’„² ğ’„³ ğ’„´ ğ’„µ ğ’„¶=Å ÃRÃ—U:SHARU=36.000 vs ğ’‹ SIG (sic!) ğ“‡³ğ’„­ğ’„µHIÃ—SHE=horizon!   hao=å¥½å·                         
Pa pha pi bea á¸«adt ğ“Œ‚ sceptre!,ğ’‰º,ğ’‰º vs ğ’ƒ°,ğ’‰º,ğ’‰º,1. pa:punch,bat,beat ğ” PU! ğ²Ba pta:wing fore(man)! face â†”ğ’€part male  ğ’‹°dab:double / bi  pHat=head 1st åŒ¹ pÇ Ï€ vs CUT ğ’ƒ° vs ES ğ’„‘ "PhR ğ“¶ foreHead   vs ğ“· obHerr leader Bhlai? ğ’‰ºğ’‰¡ Vor-her? GIDRU ""staff  sceptre""  UGULA ""overseer""  GARZA ""office""" ğ” PU! ğ²Ba ğ³ Fa! ğ±Pa                     
po/pu,ğ’‡¥,ğ’‡¥,ğ’‡¥,ğ’‡¥,pu pool ğ“Šª pond!  ğ³ Fa ğ±Pa? ğ“Œ‚?,pool! ğ“Šª pond vs ğ’†¸ KUR ! garden ğ’Š¬ cyr | shar=green, ğ’†¸(en)CIRcle KUR kouå£ = mouth vs ğ’†¹marsh    ğ’‡¥PU â†” *KU ğ’†¸ â†” ğ’‡»LU Licht Loch Lake lack Lache U->Oğ’†¸   ğ±Pa?? ğ“Œ‚?                   
UB (q)up,ğ’Œ’,ğ’Œ’,ğ’Œ’,ğ’Œ’,ğ– QOPA!? ğ¤ Ku  ğ’Š®*qHeart Å Ã€G â†” IB,Corner  â†” ğ’Œ“ud/tam, fame  praise  ruin    UP vs Highğ’„­ qup! acker area AR ğ’Œ’ â†” mund/mound? praise  ruin  ğ– QOPA!? ğ¤ Ku                   
qu ku (DÃšR TUKUL TUÅ ) ,ğ’†ª,ğ’†ª,ğ’†ª,ğ’†ª,ğ’‹¡QA:Ka ğ¤ Ku qu cu zu su TÃºch ğ’Œ† !?,coutch:sit rump KuRA æ—¥ æ›° â†” kouå£ Ku  ğ’†¸ KUR ! garden  ğ’Š¬ cyr | shar=green,â†”squarea   ğ¤ Ku                       
ru+,ğ’Š’,ğ’Š’,ğ’Š’,ğ’Š’,ruND(er) raus ruin ğ’Š’ğ’„¿,runter-fall release ğ“Œš throw boomerang,round!  ğ’…†ğ’Š’=find 'pad3 igi*ru'                         
R RE- rib ro ru UR á¸ªğ“›,ğ’Š‘,ğ’Š‘,ğ’Š‘,ğ’Š‘,ğ“„¦ ğ“‚‹ Ort LIP ğ Lamda L/R/M ğ¼ RA â†’ á¸ªá¸« ğ’„· Hu,re- rÃ  ğ“‚‹ Ort ğ“‚ reich:give,put! RE: king rib ğ“„¦ ğ“„¨ ğ“„­ ğ“„®  â†” ğ’Š‘ â†’ ğ’…ˆ 'ar'  ğLamda L/R/M ğ¼ RA                      
Rad/t  (SUD Å ÃŒTA),ğ’‹¥,ğ’‹¥,ğ’‹¥,ğ’‹¥,ğ’ˆ¥MaRad!ğ’‹¥ ğ¶Mağ¾Ra ğ“ˆ—ğ’¹ ~ ğ’ˆ ,R+di ğ’‹¥â‰ ğ’‹¾ grind,ğ’ˆ¥MaRad!ğ’‹¥ ğ¶Mağ¾Ra ğ“ˆ—ğ’¹ MARğ’ˆ                           
Sic Ïƒ pSi Ïˆ See ğ’ˆ£=ship  ×¦ ,ğ’‹›,ğ’‹›,ğ’‹›,ğ’‹›,ğ‚  ğ“‰” ğ’‹›ğ’€€= ShiPo't  ğ“‰  ğ“‚­  ğ’ˆ£=ğ“Š›â¾ˆ â†” ğ’ˆ MarTa,Finger / Fill-Horn-Vieh ğ“†‘Ï† â†” JI è§’ jiÇo  æŒ‡ zhÇ finger zig ğ“‚­ ğ’…Š10.000 ğ“„ Hornğ“†‘Æ’ieh  fill:ferry,HoSiRamOsğ¦œğ‡©ğ“„  ğ’€‰ kuru~keras<<   sÃ©=ZI sÃº=ZU Å¡u é§’ jÅ« Fohlen fÃ¼llen/Flut å……/æ´ª cHÃ³ng  ğ’ˆ£=ship/boat/mareğ“Š›â¾ˆzhou â‰  Kher.os Kerbe carve  ğ’‹›~ğ‚ psolar pither?  'siru'=bisra(meat) Ïˆ psiru qed    ğ’„·â‰ ğ’‹›â‰ ğ’ˆ Mar<?> ğ’Œ¨ğ’ˆ¤=ğ“Œ³ğ“…±ğ“ƒ¬? ğ’‘ G Å  ğ“‹´ !                        
Î£ Sain,ğ’Š“ ,ğ’Š“ ,ğ’Š“ ,ğ’Š“ ,â†” Hall ğ’‚ heikhÃ¡l ?,Sehne, sinew : string / net â†”ğ’Œ† TUCH ğ’–DAG~Dach~Haus â†” E ğ’‚!! zuSam                          
Î£ eÅ¡  ES â†” 'C' ğ’„‘ ÃŸ,ğ’Œ ğ’ ğ’Šº,ğ’Œ ğ’,ğ’Œ ğ’,ğ’Œ ğ’,30 ! ğ’€¼ â‰  ğ’ˆ 3 ğearth ğ—Ras ğ¿SA ,eÅ¡ ğ’Œ ğ’ â‰  Î£ Å¡eğ’Šº shu sea ocean  MEÅ  ğ’ˆ¨ğ’Œ : plural   â†” ğ’ za,-> AS ğ’ğ’€¼ ğ’ˆ '3' EÅ 5 vs ğ’‘ˆğ’‘‰ '9' !!! vs Å ÃR KURt GUR!  Gersteğ’ŠºSchekel! ğ’€¾ ES eszi = esse = to-be ğ— Rash ğ¿ SA                        
Å ar sÌŒaÌ ,ğ’¼ğ’ƒ»,ğ’¼ğ’ƒ»,ğ’¼ğ’ƒ»,ğ’¼ ğ’ƒ»,ğ’ƒ»sÌŒaÌ ~ ğ’¼Å ar  ~ ğ’‹©aShur ğ’‰»patÌ£  ğŒ SHIN ğ° THA  ,zu aus !  ğ’ƒ»sa,su:IHR  Sar Schar see Gar  SI see  ğ’‹› Shar!  ğ’‹©aShur!                           
Å Ã€ Å¡ag SHA â‰  SI CY CIT *qá¸ªT â€“,ğ’Š®,ğ’Š®,ğ’Š®,ğ’Š®,sacred city circle center heart ğ’„¯cÅ“ur ,shock: see Å¡ag SackHaar ,) ğ’Š­ sag=heart ğ’„¯á¸ªAR hut *qhat qvart  CI see ğ’„­ á¸ªI  ğ’„®SÃ™R                          
Î£ ÃŸ æ‰‹ Å U ,ğ’‹—,ğ’‹—,ğ’‹—,ğ’‹—,æ‰‹*shÇ’uin/su â‰  ğ’‚ Å Ãˆ/Ã‰Å  take ~ ğ’Œ†tu/cu/zu ~ su Ïƒ ğ“‡³? ,sHAND sind sein es se- ğ“‹´ causative â†” ğ’‚ Se/eS vs Tuch! ğ’Œ†  ğ’‹—ğ’†¸=âˆ‘sum,ğ’‹— Shu = æ‰‹ shÇ’u shou cheiro! HAND!     ğ’‚ ~ğ’¥ flour   æ‰‹ğ’Œ‹âˆ‘åansehn handsome schÃ¶ne ZÃ¤hne                          
TÃšG=TUCH! NAM2 SU ğŸŒ£,ğ’Œ†,ğ’Œ†,ğ’Œ†,ğ’Œ†,ğ’Œ¨ğ’Œ†DOG!,take-took-Tuch Trag:Tracht   Kleidâ†clothâ†closed â†’ closet ,vs ğ’† KI geo/Kur   ğ’‹¡ ğ’Œ†ğ’„– ğ’‚µğ’†¥ğ’„£qu~go vs ğ’‰‡NAM_2  â†” sun Su! â†” LU/ER!! å£+two                         
T tiÅ¡h dÃ¡Å¡,ğ’¹,ğ’¹,ğ’¹,ğ’¹,T  ğ‰ Tet  ğ«Ta ğ¬Tu,NIGIDA dash 1 !!! /// A/T?,T !!! twei vs tum(tess) = feminin ğ’¹daSH=blood/red vs dam@hebrew ğ‰ Tet  ğ«Ta ğ¬Tu                       
Thu Å¡Ãº,ğ’‹™,ğ’‹™,ğ’‹™,ğ’‹™,ğ’¹+ğ’Œ‹ ğ˜ THANNA Ã¾ Thorn,vs d Eth Ã° Î´ Ïƒ Î˜ Î¸ sun zorn thunder dorn zink sink,Schutz : c^ surface sink raise! â€“  ğ˜ THANNA Ã¾ Thurn                    
*Ti Di Bi,ğ’ˆ¦,ğ’ˆ¦,ğ’ˆ¦,ğ’ˆ¦,Tigris = ğ’ˆ¦ğ’„˜ğ’ƒ¼Tigugar â†” Jaguar,,
U(n),ğ’Œ‹,ğ’Œ‹,ğ’Œ‹,ğ’Œ‹,*KRUH.ma ! CU Å U Å A Å I å ! ğ” PHU ~ ğ’‘± ğ¢ U,u.= und/or!  ğ’Œ‹= ğ’…‡â†”ğ’Œ‘=Å¡am/Ã¹~xwamn=sleep=ğ’…‡= EYE+SHEEP!!! ğ’‡» (IGI & DIB) sLIBIR = sleep! ,UT UnD con  ğ’Œ‹ hole â†” ğ«TA TUM:ten 10 ğ’Œ‹ğ’‡»â†” ğ’Š¹ğ’Š®~ğ’„®~ğ’¼   CruMa:ğ“ğ“…“ğ“¡ Uhu  lu2-u3 = other  ğ” PHU ~ ğ’‘± ğ¢ U O                      
u/tam,ğ’Œ“,ğ’Œ“,ğ’Œ“,ğ’Œ“, Uhr / Time,AT+U = You ante-tu / Du ++  â†” nim/tienğ’‰?,â†” TUM = Tum! / Dom  â†” BABBAR : cut!  ğ’Œ£=S.M.D:Schmied! SIMUGÆ’                         
[W],ğ’‘±,ğ’‘±,ğ’‘±,ğ’‘±,ğ” PHU ~ ğ’‘± ğº VA  wound ğ€¸ğ“²ğ“¢Ùˆ,: UU   *VAN ğ’‰¼ PAN = bow! ğºVO.gel ,:colon:  as part of signs:  ğ’Œ“ etc  ğ” PHU ~ ğ’‘± ğº VA                       
wa vva ve pe PI ğ’‰¿!,ğ’‰¿,ğ’‰¿,ğ’‰¿,ğ’‰¿,Î© Ï‰ ğ“Œ ğº VA ğ† VO/WO ğ» VI ğ“‹¹ ?,W + A (+n?)  mwa â†” ğ’…† IGI EYE:SEE(Ã¤ugen),PI uuannas unas = unser [Plattdeutsch] ğ† VO/WO ğ» VI ğ“‹¹ ?                       
y vI ?,ğ’„¿,ğ’„¿,ğ’„¿,ğ’„¿,Y 5,Y AI EYE!  pair/set(5 fingers)  AI vs IA ğ’Š, forkâ€¦ ? sYm?                         
X ZI ze sse ÃŸe,ğ’£,ğ’£,ğ’£,ğ’£,zieh! raiZe ğ XU SSU ğ§XA ğ¨CA,raise, rise => ğ’‰º+ğ’Šº << sea : ocean  erection  life   ğ’‚Šğ’Œğ’£~esse : ğ ğ¿ğ« EST=ist ğ’ğ’„©ğ’£ğ’…” HA.ZI.N = AXE  ğ XU SSU ğ§XA ğ¨CA                    
za uz ğ’Šº,ğ’ ğ’Šº,ğ’,ğ’,ğ’,4' ğ‡ CETA ğ•Sade Zain ğ‘ZU ğ‚SSA ,Zahn ğ’ vs Tooth S ğ’Šº 4 qvorTza vs ğ’¼SAR,/tenÃ»/ zigğ’¦ğ’§zack?  ğ‡ CETA ğ•Sade ğ‘ZU ğ‚SSA                       
Å¡am U Ãº ğ“›ğ“†°ğ“ˆ– á¸«am á¸«um hemp,ğ’Œ‘,ğ’Œ‘â‰ ğ«Ta ,ğ’Œ‘,ğ’Œ‘,4 foo UU W ğœ vs Ar ğ  Å¡am@Sumer= ğ’Œ‹ UND!  ,food / (brot)samen ğ“†±ğ“†° # ğ“Šµğ“ğ“Šª Hou(s) ? â†” ğ’‚  ğ’Œ‘â†’ğ«!   ğ’Œ‘â†’~ğ’‡»,ğ’…‡ Ruh ram luh lamm?  ğ“â†”ğ’Œ‹? Ãœ !  ğœ U(r) vs Ar ğ                    
,,,,,,,  `
,,,,,,,ç¿’
A,,,,,,,
aÅ¡,ğ’€¸,ğ’€¸,ğ’€¸,ğ’€¸,,, AR
an,ğ’€­,ğ’€­,ğ’€­,ğ’€­,ASTER:ğ’€¸*4 aÅ¡*ter,,  
â€˜colonâ€™,ğ’‘± ğ’ƒµ ,,,,,: colon Îºá¿¶Î»Î¿Î½ member/part/limb,
a,ğ’€€,ğ’€€,ğ’€€,ğ’€€,A, AB, EA  eau  O!                        
a/na/me,ğ’ˆ¨,ğ’ˆ¨,ğ’ˆ¨,ğ’ˆ¨,MO / NO?,, anti â†” ğ’ˆ¨ = M+ES=mes mas=more                         
ab / ap,ğ’€Š,ğ’€Š,ğ’€Š,ğ’€Š,AB.us,ğ’€€ğŸ’§:ğ’€Š abyssea Ur-ozean ocean,ğ’€Š Pappel vs Esche ğ“†­ ğ’„‘                          
ad / abu / Ã¡t / at Ã¡d,ğ’€œ,ğ’€œ,ğ’€œ,ğ’€œ,fAT ! see ğ’‰º *VATer!,father  ğ’€œAD+ ğ’• DA  vs bAbba  vs Ã¡d ğ’„‰ terror ,
ab,ğ’€–,ğ’€–,ğ’€–,ğ’€–,ÃbÆ’? GCATTle  BA!,,ğ’€—ğ’€˜ğ’€™ğ’€šğ’€› ğ’‹º                          
ag ak aq,ğ’€,ğ’€,ğ’€,ğ’€,ACT GVERğ“…ª faire,AK:act! â†” â€˜kardan  drink aqua agver ğ“‹´ğ“…¨ğ“‚‹ğ“‡‹ğ“ˆ—ğ“€  a'genitive â†” a/ke -a'gen(itive) ğ“…¨aqver kÃ¼ken?,GVERğ“…ªguerreğ’€war! ğ“…ª   ğ’€ŸAKÃ—SHITA+GISH=? ğ’€ğ’…—ğ’ºğ’Œ‘ ak.ka.du.Ã»    ğ’€aÅ AR ğŠ ğ‰ ğˆ AÅ¡ur MÃ¡ghta                           
aá¸« eá¸« iá¸« uá¸« ox!,ğ’€ª,ğ’€ª,ğ’€ª,ğ’€ª,OX! Qud : *GUD! vs ğ’Œ’ ,A!?! Aleph:alpha: good, ox (head) â†’ Kopp/Gud                           
al <<,ğ’€ ,ğ’€ ,ğ’€ ,ğ’€ ,*CALL *HAL  ğ“Œ» *hAmAr? â™¡ HOEb,hoe [tool?] â†” Hammer  ğ“›  ğ“†°  ğ“ˆ–  ğ“ˆ–  ğ“†±       ğ’€¢ ğ’€£ğ’€¤ğ’€¥ Kad ğ’€¦ ğ’€§ğ’€¨ ??? <<<,     ARKAB ğ’€¶ ğ’€¶ ğ’€¶ ğ’€¶ NIG_2 .IB  ARGAB               
AMAR ,ğ’€«,ğ’€«,ğ’€«,ğ’€«,ğ“ƒš IBR ğ“ƒ˜burass ass.ZUR,amar-utu = MARDUK  ğ’€¬ZUR SISKUR ğ’„£ GUM Gehn ğ’„¤ â†” ğ’ˆ² ?,
am,ğ’„ ,ğ’„ ,ğ’„ ,ğ’„ ,sham!  ğƒ ğŸŒ£ staurn,wild bull ~ shamas ~ himmel :   thor~taur~storm!,~*Apis?                          
ap ab,ğ’€Š,ğ’€Š,ğ’€Š,ğ’€Š,AB ğŸ’§ abyss ğ’€Šğ’ª ğŸ’§ aguan,ğ’€Š vs ğ’º gin=gehen,
AR ~,ğ’…ˆ,ğ’…ˆ,ğ’…ˆ,ğ’…ˆ,AGI.RI agrow A+R=AR ğ’…†+ğ’Š‘=ğ’…ˆ â†’ ğ’€´,*Ackerer ğ’…‰   WORker, pluck  trim ğ’…ˆğ’Œ“ ar-hÌ®isÌŒ ~ wacker/rasch ğ¼ğ¥ğ¶                        
ÃRAD ÃŒR,ğ’€´,ğ’€´,ğ’€´,ğ’€´,*WorkHard *Nigger  nÃ­ta, nitaá¸« â†” Anitaâ™€,~ğ’…ˆ~  ğ’…‰   AR~ARAD Agro slave!! ğ’€´  ğ’€µ ARADÃ—KUR reconstruction ?                         
A : ARM ahu idu ÃDUM,ğ’€‰,ğ’€‰,ğ’€‰,ğ’€‰,*aDON Arch! ARM ğ’€‰ vs ğ’†ğ“„— ceps, kAp'ğ“‚§ğŸ’§,river / arm / weapon ğ’ª ğ’€‰!!   nÄru vs  ğ’€€ğ’‡‰ ÃDI Water = 'Itr'  ğ“‡‹ğ“ğ“‚‹ğ“²ğ“ˆ˜ğ“ˆ‡ğ“¤   Tigris = ğ’€€ğ’‡‰ ğ’ˆ¦Taiğ’„˜gğ’ƒ¼gar   ğ“ˆ˜           ğ’„˜ ??<<  vs abuğŸ’§  ğ’€‰ kap(hand) Ugaritic: ğ‹ğ” Syriac: ÜŸÜ¦Ü (kappÄÊ¾) ×›Ö·Ö¼×£ (kaf kap) hand vs head: da capo capital caput  ğ’…‚   rid                    
az,ğ’ŠŠ,ğ’Š,ğ’Š,ğ’Š,*URS!  RES- *[hin-/UN-]?,bear!    ğ’Šğ’azziz:sit,cess/rise! ğ’ŠŠURS  ~ ğ’ŠŒ ug  uk â†” ğ’„Š?     ğ’Œ“ğ’Šğ’Špart? ğ’ŠŠ vs ğ’„Š ğ’„½ ğ’„¸ ğ’‡ ğ’ˆ¦ ğ’                       
,,,,,,,ç¿’
B/P,,,,,,,
BAN,??,,,,åŠ bÃ n *ben being,*ben: [machen]  stre-ben â€¦ -en!  be-nehmen â€¦,    ?
be=BAD pÃ¡dt pÃ­d,ğ’,ğ’,ğ’,ğ’,POD ++,BAD bein ğ’€Ba see above,!  ğ’Šğ’az-ziz / rise plus?                         
bÃ©=BI  ,ğ’‰,ğ’‰,ğ’‰,ğ’‰,bi  ğ’ğ’ di ~ ğ’€«,bi 2 di die=the ğ“?  Bi ğ’‰ = Bier!,
bÃ¨=NI  ,ğ’‰Œ  ğ’‰ˆ,ğ’‰Œ,ğ’‰Œ,ğ’‰Œ,,,
BURU ğ“ƒš IBR,ğ’€«,ğ’€«,ğ’€«,ğ’€«,YBA ğ“ƒš ğ“ƒ” ğ“ƒ˜ ğ“ƒ—,calf  ğ›ğğ— â€(IBR) zebra  hipburass~ferse/*FETus,èš ç¿’
PAP KUR KR,ğ’‰½,ğ’‰½,ğ’‰½,ğ’‰½,KÃšR(t) vs ğ’†³ ,Kreuz cross PAP ğ’‰¡ 4? ğ“¡ğ“=other/foreign Crete  T? ğ’‰½ğ’Š’change!,KREIz? KRieg Streit strut Strategem ğ“¡ğ“=foreign/other critic CRI.TIC â†”  ğ“´ X ğ“µ  ğ„‚ Ï‡ âœ“â˜‘ ğ“²ğ’‰¡ cross                         
bÃº=KASKAL, ğ’†œ, ğ’†œ, ğ’†œ, ğ’†œ,,,
BÃ­r NE der3 DI,ğ’‰ˆ,ğ’‰ˆ,ğ’‰ˆ,ğ’‰ˆ,N [plural] ğ“ª ğ“¤ğ“¤ğ“¤ ğ“¼  ğ“ğ“ƒ,NE é‚£ nÃ  / der3/DI:this! BI/*PY:burn/fire!  æ‹¿ nÃ¡m nehmen NE ğ’‰ˆ â†’ 'new' ğ’‰‹ !  BÃ­r â†’ BÃL,chat/speak cook/burn dar/bi2:bir bring/burn "wide range of sign usage for spelling ""qabÃ»"" birâ†”bil?   - ene â†” ihNI ğ’‰Œ"                         
bia[n] bu[n] Æ’ain von,ğ’,ğ’,ğ’,ğ’,bia+  pusun ğ±ğ¢ğ‚ ğ’ğ’†³bin=son!  ğ’Œ‰,long â†”  MUÅ  ğ’ˆ²SN ğ“†‘ ğ’Œ‰Î´oğ“ˆ– Son / Dumu   ğ’†œğ’kaput!	,via: road ğ’†œ â†”  ğ’  long !  *roady                          
p/bal,ğ’„,ğ’„,ğ’„,ğ’„,,ball/roll : spindleâ‰ ğ’,èš ç¿’
pÃ¡r/bar,ğ’ˆ¦,ğ’ˆ¦,ğ’ˆ¦,ğ’ˆ¦,maÅ¡,,0 <<                         
paÅ¡,,,,,,,
bad,ğ’‚¦,ğ’‚¦,ğ’‚¦,ğ’‚¦,*BAUT!,wall â†” batiment Baut ğ“Š… ğ“ƒ€ ğ’ badt,
BUR2,ğ’” ,ğ’” ,ğ’” ,ğ’” ,bright brake! â†” phosPhor ,chroma â†” cord ğ’„– 'ga',q
p/biÅ¡ pÃ¹Å¡,ğ’„«,ğ’„«,ğ’„«,ğ’„«,gir:gaier/mut:mat!<<,,
BURt PR,ğ’“,ğ’“,ğ’“,ğ’“,*broT  ğ“,bread:food / priest,ÏŸ
BA / bar / bur / pur confusion ?,ğ’€,ğ’€,ğ’€,ğ’€,ğ’‡¥pu:pool â†” ğ’†¬ğ’Œ“ *pure ~ ğ’ UrÎ´u=Erz!,Kupfer â‰  ğ’†¬ğ’Œ“=ku.ba.ab.bar=si.barber=silber-bar! silver=Å¡arpu/azagar/sem.bar/ğ’†¬ğ’Œ“=kaspu ~ Kaspian=Lapis,
,ğ’Œ“,ğ’Œ“,ğ’Œ“,ğ’Œ“,ba.ab.bar=barber << cut KAS-pure ğ’†¬ğ’Œ“ !!,Kupfer â‰  ğ’Œ“ *RAY ,
,,,,,,,
C,ğ’„‘,ğ’„‘,ğ’„‘,ğ’„‘,â†” ES EZ Z K,ğ’„‘c->zahn zanke Akk. Å¡in,zinke[nose] zan->khyn->hyena-hÃ¼ndin kan4~gate                          
,,,,,,,ç¿’
D â†” T,,,,,,, !
DIÅ ,ğ’¹,ğ’¹,ğ’¹,ğ’¹,AIN!  ğ’¹ğ’†ª aIá¸ª:ICH!  ğ“ˆ– ana: an+in,male,maInz I 1 äº»rÃ©n  dash!  vs  weibliche-th-Form                        
DIDLI,ğ’€¸,ğ’€¸,ğ’€¸,ğ’€¸,,(suffixed)plural -S -ES -AS -OS !,-N -I -S !                          
DIDLI á¸ªI.A,ğ’€¸ğ’„­ğ’€€,ğ’€¸ğ’„­ğ’€€,ğ’€¸ğ’„­ğ’€€,ğ’€¸ğ’„­ğ’€€,,(suffixed)plural -esa -isa? -asser -ssai,-N -noi -Î¿á¼±(hoi)QED KA? MEN?? N ika                         
dam / tÃ¡m,ğ’®,ğ’®,ğ’®,ğ’®,DAME, DOM, DON >> Dumma=Kinder Dame!                        
tÃ¡g/k dag/k *dax,ğ’–,ğ’–,ğ’–,ğ’–,Dach! â†’ Ã©tage = deck Decke tag ğ“´ ğ“µ Tag,Dakhma â†’andag â†’ Andacht, handaxtan=an'denken  be'denken â€¦  penser â†” pension â†” panta ###                         
dir,ğ’‹›+ğ’€€,ğ’‹›ğ’€€,ğ’‹›ğ’€€,ğ’‹›ğ’€€,DIR ???,dirig?   </> su4ğ’‹œâ†”siğ’‹›+gunu~ğ’‘“>ğ’º,
da,ğ’•,ğ’•,ğ’•,ğ’•,*LAI *ST *Stoff    ğ’•ğ’‰¡ğ’‘ dom'nus:judge ğ’²,line, lair  aÅ‚Ã¦ryn Ø§Ù„Ø¹Ø±ÙŠÙ†  Lager  LÃ¶le (HÃ¶hle)  ğ’ˆ ğ’•=Mast/sail (M) DaxBau  DaBei DaMit DaZu Affix â€-mitâ€œ  â€beiâ€œ ~â€™deâ€™?                    
de di æ—¦ tÌ£i,ğ’²,ğ’²,ğ’²,ğ’²,æ—¦dÃ nğ’¯! Î´jad! ,ğ’²dit:dag:Î´jad:talk!  djad judge ÃŸed ğ­ğ ğ«data: justice   ğ’¯æ—¦dÃ n! ğ“‡³ğ’„­ğ’„µHIÃ—SHE=horizon    ğ’²ğ’ˆ–de+stir=disturb  ,SAR circle ğ’²ğ’…†defy:defeat  don  + DI = DI ğ’²  vs ğ’†  KI=URth Å¡ee ğ’ˆ¾ğ’²ğ’‡» na-tÌ£i-lu nÄgih  vs   ×¨××”  ray ra'ya Ø§Ù„Ø±Ø¤ÙŠØ© ğŒ SHIN !? ğ° THA !? spha?   ğ’ğ’„©ğ’£ğ’…”hazin:axe eszi = esse = to-be     a-ta-an-ÃŸe=they-eat                      
DINGIR,ğ’€­,ğ’€­,ğ’€­,ğ’€­,Dâ€™ DEI DIE Dinger digÌƒir â†” digit finger?,ASTER! Ast Ã„hre ER AN!  STERN STAN ting into,stand arrett QED  ğ’€­fdingerâ†”sphinx?   IA IAN YHWH starn                    
DUG ğ“¡,ğ’‚,ğ’‚,ğ’‚,ğ’‚,"Djug ğ“¡ ğ“¢ ~ ğ’Œ‡ Î´Î­Ï‡, Î´ucÏ„ DO! <<<    lutÌ£ Æ’", Topf: vessel â€“  â†” ğ’„?                         
DAG,ğ’˜,,,,KISIM_5   *Mes, *Met ?,â†”  ğ’€« AMAR / ğ’—  MASH : mother â€¦ ? daughter? FrechDax :) â†” meat ğ’œ ?                          
DAM,ğ’®,ğ’®,ğ’®,ğ’®,Don, Dominus, Dame Dame! ++ wife  spouse â†” ğ’Š©cone cune(t) ğ’†µ ğ’® ğ’‚– ğ’Šª ğ’®                       
DARA3,ğ’° ,ğ’° ,ğ’° ,ğ’° ,durah,wild goat,Ë°
DAR,ğ’¯,ğ’¯,ğ’¯,ğ’¯,*DAN *Î´AN ğ“ƒ¶ psan ğğ€¼,wild, goat  break  cut  â†” ğ’±  ğ’° Ibex  (GÃ™N  á¸ªU-gunÃ»  SI-gunÃ») ğ’Œ‹ğ’¯AÅ DAR â†” Ishtar ğ’ˆ¹	  *ypan?                    
DARA4,ğ’± ,ğ’± ,ğ’± ,ğ’± ,*dashrad=red!  ä¸¹æ—¦dÃ n ğ’²,DI (de, did) right  justice  law â†” djust: dath@SEM! DAD DOM!   ä¸¹dÄn Rote Roben!                       
DU gir!,ğ’½,ğ’½,ğ’½,ğ’½,run/gir! ğ“‚»  â†” KAÅ /Å¡eÅ¡ig ğ“ƒ±,girâ„¢ ğ’½ run! ğ’º ra / gIR  ğ“‚», KAÅ _4 SUá¸ªUÅ  RE_7                         
Dug3 TU Zu2 KA,ğ’…—,ğ’…—,ğ’…—,ğ’…—,ğ“¡ KA/pÃ»/pthÃ»/ca/zan/zu2/Î´U/du/do!  ğ“¹ğ“‚‹,DU+DO! tu dug:talk:chat ğ“¡drink! â†”tongue?  ,dig:ğ’€€ğ’…—acker:irrigateğ“Œ»     ğ“¹ğ“‚‹make mouth mot (word)                        
DUMU / maÌ„ru,ğ’Œ‰,ğ’Œ‰,ğ’Œ‰,ğ’Œ‰,ğ“„¡  [scro]tum StrohDummes Maria Kind,),child / apprentice â†” du/double dumm )   ğ’Œ‰ tur : klein  jung â†” deer!                        
DUGUD,ğ’‚‚,ğ’‚‚,ğ’‚‚,ğ’‚‚,DU+GUD=dear,ten?ğ’‚ƒDUá¸ªGAB, DU_8   TUá¸ª                          
DU / GIN,ğ’º  ,ğ’º  ,ğ’º  ,ğ’º  ,gin:gehen ğ“‚¾ ğ“ƒ€ ğ’ ğ’‡ğ ,gin:gehen! walk   DU: dawn=ğ’Œ“ğ’º*Horizon HoraizeğŸŒ£ sunrise sHahn-rise! Hour-rise,
,,,,,,,ç¿’
,,,,,,,
E,,,,,,,
Ã‰,ğ’‚,ğ’‚,ğ’‚,ğ’‚,,house,see above ku kÃ¼che   ÎºÎ±ÏÏƒ casa Î¿Î¹ÎºÎ¯ Î´á¿¶Î¼Î±                   
Ã‰ â†” U ğ’Œ‘ ,ğ’‚,ğ’‚ ,ğ’‚,ğ’‚,dES+SA ğ’Š“ ,house esse mesa Hou(me?) â†” DAG=Dach !,ÎºÎ±Ï…Ï‡  [heat kaust] ÎºÎ±ÏÏƒ casa Î¿Î¹ÎºÎ¯ Î´á¿¶Î¼Î±                         
e,ğ’‚Š,ğ’‚Š,ğ’‚Š,ğ’‚Š,E!,"""vowel"" speak  E 'barley', 'leather'  EKI  EG2 'levee'  IG2  I15"                           
er/ir,ğ’…•,ğ’…•,ğ’…•,ğ’…•,Vir! HERR! GAG gunÃ» DIG, â€“ plead  old sign  ğ’…•men~mount!, ask  divinate  soft  perfume? IHR/HERR ğ’…•vs ğ’‰ŒIHN/EN/NI vs  ğ’‡½ LU  Allu  HERR                    
A2 (Ã¡) ID TI8 IDUM ed/id et/it,ğ’€‰,ğ’€‰,ğ’€‰,ğ’€‰,Ã¡ â†’ ARM!,arm â†’ limb/wing, â†’ weapon! power labor  horn vs  ğ’‹›   | or â†’ Uhr: time                        
eg ek/ig ik,ğ’……,ğ’……,ğ’……,ğ’……,*esse *ecce ğ“ƒ¹  *cuin! â†” ganz kin ğ’†¥ duck dark?,to be! exist! ğ“ƒ¹ put?  door!? ğ“ƒ¹ ğ“‰¿   guinea,ğ’ƒ¶ganz                          
elle Æ’?,ğ’‚–,ğ’‚–,ğ’‚–,ğ’‚–,Holy! ğ’‚– Elle â‰  ğ’Š©ğ’ˆ  Nin,holy:pure!!    ğ’‚– Mumu+Hornyâ†”holy lol,ç¿’
edin,ğ’‚”,ğ’‚”,ğ’‚”,ğ’‚”,Eden ~ Erden?,Steppe / RÃ¼cken  Baktria?,àº
eMe,ğ’…´,ğ’…´,ğ’…´,ğ’…´,KAÃ—ME,meme tongue! langue 'mÃ¥l ,ğ’…´ğ’„€ eMe+GI=[sumerian] language     NUNDUM  ğ’…» KAÃ—NUN=lip  rim | SU6 = bread    KAÃ—LI/KID:ğ’…²TU6:AM~EME!                        
IM:I'AM/em/im 'MUD,ğ’…,ğ’…,ğ’…,ğ’…,MUD, MOOD, meI'AM ğ’ˆ¨ mud  mood : anger / storm ğ’‰ mud << rain wind << 'mood'?    ğ’‰ fear !  << ğ’…´eMe : tongue<mouth â†’ kiss+                      
eÅ¡,ğ’Œğ’,ğ’Œğ’,ğ’Œğ’,ğ’Œğ’,,,    !
ez/iz,ğ’„‘,ğ’„‘,ğ’„‘,ğ’„‘,,see above (easy),
en,ğ’‚—,ğ’‚—,ğ’‚—,ğ’‚—,*Man' mankind   *FR:VR:PR:PHR FÃ¼hrer â€¦,lord / priest         rulers @ Sumer    vs ğ’€­,*EN.LÃL EN.KI EN.GURUN EN.ZU Enheduana   ğ’‚—<?>ğ’…                           
ep/ip eb/ib eph B V F!,ğ’…,ğ’…,ğ’…,ğ’…,*OVal ~ euph ~ ep   ,oval   ğ’Œ‘ğ’…ğ’Šğ’Œ…ğ’…– Euphrates ğ¢ğ³ğ¼ğ ğ¬ğ¢,vs sag=Haupt/Herz ğ’… â‰  ğ’‰£   ğ’… â‰  ğ’‡»                           
F Farogh Ø§Ù„ÙØ±Ø®,ğ“…±,ğ“…¡,ğ“…±,ğ“…¡,Power frawahr@PERSIA,Alpha Roghas :) â†” Pharaoh Anzud / buru-az bird 'young chick' in Sumer Myth   'eagle'-tree of Enki,
*FIRTh 1.  'NUN',ğ’‰£,ğ’‰£,ğ’‰£,ğ’‰£,fiÌ€rt:first,foot,feet fight (f)irÃ®tu=Fort Eridu!! first  1st  FÃ¼rst  force!  foremost  famos  best  â†” en  nin  alt Æ’Æ’ ?? ğ’‰£ğ’† =f(Eridu)                
,,,,,,,ç¿’
I â† FI VI PHI,,,,,,,
I y VI!,ğ’„¿,ğ’„¿,ğ’„¿,ğ’„¿,5 vain vian vision,,
il,ğ’…‹,ğ’…‹,ğ’…‹,ğ’…‹,,,
in,ğ’…”,ğ’…”,ğ’…”,ğ’…”,*SCHIN! â†” ğ’‰Œ NI,schinden, schÃ¤nden!                          
ib job,ğ’…,ğ’…,ğ’…,ğ’…,,,
ir, ğ’…• ?, ğ’…• ?, ğ’…• ?, ğ’…• ?,fÃ¼r! (dative)  (f)ir ğ“‡‹ğ“‚‹ / R ğ“‚‹,sign: ğ’…•? ğ’Š‘?,èš ç¿’
ITUm ğ“†³,ğ’Œš,ğ’Œš !,ğ’Œš,ğ’Œš,ğ’Œ“ UD sheshig (Å¡eÅ¡ig),month â†” iterate ğ“†³ â†” ğ’Œ !,Ò»
,,,,,,,
,,,,,,,
,,,,,,,
H á¸ª K Q C,G,,,,,,
HU,ğ’„·,ğ’„·,ğ’„·,ğ’„·,Huhn! ğ“…± vs ğ’„© KHA â†” á¸ªá¸«r ğ’Š‘ ,see above,H HA KAğ’„© ğ’„«GAIR/MAT!                          
á¸«al,ğ’„¬,ğ’„¬,ğ’„¬,ğ’„¬,HALF â†” Keil,HALF ! ++ divide â†’ distribute,K vs AN!                          
hÌ®iÌ€sÌŒ *rayn *li,ğ’‚Ÿ,ğ’‚Ÿ,ğ’‚Ÿ,ğ’‚Ÿ,hiss ğ’Œ’ğ’‚Ÿ aÌrhÌ®iÌ€sÌŒ arise arian:people ,ğ’€­ğ’‚Ÿ light ilu BLITZ ğ’‚Ÿâ†” rise ray !,"Ã‰RIN erem  eren2  erim ERIN"                          
á¸«aâ™¡MURğ“‡ ++ KÃN,ğ’„¯,ğ’„¯,ğ’„¯,ğ’„¯,â¤ï¸hAMURğ“‡ KÃN:con,á¸«amğ“‡ +++ â†’ á¸¥alÄ«bğ“‡ Ù…Ø«Ù„,1) same similğ“‡ mwie'like Ù…Ø«Ù„ mipthl maid magt Magd ğ“‡ 2) á¸«ar:heart?  *á¸«ur:whore  á¸¥alÄ«bğ“‡ hoeb â™¡  lieb â†’ Kalb Lab!    ğ’† KI Kinğ’„¯UR:Amurâ™¡ğ’ˆ¹ Gaia  *hamn	*schamon? SHAM/HRAM Sahne/Rahm@PERSIA!! â†” ğ’€« mAmar?                        
á¸ªUR.SAG,ğ’„¯ğ’Š•,ğ’„¯ğ’Š•,ğ’„¯ğ’Š•,ğ’„¯ğ’Š•,ğŸ’• á¸ªART ğ’„¯ CÅ“ur  ğŸ’ KUR,mountain(top) 'Ursache' ??  â†” ğ’Œµğ’†  Urkidu~Akkad,Kur.Dach UrSache                          
á¸«ap al'á¸«ab LAGAB GUR!,ğ’†¸,ğ’†¸,ğ’†¸,ğ’†¸!,~GYR!  â—‹ KURA=Ø§Ù„ÙƒØ±Ø© â€¦ *lack/gap ++  ,*lack/gap:short!  vs gross Î³Ï…ÏÎ¿Ï‚ GUR4:groÃŸ, (ein)kreis KUR4(en)circle (niÄin) Ø§Ù„ÙƒØ±Ø©!  â†”ğƒHel / sHun!   koupå£ kÇ’u(phon) vs ğ’Œ“ D! ğ’‡‡OchğŸ / Ewe / Ohm =Iana  ğ’†¹ ğ’†º ğ’†» ğ’†¼ ğ’†½ ğ’†¾ ğ’†¿ ğ’‡€ ğ’‡ ğ’‡‚ ğ’‡ƒ ğ’‡„ ğ’‡… ğ’‡† ğ’‡‡ ğ’‡ˆ ğ’‡‰ ğ’‡Š ğ’‡‹ ğ’‡Œ ğ’‡ ğ’‡ ğ’‡ ğ’‡ ğ’‡‘ ğ’‡’ ğ’‡“ ğ’‡” ğ’‡• ğ’‡– ğ’‡— ğ’‡˜ ğ’‡™ ğ’‡š ğ’‡› ğ’‡œ ğ’‡ ğ’‡ ğ’‡Ÿ ğ’‡  ğ’‡¡ ğ’‡¢ ğ’‡£ ğ’‡¥ ğ’‡¦ ğ’‡§ ğ’‡¨ ğ’‡© ğ’‡ª                        
GUR QUR! ,ğ’„¥,ğ’„¥,ğ’„¥,ğ’„¥,ğ“‡KUR square![unit] ğ’„¥ vs ğ’†¸ GYR (Kreis),ğ“‡gir ğ“‡ğ“®ğ“‚»  return!  ^^  ğ’„¥gur:corn/gerste [MaÃŸ] ğ“Œ½  ğ“Œ(k)URne,â†” ğ’‡»LU  kou! å£kÇ’u(phon) vs ğ’Œ“ D!  happâ†”ESS ğ’„‘ LAGAB NIGIN2  ğ™ GHAIN!?                      
á¸«aÅ¡ tar,ğ’‹»,ğ’‹»,ğ’‹»,ğ’‹»,QUT â†’ cotton cover,ğ’‹» á¸«aÅ¡ has 7 meanings,SET? 7 Cá¸«at? Ishtar/Isis: ISH+ğ’‹» iset  am-qut=I-bow (fall/happen)                         
á¸«adt / pa,ğ’‰º,ğ’‰º,ğ’‰º,ğ’‰º,PA ,,hut/hat head! Ï€ â†” koP!   ğ’Œ’ qup ğ’†¸á¸«ap ! "UGULA ""overseer"" 1st "                         
á¸«ul,ğ’„¾,ğ’„¾,ğ’„¾,ğ’„¾,á¸ªUL,joy,â†”kur                          
á¸ªÃšB á¸«ub/p,ğ’„¸,ğ’„¸,ğ’„¸,ğ’„¸,HUB  ~ ğ’† KABana,left Foot ~ ğ’† KABana=Levante!, ğ’ƒ•Ga*Hub=*Gab  vs ğ’„Š GIRâ‚ƒ foot ğ’„½ ğ’„¼ hyper?  acrobat?                          
á¸«Ã© GEN: GANz / KAN,ğ’ƒ¶,ğ’ƒ¶,ğ’ƒ¶,ğ’ƒ¶,gen/ganze!/be/sein ??? <<<,GENâ„¢ ganz! (why?) to BE! bear child â€¦,ğ’ƒ¶+gal ğ’……=ganz viel   á¸«ar/á¸«ur ğ’„¯ ğ’„¯ ğ’„¯ ğ’„¯ á¸ªART ğ’„¯ CÅ“ur KUR mountain!                 
HU/UHR â†’ haur hour houl á¸ªUL ,ğ’Œ¨,ğ’Œ¨,ğ’Œ¨,ğ’Œ¨,vs ğ’‹›   gHUL~ğ’…†ğ’Œ¨  á¸ªUL:HÃ¶hle! HÃ¶lle @ Hades,Hora,Uhr  Hund! / Mund â†” dog:DAG   â†” ğ’Œ¨ğ’ˆ¤ ğ“ƒ¬ğ“ƒ¬=HÃ¶hle ğ’…†ğ’Œ¨ 'Hulu' = Bad hur?  eye-veil=evil? ğ’…†ğ’‰¡vice   ğ’Œ¨ğ’Š‘hUrri:'morning watch'                        
Huhn mus.hen MUÅ EN  ,ğ’„·,ğ’„·,ğ’„·,ğ’„·,see above,,
,,,,,,,
K/G ,ğ“¡,ğ“¡,ğ“¡,ğ“¡,ickğ’†ª vs kuğ’…—,, 
ga,ğ’‚µ,ğ’‚µ,ğ’‚µ,ğ’‚µ,*CA / *CO,Cow/CArry/CAlf! â†” GUD/GAL!  ,gee?  calf:'suckling' vs ge ğ’„€ KA/pÃ»ğ’…—                         
gu gÃ¡ ,ğ’„–,ğ’„–,ğ’„–,ğ’„–,*COrd ,cord â†” gum? rump hemp flax  guâ†”ğ’„— SÃ™á¸ªâ†”Tuch kur? ğ’” BÃšR :'8' !?!,
gal,ğ’ƒ²,ğ’ƒ²,ğ’ƒ²,ğ’ƒ²,GALle *GVAL *GVER   ğ’ƒ²gullarch:large ++  nağ“ti-gal,ğ’ˆ—lugal=RegalEr   ğºVO.gel  â†” Schar Å¡Ã r  Galle : black kala ğ“ ğ’ˆª mÅ«Å¡u=night Musen = ğŸœ birds,gver ğ“…© gval~gull swallow  ğ’ˆª mÅ«Å¡u night  Persian:  ğ²ğ¥mBaGal=(be)great   ğ’‚ğ’ƒ² Ã‰.GAL~hekal~Gallerie â†”  ğ’ˆ¤maá¸«! "rabÃ»:big kÄsu:cup ğ“¸ Å¡er:Scherbenâ†”shareåŠ! ra/ibbatu = ""10 000""  ğ’ˆªmelan:milan  vs  ğ’Œ‰ tur: klein  jung" *SE'R                        
LUGAL : legal Regel regalis ,ğ’ˆ—    ,,,,Å¡Ã r : SIR Shah ğ“‡“ å‡º  LU'ER : gaLORD,Zar Sir (Auf)Seher  man! ~ ğ’…•'ER'  ğ’ˆ—  ğ’ƒ²+ğ’‡½ Gallus!,king hebrÃ¤isch ×©Ö·×‚×¨â€ (CHA: Å›ar | shaik | KAN!) ğ’ƒ²+ğ’‡½                         
LUGA : Luka,ğ’ˆ—,,,,sar,ğ’Š¬ğ’Š’Å¡ar-ru SÃ¶R ğ’Š¬ğ’€¸ (Å¡ar-rum), ğ’Š¬ğ’Š’ğ’Œ (Å¡ar-ru-um) â†” gal+lu ğ’ˆ— to glue (ligature)                         
gÃ r kar ,ğ’ƒ¼,ğ’ƒ¼,ğ’ƒ¼,ğ’ƒ¼, ğ“Ÿ ?     ğ’ˆ¦ğ’„˜ğ’ƒ¼ Tiger,knob, a unit  cf ğ’‚µ  ğ’ƒ²   ÃDI digna ğ’€€ğ’‡‰.ğ’ˆ¦ğ’„˜ğ’ƒ¼ ğ’€‰ğŸ’§.Taiggar                           
ig/Äal,ğ’……,ğ’……,ğ’……,ğ’……,ğ“ƒ¹ & ig/Äal â†’ ğ’ƒ² â†’ IG !?!     ,to be! exist! ğ“ƒ¹ HaSein door!? ğ“ƒ¹ ğ“‰¿   guinea,á¸«e-em ğ’…= Imme = Bee ğŸ ğ“†¤                           
gal,ğ’ƒ²,ğ’ƒ²,ğ’ƒ²,ğ’ƒ²,ğ’†— ğ“…«GWAL | GVERğ“…ªğ“…¨  ğ’„¨    KALğ“…©klein,GVAL ~ Schwalbe swallow viel voll!  vs GVER very sehr  â†” shar,gale gull ğ“…ª ğ“…« ğ’ƒ²ğ’€AK:act !!  agver ğ“‹´ğ“…¨ğ“‚‹ğ“‡‹ğ“ˆ—ğ“€  aqua:drink  GVERğ“…ªguerreğ’€war!                           
kal gal9,ğ’†— Q,ğ’†—,ğ’†—,ğ’†—,GAL ~ ğ’ƒ² gewaltig  ğ’†— â‰  ğ’„¨ ,strong stag! stark!... ğ’ƒ²GAL ğ’†— groÃŸ vs ğ’„¨ ÄuruÅ¡ = klein.culein!,GAL ğ’†— vs ğ’„¨GURr  kala:schÃ¶n wertvoll  call:reenforce                         
ÄuraÅ¡  kÃ¹r/gur,ğ’„¨ Ã˜,ğ’„¨,ğ’„¨,ğ’„¨,Äur*a = Â¬GroÃŸğ’†¸ = Ã¸  ğ’†— â‰  ğ’„¨ ,klein! Äur-aÅ¡ = KR*AS  ğ’†¸*ğ’¹=ğ’„¨  ungroÃŸ = klein krei'n Ã¸ Ã˜ Â¬Kreis UmKreis,â†” lal=little                          
GUR,ğ’†¸  O,ğ’†¸,ğ’†¸,ğ’†¸,GYR *CYR â€¦ â—‹ ++ *KURA=Ø§Ù„ÙƒØ±Ø©,Î³Ï…ÏÎ¿Ï‚ groÃŸ, kreis  â†” ÎºÏ…ÎºÎ»                          
(ZÃZ) tÃ Å¡ ÃÅ  ,ğ’€¾,ğ’€¾,ğ’€¾,ğ’€¾,*Cyrs  TES : T+ASH ,curse! â†” KIS ğ’†¦court! â†”KurS,kuÅ¡ ğ’…–   tomb  ğ’…–  ~E!?!                         
KIS,ğ’†¦,ğ’†¦,ğ’†¦,ğ’†¦,*Cyrth ,court(yard) â†” Kirschen,â‚¸é£ƒìˆ 
Kush kuÅ¡ ,ğ’…– ,ğ’…– ,ğ’…– ,ğ’…– ,*KurS contra- â†” ğ’…–isÌŒ- dis- mil *Himmel???,Kurs: mountain, Kassite/Syrus: official course:river   ğ’…– SAHÌ®AR:Sahara-dust Staubâ†”Steppe                         
G Å  ğ“‹´ Ga bisagÌ‚,ğ’‚· ğ’‘ ,ğ’‚·  ğ’‘ ,ğ’‚·  ğ’‘ ,ğ’‚·  ğ’‘ ,ğ‚ G ğ¥GA ğ¦GU ğ’ƒ· GAN ğ’‚¼GAIA ğ’‘ G Å  ğ“‹´-,gaz:casa:house@goth â†” HauSa  basket:SACK! ,1/NI/ihn  ğ’‚¼=GAIA=mAma: Mother goddess / love / breadth<<breast    Ganğ’ƒ·  ğ‚ G ğ¥GA ğ¦GU                       
GAD,ğ’ƒ°,ğ’ƒ°,ğ’ƒ°,ğ’ƒ°,CUT! linen cloth vs PA!  vs ES!!  vs KU=cut:kleid,!?,vs å£ [å£] kÇ’u(phon)                          
Gim kim DIM2,ğ’¶,ğ’¶,ğ’¶,ğ’¶,*GYNâ€¦KIN ğ’† ğ’ˆ  KIM : comme (wie!),generate, gyn:gones:KIN! | dom                          
Qab GABA Du8,ğ’ƒ®,ğ’ƒ®,ğ’ƒ®,ğ’ƒ®,*grave ğ’ƒ®ğ’‰Œgate *chief ğ’ƒ®ğ’ƒ²,,
GI ge,ğ’„€,ğ’„€,ğ’„€,ğ’„€,*Reed ğ“‡‰ğ“‡… â†” ğ’„„ return  <?>ğ“‚»goğ’ƒ² ğ’Œ¦,read â†” Reet reed â†” tube / near vs  	ğ’ŒŒ royal roady,reed:read/write â†” dub:tab.let ??                         
GI4  GI-gunÃ»,ğ’„„,ğ’„„,ğ’„„ !,ğ’„„,taÌ‚ri:turn ++  ğ“‡ğ“®ğ“‚»    ğ“…±ğ“‚» ,[re]turn ğ’„„ return â†” reet ğ’„€ ++, gi5=KI ?                         
*GEN Å AM! âˆ‘ Å¡an,ğ’‰“,ğ’‰“,ğ’‰“,ğ’‰“,gÌƒ Î³ Î“ *gen[ital] scham âˆ‘,ğ’‰“ sum â†’ buy, price  margin!      Å AM:sham:Scham Samen! =  è€» chÇ = Å¡an:shan:Schande Schind Schend... vs é‡‡cÇi vs è´­ gÃ²u kauf  å±ˆç¾ç§ ğ’‰’ NIN.DA Nutte *mauschel *masche! ğ’‰’                    
GIN *GIR ra 'du'  ,ğ’º,ğ’º,ğ’º,ğ’º,di/bi? ğ“ƒ€ ğ’ D' Deus?  GIR â†” gairğ’„Šâ†”FuÃŸ,du:do/go! gin gehen Gian! EnheDuanna ğ’ºğ’€­ğ’ˆ¾ Dianna â†” Inanna! â™€,ğ’BADğ“ƒ€PODğ’ˆ¦ğ’‡ğB   D' Deus?                       
GIRâ‚ƒ,ğ’„Š,ğ’„Š,ğ’„Š,ğ’„Š,ğ“…GAIR/MUT   â†” ğ’º GIR,GINI!,Geier giro? Foot root/road/rotğŸ”´ Pod ğ’‡ ğ’ˆ¦ ğ’ vs ğ’„¸ ğ’„½ ğ’ŠŠ 	 matress:ğ’„« <?> ğ’ŠŠ vs ğ’„¸ á¸ªÃšB foot!  ğ’† Kabana:Left foot giro vs Î³á¿¦ÏÎ¿Ï‚ â—‹                        
GIR2 GÃR,ğ’„ˆ,ğ’„ˆ,ğ’„ˆ,ğ’„ˆ,GERâ„¢,knife dagger razor sword,   
GIÅ ,ğ’„‘,ğ’„‘,ğ’„‘,ğ’„‘,C:â€™Ceâ€™,Cis,wood â†” ğ’„‘C Eschen ğ’Œ vs trees ğ’Œ << AR                        
GUD,ğ’„,ğ’„,ğ’„,ğ’„,KuhDear Cow  vs  â†” ğ’Š©cun(t),bovid â†” Tier deer dear dea! ğ’ˆ¬ Muh/Kuh=Gut,AX OX BuLeo? Bull  ğ’ŒŒu.gud ni.gal = Â¬ğ’„ = far! OX                        
Äu ğ“ğ“…“ Mu my mIa!,ğ’ˆ¬,ğ’ˆ¬,ğ’ˆ¬,ğ’ˆ¬,*naMa# guTea!,GÅ‹um! ÄuDear/dear/year:Ianna/lLAMo=ğ’ˆ¾ğ’ˆ¬NaMe#  ğ“…“ moi~Äuğ“¡ğ“¢ğ“€~iCHu  ğ’Œ‹ğ’¯ğ’ˆ¬=ğ’ˆ¹ğ’€­â™€,ğ’ ğ’ˆ¬ZAG:cycle! dear â†’ son <?> phallus  tahÌ®/dağ’ˆ¬ğ’ˆ¬ adda ++ much more mas vs schar gal:gar:groÃŸ   Motteâ†”Notte:night! Nutte ğ“„Œ  GNiÃº ç‰› ğ“„ğ“± gnu-years-feast ğ“„  ğ“‡‹ğ“†µğ“‡³ â†”Khnum? ğ“¸ğ“ƒ?  â†” night ghoul ğ“ğ“…“ GuDea â†” ğ’¯ Dar                         
Gur ,ğ’„˜,ğ’„˜,ğ’„˜,ğ’„˜,Hu: ğ’„˜  è™é—¨ HÇ”mÃ©n  ,æ²³ river-bank, side  Halys Hals:Gurgle Kehle æ²³  â†’  yield  Kur:tax+    ğ’ˆ¦ğ’„˜ğ’ƒ¼Tigris è™=tora   ğ’„™ ğ’„š gun ğ’„ ÃšSAN     å–‰ hÃ³u å­ hÃ¡ng å—“ sÇng  GU2  TIK | gun2 (gu2) / talent [5551x] = unit of weight (1 mina = 60 shekels. 1 talent = 60 mina)  load                   
GALAM,ğ’ƒ´,ğ’ƒ´,ğ’ƒ´,ğ’ƒ´,SUKUD â†” ğ’ŒŒ sakkad, height, altitude ğ’ŒŒ u.gud niÄul   QUER? ğ’†œ â†”  ğ’  long                         
GÃN KUN DUN3,ğ’‚…,ğ’‚…,ğ’‚…,ğ’‚…,CORN! ğ“Š‹  ğ“ˆğ“„¿ğ“…±ğ“ˆ’ğ“¥ğ“‡¡ğ“Œ½   KUR vs URU!,Shekel/Price grain!? ğ“ğ“›ğ“,ğ’†kaban covern vs grains   ğ“ˆ  ğ“„¿  ğ“…±  ğ“ˆ’  ğ“¥  (corn) vs grain  ğ“ˆ–  ğ“Šª  ğ“‡‹  ğ“‡¡                          
,ğ’‚† ,ğ’‚† ,ğ’‚† ,ğ’‚† ,,, (C
,,,,,,,
K,,,,,,,      
KAM,ğ’†š,ğ’†š,ğ’†š,ğ’†š,*Kamm,vs SAR! ,Kamm? comb?                          
KAN KAM KÃ GA!,ğ’†,ğ’†,ğ’†,ğ’†,KAM < HÃ©iM ğ’‚    Gate<Het,HÃ¼t ğ’‚,Kammer! Gate!                          
á¸«ap GUR â†” eS*,ğ’†¸,ğ’†¸,ğ’†¸,ğ’†¸,ğ’‹§+ğ’†¸=ğ’Š¬ Sharru/scribe,see above,kou! å£kÇ’u(phon) vs ğ’Œ“ D!  hapâ†”ESS ğ’„‘ LAGAB NIGIN2          ku! kÃº GU7  ğ’†ª ğ’†ª ğ’†ª ğ’†ª qu coutch:sit rump kou! å£kÇ’u DAB5 [8723x] = to seize  take  hold  to bind  to envelop  overwhelm  to choose  æ—¥ æ›° â†” kou å£
KAD.PIÅ /PEÅ  p/biÅ¡ pÃ¹Å¡  k/gir,ğ’†’,ğ’†’,ğ’†’,ğ’†’,kad/piÅ¡/peÅ¡ : ğ’†’=ğ’„« cat.fish! ,FISHâ†’to breathe, innards  descendant  to give   H ğ’„· ğ’„© ğ’„« ğ’†’ ğ’…‹ catfish~ğ’„©HafiÎ´ Ø§Ù„Ø­ÙÙŠØ¯â†’Neffe(Narfi)  NarWal vs ğ’‰ NIM : insect                       
KAM/gÃ¡m/AM,ğ’„°,ğ’„°,ğ’„°,ğ’„°,*âˆ‘AM *COUNt # sekUMde ğ’„°â†’ ON UN #,(suffixed)numerals 2.-eme, Count? 7 TU7:soup SU+B super? <<                         
KIN,ğ’†¥,ğ’†¥,ğ’†¥,ğ’†¥,âˆ‘ kin con  ğ’ƒ¶ğ’……ganz,ğ’†¸ğ’†¥ totality, world â†” Earth: dadmÅ« totality                         
KI Geo *URğ“Š–n,ğ’† ,ğ’† ,ğ’† ,ğ’† ,ğ’† ğ’ˆ  comme,(suffixed)place â†” Urus ğ’Œ´ğ’Œ·,UR ğ“Š– KE/GEO/Gaia ğ’† ğ’´=ğ’†¢UR+Dğ’†£=earth/Ortğ’†¡Bad   ğ’† ğ’ˆ  ki.ma:comme genau wie                          
KUd HA,ğ’„©,ğ’„©,ğ’„©,ğ’„©,ğ’„©*COD vs ğ’„ªHU ğ’„·â†’cat.fish piÅ¡ ğ’„«ğ’†’	 ,ğ’„«cod = piÅ¡ = fish! peÅ¡  ğ’†’	 QED! PSI Ïˆ  â†” ğ’†’Æ’,ğ’„© â†’ ğ’„ª                          
KU qu  (DÃšR TUKUL TUÅ ) ,ğ’†ª,ğ’†ª,ğ’†ª,ğ’†ª,ğ’‹¡QA:Ka ğ¤ Ku qu cu zu su TÃºch ğ’Œ† !?,coutch:sit rump KuRA æ—¥ æ›° â†” kouå£ Ku  ğ’†¸ KUR ! garden  ğ’Š¬ cyr | shar=green,â†”squarea   ğ¤ Ku                       
KÃ¹re *KAS.PURE! *SI.pure,ğ’†¬,ğ’†¬,ğ’†¬,ğ’†¬,KÃ™:Kupfer chor@SEM Erz vsğ’†¬KAS.PURE silber!!++ deep! ,chor@SEM:cure,clear pure chrys  (ØµØ§ÙÙŠsafi)  ğ’†¬C-bar= SI.barber=Silber Barren! sibar vs copper/bar  ğ’†¬ vs ğ’‹ƒğ’†·bent?   ğ’†¬  ğ“Š‹ angle.bent.corn  *KURV con*CAVe    ku ğ’†ª kÃ¹ ğ’†¬  ku4 ğ’†® â†’ ğ’†­ school?enter                      
KUR sÌŒat nat,ğ’†³,ğ’†³,ğ’†³,ğ’†³,*Terra 3  sÌŒat â†’ kt ct  native ğ’†³ saat : son!! ,Kur~Flur: land wild ğ“¡ğ“  ,TER TER TRA 3 ğ’†³ !!! â†” ğ’Œ 30 â€˜allâ€™ ? ğ“‡¾ğ“‡¿ğ“ˆ€ğ“ˆ…ğ“ˆ‡                         
KUÅ  / Sub,ğ’‹¢,ğ’‹¢,ğ’‹¢,ğ’‹¢,kuschel kuss subï¿¬skin ğ’‹¢ğ’ˆ¬Soma!,sub: submerge, flesh  hide  kiss! SU ğ’‹¢ vs ZU ğ’ª DU! ğ“¡ â†” ğ“‚§ Khad Kappa Cheiro? fur kuschel cushion Kissen LEDR ZU ğ’ª DU!                       
k/gÃ¡n GAN2,ğ’ƒ·,ğ’ƒ·,ğ’ƒ·,ğ’ƒ·,*ACKAğ’ƒ¸ GÃN ğ’‚· GA ğ’‚¼GAIA ğ’ƒ¸GARi  gArea aGra,Kamp:field, unit of area / sur-face ğ’ƒ¸ game?                         
kab/p gÃ¡b/p,ğ’†,ğ’†,ğ’†,ğ’†,KAB Kabana! â†” ğ“„— ,Left foot ğ’„¸ á¸ªÃšB ~ Kabana=LeftHand=Levante!!!,
KA/pÃ» qop!?,ğ’…—,ğ’…—,ğ’…—,ğ’…—,kop ğ’…—â‰ ğ’Š•ras SAG!,muru ğ’‰  mouth/gate ğ¸â†” copulate ğ’…—  quib:drink+ğ’bad=poison,ğ’€ğ’…—ğ’ºğ’Œ‘ Ak.ka.du.u akkadian                          
ka kouå£,ğ’…—,ğ’…—,ğ’…—,ğ’…—,kau/cha/ca â†”du/thÃ»/ca/zan/zu2 â†” puğ’…¤ mou,â‰  ğ“‰   ğ’…—ğ’€€ 'Kauer',chew ğ’„‘ğ’„‘ å£kÇ’u!  k.A.  ) ~ ğ’„­å£ğ“‚‹kra:cry chatâ†’SAGğ’Š• chew kau ka+pu=qabÃ» Kabaleâ†’ğ’Š•   pÃ» bÃ¹ ğ“Šª å£                     
,,,,,,,'
ras SAG,ğ’Š•,ğ’Š•,ğ’Š•,ğ’Š•,ration!â†”ERâ‰ KOPğ’…—,savoir å±± vs æ‰‹,rasho=rako=recon? k.p Kopf vs l.p Lippe ğ’Š”  ğ— Rasha                        
Dug TU! zu2 ,ğ’…—,ğ’…—,ğ’…—,ğ’…—,pthÃ»/ca/zan/zu2,du:DO! tu dug: talk!  drink! â†”tongue?,ğ’„‘c->zahn zanke Akk. Å¡in zinke[nose] zan->khyn->hyena-hÃ¼ndin kan4~gate                         
kar/*gari?,ğ’ƒ¸,ğ’ƒ¸,ğ’ƒ¸,ğ’ƒ¸,kar â†” kur=high     *gariğ’ƒ¸=ğ’ƒ·gan   *Rib rayb rebe,shine, rise â†” sun.ray ğ“‡³  â†” ğ’Œ’ğ’‚Ÿ  kyr cy â†” zieh ğ’£ rise? sÃ¸ux                        
kaÅ¡/gaÅ¡,ğ’‰,ğ’‰,ğ’‰,ğ’‰,BI/DI!,BI: beer,beer chavez                         
kib/pib,ğ’„’,ğ’„’,ğ’„’,ğ’„’,GIÅ Ã—GIÅ -tenÃ» ğ’„‘*ğ’„•," old sign Å¡allÅ«ru  Õ½Õ¡Õ¬Õ¸Ö€ (salor, â€œplumâ€) -ing  ciruela  ğ’…ª	" pruim ğ’„’ â‰  ğ’†™                           
kir/gir,ğ’„«,ğ’„«,ğ’„«,ğ’„«,GIR~HA,â†” PES/FISH! ğ’†¨  ğ’€Ÿ?,
kiÅ¡,ğ’†§,ğ’†§,ğ’†§,ğ’†§,KIÅ H ğ’† ğ“…  *GEOS ghost! ğ’„‡,totality, world ğ’†  â†” Å¡ar/hel ğ’„­ğ’†¨ kaspian â†” ğ’…Šzig?      ğ’†§ğ’ˆªğ“…“ğ“…ğ“ monde â˜¾â˜¾â˜¾ gaia earth?  â‰  ğ’Šcess:stand                         
KISIM_5,ğ’†¨,ğ’†¨,ğ’†¨,ğ’†¨,Phishim ,FISH vs ğ’‰ NIM : insect,ğ’†©pisces    ğ’€–AB  ğ’ƒ´ ğ’†§?                          
KASKAL,ğ’†œ,ğ’†œ,ğ’†œ,ğ’†œ,*PATH bÃº ~ iÅ¡ ~ uÅ¡ @ elam  vs PAP kaskade,way, road  journey  caravan | DANNA = mile  ğ’†œ â†”  ğ’  long !  *roady   ğ“¯ Rogue road                       
kat/kad/gad/kid/t9,ğ’ƒ°,ğ’ƒ°,ğ’ƒ°,ğ’ƒ°,gad,CUT : linen, flax see above                         
kul *kur,ğ’†°,ğ’†°,ğ’†°,ğ’†°,KUL *courier â€¦   NUMUN seed ,run â†” kul ğ’„ ral, roll (ball  spindle)                         
kÃºl gul,ğ’„¢,ğ’„¢,ğ’„¢,ğ’„¢,GUL / SUN,smite,carve    â‰   ghoul = galle = bad                          
kum/gum/qu,ğ’„£,ğ’„£,ğ’„£,ğ’„£,??,crush,gag[Knebel]                          
gaz,ğ’„¤,ğ’„¤,ğ’„¤,ğ’„¤,GAZ= GUM x SHE (gam*zhe),Gaza gas : kill, destroy :(                          
kur!,ğ’†³,ğ’†³,ğ’†³,ğ’†³,KUR,LÃ¤nder,  ğ– QOPA ? SAMKA                       
KÃšR,ğ’‰½,ğ’‰½,ğ’‰½,ğ’‰½,KREI?,war KUR!? Krieg Kreuz,critic ? KR/REI? CRI.TIC â†”  ğ“´ X ğ“µ  ğ„‚ Ï‡ âœ“â˜‘ ğ“²                         
,,,,,,,
,,,,,,,?  ğ„‚ Q
L,,,,,,,
aLÃš hERr !,ğ’‡½,ğ’‡½,ğ’‡½,ğ’‡½,el, le, los  las â€¦ vs EN ğ’‰Œ ihn  see above     man  vs ğ’…•'ER' ! MAN/SIR?/ER?/ELU?                       
lal,ğ’‡²,ğ’‡²,ğ’‡²,ğ’‡²,LAL  vs lam: ğ’ƒ¸ğ’‡´=rise,LIL=little! see aboveâ†” LAL, ğ’†·ğ’‹ƒ L! L ä¹š ğ’‡³bi åŒ•                         
la *NA!,ğ’†·,ğ’†·,ğ’†·,ğ’†·,ğ’†·Â¬ *NA!ğ’†· â†” ğ’‹ƒ Å ID â†” ğ’‡³ğ’‡²LAl little l vs r ğ’‡² ,ğ’†·ğ’Œ’ğ’²na.ar.di=nard++ bend lateral? â†” LAL    ,ğ’†· â‰  Å ID ğ’‹ƒ                          
le li / tu,ğ’‡·,ğ’‡·,ğ’‡·,ğ’‡·,LitTle LET:lass   ğ’Šºğ’Š­â™¡Å AD/KID,branch pure â†” Wash:loundry â†” LAL: Little!     ,ğ’Š­ *heart ~ ğ’Š®ğ’„®sHarT  lieb? Little: ğ’‡·LIğ’Œ…TU tum â‰  ğ’Œ tier:tree  ~ ğ’‡· ææ”¯ zhÄ« zweig ast â‰  å¿ƒ xÄ«n Å ağ’Š­â‰ ğ’‹«ta staur ğ’´ tim                          
lu LOT     ,ğ’‡»,ğ’‡»,ğ’‡»,ğ’‡»,ğ’‡» *LAM â‹ oR!am ğ“ƒ¶ SHEEP!  â†” LA.HAB ğ’†¸ al.shaph ,),Lamm slumber sleep sheep ğ’‰ºğ’‡»SIPAD=shepherd=Pa.sheep !!! ğ’‡»LU:lot:heap+++  LOT:let:ğ’‡· vs Lam? vs ğ’Š®qHat qvart   ğ’‡»luâ†” ğ’¢lust/lamm:eze:sheep  ğ’‡»ğ“‹¹ğ“‹© sacre ğ’Šºğ’„·ğ’†   ğ“ƒ¶ sheepure â™€ square Å¡ğ’Š® kou å£ goat                        
Lig UR #RW ğ“ƒ¬,ğ’Œ¨,ğ’Œ¨,ğ’Œ¨,ğ’Œ¨,*LEU *MUR ğ’Œ¨ <?> ğ’Œ· #RW ğ“ƒ¬ RÃ¤uber UrbÃ¤r,),Leu(bright?) Leo Lion Lupus (Dog) â†” ğ’…†ğ’Œ¨ HuLu=bad!?! à¿•åkwan/manå lupus/leo/leute Ã©kÃ­rÃ¡s  servant                       
liÅ¡ LIÅ  DILIM2 DILI2,ğ’‡º,ğ’‡º,ğ’‡º,ğ’‡º,LÃ–: LYS! laddle, Lot, dilisâ„¢ delicious dish!   ğ’‡ºğ’„¯ğ’ lisÌŒ-hÌ®ar lyse lÃ¶sen                          
LUL lip *LAILAS NA4 ,ğ’ˆœ,ğ’ˆœ,ğ’ˆœ,ğ’ˆœ,LÃ–S! lys      *Gnaistone Æ’,stone = lapis!  <!?!> gnost ghost?  ğ“…“night-lilith  â‰  al'hezara,1
LAÄ laÇµ laÄ,ğ’ˆ›/ğ’†· ?,ğ’†·,ğ’†·,ğ’†·,LOCH LICHT no lack of LACH!!!  LAGH LaÉ  ,ğ’‡±  LAHSHU lahhuÅ¡u pot,Ë¡
luá¸«,ğ’ˆ›/ğ’†· ?,ğ’ˆ›,ğ’ˆ›,ğ’ˆ›,LUá¸ª! = laugh?  â†” ğ’†· ?   ğ’‡³,Lu=toilet light Lulu lush laundry ,sukkal => civil ?? lack:milk â†” ğ’„¯                         
LU3,ğ’ˆ–,ğ’ˆ–,ğ’ˆ–,ğ’ˆ–,,lys^^ mix, stir  stÃ¶r: disturb     ğ’²ğ’ˆ–de+stir=disturb !!!                         
LU aLLa?,ğ’‡½,ğ’‡½,ğ’‡½,ğ’‡½,LE la les las los lui ... al el il,man! ~ ğ’…•'ER'  ğ’‡½ â†” ğ’ˆ—Æ’:Lugal:king *Bal.us,man/he/who/which !                          
LUGAL : legal Regel regalis ,ğ’ˆ—    ,,,,Å¡Ã r : SIR   Lugal â†” Gallu?,Zar Sir (Auf)Seher  man! ~ ğ’…•'ER'  ğ’ˆ—  ğ’ƒ²+ğ’‡½ Gallus!,king hebrÃ¤isch ×©Ö·×‚×¨â€ (CHA: Å›ar | shaik | KAN!) ğ’ƒ²+ğ’‡½                         
LUGA : Luka,ğ’ˆ—,,,,sar,ğ’Š¬ğ’Š’Å¡ar-ru SÃ¶R ğ’Š¬ğ’€¸ (Å¡ar-rum), ğ’Š¬ğ’Š’ğ’Œ (Å¡ar-ru-um) â†” gal+lu ğ’ˆ— to glue (ligature)                         
LU å,ğ’ˆ”,ğ’ˆ”,ğ’ˆ”,ğ’ˆ”,Luft â†” air ğ’€­â†” Arier Leute ğ’‡½ fLugal,Luft?,Luft!?  ğ’…’ å ğ’ˆ” ğ’‡«                          
lum,ğ’ˆ,ğ’ˆ,ğ’ˆ,ğ’ˆ,ELAM ville full,Elamite : ğ’ˆğ“¿ğ€· ~ Susa,lamdaâ†”gamma?                          
lam,ğ’‡´,ğ’‡´,ğ’‡´,ğ’‡´,â†” ğ’ƒ¸ gArise,flourish (!?!),vs kal ğ’†— stark=stag=lamm                          
LAGAR,ğ’‡¬,ğ’‡¬,ğ’‡¬,ğ’‡¬,sharman, priest,vs LU=man!                          
,,,,,,,
M,,,,,,,s LU=!
mÃ»A mwA !?,ğ’€€,ğ’€€,ğ’€€,ğ’€€,phA / rA,,Proto-Semitic / Proto-Asiatic!! *maÊ¾-  *may- Ù…ÙØ§ â€¢ â€(mÄ=what!?!) mwha?  ğ“…“ ğ’€Aa passion: a-as-si-ya = love a-as-ta: rest  pass eaten-se=they-eat warum? vatta voier=Ã¤u''er'                       
MIN / *ZWAIN,ğ’ˆ«,ğ’ˆ«,ğ’ˆ«,ğ’ˆ«,2 men é—¨ é–€ mÃ©n 2 double!  ğ’‹° â‰  ğ”,vs imin,amen=7 vs                          
IM,ğ’…,ğ’…,ğ’…,ğ’…,IM/MUD/MOOD,mud(brick) mood(storm),á¸«e-em ğ’…= Imme = Bee ğŸ ğ“†¤  â†” ğ’ˆ¨ AM/ME I am!                          
IMIN,ğ’…“,ğ’…“,ğ’…“,ğ’…“,SEVEN?,AMEN?!?,   
Mar/*ta,ğ’ˆ ,ğ’ˆ ,ğ’ˆ ,ğ’ˆ ,ğ¶Mağ¾Ra ğ“ˆ—ğ’¹ MARğ’ˆ SEE ×ğ’‹›ğ’ˆ£  ÂµğMem  Â¬ ğ’‡² Âµ,ğ’ˆ mar->port ğ’„‘ğ’ˆ =shiport=boat++  land Âµ â†” ğ’€€ = mwA: aqua:water flow notÂ¬â†”ğ’‰¡no!,ğ’ˆ ğ’ˆ¾=Mine[MaÃŸ]!! meter mare marine=ship!! ğ’ˆ¹ Ma.Ianna! ğ’ˆ¹Magia! approach  ğ’ˆ£ğ’ˆ¢â†”  ğ’Š‘ ra/tal king   ğ¶Ma ğ«Ta ğ’ˆ¹ ğ·Mi ğ¸Mu  æ²¡  ğ’ˆ  â‰  UR ğ’Œ¨ Leu   ğ’ˆ  ×Ù…ğ’‹› MAR/SEE ğMem Â¬ ğ’‡² ğ¶Ma ğ«Ta ğ’ˆ¹ ğ·Mi ğ¸Mu                       
MUG,ğ’ˆ®,ğ’ˆ®,ğ’ˆ®,ğ’ˆ®,oakum,wool!  pubic hair? â†” womb MuMu: ğ’Š© Frau wollen,Â
me / a,ğ’ˆ¨,ğ’ˆ¨,ğ’ˆ¨,ğ’ˆ¨,me â‰  ne,I'AME  ğ’ˆ¨ğ’Œ meso:medi:mitte? Masse,MaÃŸ ++ I'AME vs  be ğ’ˆ¨=ğ’€€ğ’€­ estar I'am sein  â†” ğ’ˆ¨ = M+ES=mes mas=more                     
MAR,ğ’ˆ¥,ğ’ˆ¥,ğ’ˆ¥,ğ’ˆ¥,ğ’ˆ¥marâ†”radğ’‹¥ ğ’€´,mar/ s'mar = smear +++  (to mar=verderben),
mÃ© mi gig gim:khem,ğ’ˆª,ğ’ˆª,ğ’ˆª,ğ’ˆª,mal/melan/chemğ“†   gig:Å¡ick [night!],melan:black â†”ğ“† ğ“¡ğ“¡Galleğ’ƒ² darkukuğ’ˆªğ’ˆª  gim:khem:kÃ¤mmen ğ’ˆª,gime~khem : BLACK ğ“ ğ’ˆª (mÅ«Å¡u) = night (1 8 moon?)                         
MUÅ  INANNA,ğ’ˆ¹,ğ’ˆ¹,ğ’ˆ¹,ğ’ˆ¹,Muse Muschi Maske Muster Matter MaÃŸ Mathe, [107x] face, appearance  [81x] flat space  holy area  MÃ™Å xA=SED ğ’ˆ» ğ’ˆº winter rest  ğ’ˆ¹ Ma'ianna! dinana                      
MURGU2 / egÌ‚ir6,ğ’ˆ±,ğ’ˆ±,ğ’ˆ±,ğ’ˆ±,MAR ğ“ˆ— ğ’ˆ±â†’ ğ’€€ qed merge? ,~MAR!  Elamite : ğ’ˆğ“¿ğ€· ~ Susa vs ğ’Œ ğ’ˆ± ,(MURGU2) (egir6) = [10x] back  estate  inheritance | mur7 [0x] = excrement    ğ’‹ Sig                        
MUÅ  MARS â™‚ | INANNA~YFEMâ™€,ğ’ˆ¹,ğ’ˆ¹,ğ’ˆ¹,ğ’ˆ¹,ğ’ˆ¹Musteaâ™€=*HI/FM! high heilig â†” ğ’„· Muse Muschi,femme,form farm [107x] face  MaÃŸ  appearance:ğ’ˆ¹Muster [81x] flat space  holy area  MÃ™Å xA=SED ğ’ˆ» ğ’ˆº hiver! Ã¼ber- ğ’ˆ¹winter rest  Hiberğ’ˆ¹nate  ğ’ˆ¹ Ma'ianna! dinana  ~ ğ’ˆ²ğ’ˆ¶ MUÅ : snakes! mar@pers â†” bird!  *MARS + MURS! Yva Eva Yvonne Â¥ Hifemme! [hiphon himen ...] MarIanne               
MUÅ EN / ğ’„·ğ’„­Mutğ“…‘ Huhn  ,ğ’„·,ğ’„·,ğ’„·,ğ’„·,Maisen Musenğ“… HUHN! ğ“…± vs ğ’„© HA ğ’ˆ¨  ,(suffixed)bird HU: H+U !!! high(flood)   leihr=nature! samiÄka  Ø§Ù„Ø¯Ø¬Ø§Ø¬Ø© dagaga kÃ¼kos  ğ’„·ğ’„­ğ’ˆ muerta,niÇo é¸Ÿ Î¼oi ğ“…“ ğ’„·HOR?ğ“…ƒ ver vol? ğ’ˆ¨Maat ğ’ˆ¨Mes = parÅ¡u â†” birds?                         
MUÅ  *MARSHğ“†‘,ğ’ˆ²,ğ’ˆ²,ğ’ˆ²,ğ’ˆ²,Marğ“†‘@PERSIA ğ“†™ğ“†‘ğ“†“ ğ“†— ,ğ’ˆ²ğ’‰¿ğ’‹¾ sÌ£er-pe-ti serve serpent snake! â†” ğ’ˆ± ğ’ˆ¹ Ma'ianna! dinana,saÄkal serpent snakes! ğ’€¯multi Muschi(fish ) ğ’ˆ² â†” ğ’pÃº/TÃšL=long!                         
MUğŸŒ’ Äu ,ğ’ˆ¬,ğ’ˆ¬,ğ’ˆ¬,ğ’ˆ¬,nağ“me!my!  new moon ğ“ğ“…“ moi,mon,GÅ‹um! ÄuDear/month-year:Ianna/llamo=ğ’ˆ¾ğ’ˆ¬naMe#  ğ“…“ mon/moi~Äuğ“¡ğ“¢ğ“€~iCHu â†”ğ’€¯more ğ’ˆ­ tahÌ®/dağ’ˆ¬ğ’ˆ¬ adda ++ much more mas vs schar gal:gar:groÃŸ     ğ’ ğ’ˆ¬ZAG:cycle! dear â†’ son <?> phallus ? ğ“„Œ  GNiÃº ç‰› ğ“„ğ“± gnu-years-feast ğ“„  ğ“‡‹ğ“†µğ“‡³ â†”Khnum? ğ“¸ğ“ƒ?  ğ¶ğ ğƒ mÄhan month moon ğ“…“ğ“ â€¢ (mÃ¢h) Ù…Ø§Ù‡                        
masÌŒ pÃ¡r/bar/BÃN,ğ’ˆ¦,ğ’ˆ¦,ğ’ˆ¦,ğ’ˆ¦,maÅ¡ vs PAN:goat,half! ğŸ» / MAS++ â†” ğ’ˆ§ goat:masÌŒ â†” pan / pin ğŸ»,+IMas/PR+plus ğ’ˆ§ LÃš+MÃÅ DA = poor man ??  â†”  ğ’ˆ¨ ME+ES                          
*ğ“¹ğ“‚‹,ğ’…—,ğ’…—,ğ’…—,ğ’…—,ğ“Œ»ğ“¹ğ“‚‹make,mouth,mot (word)  ğ’€€ğ’ˆ ğ’Œ… famatu: pheme mot mouth word! ğ“¹ğ“‚‹ğ“Œ»  VS    KA/pÃ»/pthÃ»/ca/zan/zu2/Î´U/du/do!                           
,,,,,,,ç¿’
NE ğ“ª BÃ­r der3 DI,ğ’‰ˆ,ğ’‰ˆ,ğ’‰ˆ,ğ’‰ˆ,N [plural] ğ“ª ğ“¤ğ“¤ğ“¤ ğ“¼,NE é‚£ nÃ  / der3/DI:this! BI/*PY:burn/fire!  æ‹¿ nÃ¡m nehmen NE ğ’‰ˆ â†’ 'new' ğ’‰‹ !  BÃ­r â†’ BÃL,chat/speak cook/burn dar/bi2:bir bring/burn "wide range of sign usage for spelling ""qabÃ»"" birâ†”bil?   - ene â†” ihNI ğ’‰Œ"                         
NU Â¬ !!!,ğ’‰¡,ğ’‰¡,ğ’‰¡,ğ’‰¡,nge:nje nein no, ğ´ğ¡ğ¹ naiy nay, ğ’‰ºğ’‰¡ vorne  nu.kur.ut = KÃšR st.rei.t ? strategem?                          
nÃ© NI *IHN,ğ’‰Œ,ğ’‰Œ,ğ’‰Œ,ğ’‰Œ,OIN IHN ğ’…• HERR, IHR,ihn ihren ointment:oil fat ğ’‰Œ finish! ğ’‰Œğ’Œ“=stone vs ğ’…•=ask IR (GAG-gunÃ») nouâ€™=us our  quiverâ†”mun? ğ’‰Œdigest?   ğ’…” IN rapist? sinner?  vs ğ’…•ER ğ’ˆ¨Â¬MO / NO? Iana  ğ’‰Œquiver ok  ğ’‰Œ EN vs ğ’‡½ LU  Allu  HERR   NI ğ’‰Œ ~ ğ’…”IN                   
maá¸«u!,ğ’ˆ¤,ğ’ˆ¤,ğ’ˆ¤,ğ’ˆ¤,MAá¸ªA  ğ’ˆ¤ğ’Œ¨ maá¸«u ğ“ƒ¬ 'maru' ğ“Œ³ğ“…±ğ“ƒ¬ ,maha mega great ++  ğ’ˆ¤ ğ’Œ¨maá¸«u= ğ’Œ¨ğ’ˆ¤~ğ“Œ³ğ“…±ğ“ƒ¬ maru: lion â†” MAN '20' MÃ¤hne @ Hittite!   ğ’ˆ¤ğ’Š‘NÃ¤he,nam-mah=1st Numma.thema.tiker!!     20                     
mar,ğ’ˆ¥,ğ’ˆ¥,ğ’ˆ¥,ğ’ˆ¥,marâ„¢:smear,mar:smear â†’ Ma'de=maggot  â†’  *maraud!!  mauer ğ“Œ»  mhyrr? ,marode!?!                          
maÅ¡,ğ’ˆ¦,ğ’ˆ¦,ğ’ˆ¦,ğ’ˆ¦,pÃ¡r/bar,,â†” ğ’ˆ¨ = M+ES=mes mas=more mas -> more = plus ?                        
meÅ¡ miÅ¡ niÅ¡ nish,ğ’ˆ©ğ’Œ,ğ’ˆ©,ğ’ˆ©,ğ’ˆ©,Mensch! mesh!,â†” gil.ga.mesh ğ’ˆ© hero' vs ğ’Œ reed â†” dab:tablet ğ’ˆ¦double,GilgaMes Pilger-Mensch??? â†” MeshMan Netzer?     MEÅ  ğ’ˆ¨ğ’Œ ğ’ˆ¨ğ’Œ ğ’ˆ¨ğ’Œ ğ’ˆ¨ğ’Œ M+ES (suffixed)plural ğ’ˆ¨ğ’Œ meso:medi:mitte? -mos -ma -mus mas=more  NAIS?               
MUNUS NINA!,ğ’Š©,ğ’Š©,ğ’Š©,ğ’Š©,*Minne!, woman femmen mound ,NIN! nu å¥³] nÇš å¦‡fÃ¹ (fru) å¤«äºº fÅ«rÃ©n                          
MUL,ğ’€¯,ğ’€¯,ğ’€¯,ğ’€¯,,multi stars,ANCH.STAR                          
mil *Himmel ,ğ’…–,ğ’…–,ğ’…–,ğ’…–,iÅ¡, kuÅ¡7, Å¡uÅ¡3:*SHAMS â€“ ---  MM dis-=Â¬â€¦ mountain  summer   official => Kish Syrs                      
â™¡MURğ“‡ ++ KÃN,ğ’„¯,ğ’„¯,ğ’„¯,ğ’„¯,â¤ï¸á¸«aMURğ“‡ KÃN:con,á¸«amğ“‡ +++ â†’ á¸¥alÄ«bğ“‡ Ù…Ø«Ù„,1) same similğ“‡ mwie'like Ù…Ø«Ù„ mipthl maid magt Magd ğ“‡ 2) á¸«ar:heart?  *á¸«ur:whore  á¸¥alÄ«bğ“‡ hoeb â™¡  lieb â†’ Kalb Lab!    ğ’† KI Kinğ’„¯UR:Amurâ™¡ğ’ˆ¹ Gaia  *hamn	*schamon? SHAM/HRAM Sahne/Rahm@PERSIA!! â†” ğ’€« mAmar?                        
mut,ğ’‰¸,ğ’‰¸,ğ’‰¸,ğ’‰¸,blood  â†” bat, moth mut ğ“…‘ğ’„·ğ’„­ğ’‹¼,ğ’‰¸= Bil+[ood] ğ’‰+    mut vs meat ğ’œ    ğ’‰¸NUNUZ ğ’Œ’ğ’‹¼nail â†” mumie? blep blu -> ğ’‰­ NUNUZ ğ’‰¶ LAHTAN  â†” MUT GAIA?? â†” moth?                        
`eMe,ğ’…´,ğ’…´,ğ’…´,ğ’…´,ğ’€€ğ’ˆ fameâ„¢ ğ’…¤	/ cÎ´unge,meme KAÃ—ME CUÃ—NGE:tongue! langue 'mÃ¥l      ğ’€€ğ’ˆ ğ’Œ… famatu: pheme mouth~tongue,ğ’…´ğ’„€ eMe+GI=[sumerian] language "NUNDUM  ğ’…»	KAÃ—NUN=lip  rim | SU6 = bread"                         
,,,,,,,ç¿’
,,,,,,,
N,,,,,,,
en,ğ’‚—,ğ’‚—,ğ’‚—,ğ’‚—,*Man'kind,lord / priest         rulers @ Sumer    vs ğ’€­ ,*EN.LÃL EN.KI EN.GURUN EN.ZU Enheduana                          
in,ğ’…”,ğ’…”,ğ’…”,ğ’…”,*SCHIN! â†” ğ’‰Œ NI,schinden, schÃ¤nden!                          
NA4 NI,ğ’‰Œ ,ğ’‰Œ ,ğ’‰Œ ,ğ’‰Œ ,Ihn  ğ’€€ğ’‰Œ!,see above,l
Na,ğ’ˆ¾,ğ’ˆ¾,ğ’ˆ¾,ğ’ˆ¾,Nau,see above,ğ’‰† nam?   ğ’…˜ NAG?                          
nu / nÃ© Â¬   HR! ,ğ’‰¡,ğ’‰¡,ğ’‰¡,ğ’‰¡,ä½  nÇ @ AKK,offspring Heer, quer  querre  war  hostilities vs ğ’‰½  ğ’‰ºğ’‰¡ Vor-her?  Streit Nono:genitals  sperm nu.kur.ut = KÃšR st.rei.t ? strategem? kirre guerre                    
nam,ğ’‰†,ğ’‰†,ğ’‰†,ğ’‰†,NAM *oMEN nome!! â†” ğ’ˆ¾ğ’ˆ¬,*Omen: destiny!  Nome:district! Î½Î¿Î¼ÏŒÏ‚,
*FIRTh 1.  'NUN',ğ’‰£,ğ’‰£,ğ’‰£,ğ’‰£,fiÌ€rt:first,foot,feet fight (f)irÃ®tu=Fort Eridu!! first  1st  FÃ¼rst  force!  foremost  famos  best  â†” en  nin  alt Æ’Æ’ ?? ğ’‰£ğ’† =f(Eridu)                
NUN NAUN,ğ’‰£,ğ’‰£,ğ’‰£,ğ’‰£,AB.zea vs Naun,ğ’€Š Naun : know ğ’€Šğ’ª,
nir.gal,ğ’‰ª,ğ’‰ª,ğ’‰ª,ğ’‰ª,ğ’‰£NUN:best,strong,NUN ^ NUN = ğ’‰£ = best                          
NIN.DA! NÃNDA,ğ’‰’,ğ’‰’,ğ’‰’,ğ’‰’,*Nina â†” Kinda!,ğ’‰“Å Ã€M~seed,âˆ‘ ShAmğ’‰“ğ’‰”ğ’‰–GEN.EVE! darling                         
NIM,ğ’‰,ğ’‰,ğ’‰,ğ’‰,NIMM! neben!  ğ’‚Šğ’‰Nomen!,take ğ’‰ TÃ™M  ELAM Bee â€¦,
NA4 LUL lip,ğ’ˆœ,ğ’ˆœ,ğ’ˆœ,ğ’ˆœ,LÃ–S! lys      *Gnaistone Æ’,stone   gNaston!! ++ gnost ghost knistern? gaia geist? <<< ,ğ“…“night-demon?                          
NA2,ğ’ˆ¿,ğ’ˆ¿,ğ’ˆ¿,ğ’ˆ¿,NAX (Nyx),Nacht: lie, lay  put  bed  bad  illâ†”gig:sick                      
NINDA sa,ğ’ƒ»,ğ’ƒ»,ğ’ƒ»,ğ’ƒ»,ğ’ƒ» NÃG, Nig, GAR ~ SUR ğ’‹© assur nan bread TEE DA!!!!!!!!!!!!!   ?? --- miÃ ntuÃ¡n å›¢ caik:cyc[cicular]=Teig                
niÅ¡,ğ’ˆ©?,,,,miÅ¡ meÅ¡ Mensch,â†” gil.ga.mesh ğ’ˆ©, ??                         
,,,,,,,
,,,,,,,.mesh q
/P/ â†” B,,,,,,,
pÃ¡d/t pÃ­d/t,ğ’,ğ’,ğ’,ğ’,pod,see above,! plus?                         
Pa pha pi bea á¸«adt ğ“Œ‚ sceptre!,ğ’‰º,ğ’‰º vs ğ’ƒ°,ğ’‰º,ğ’‰º,pa:punch,bat,beat bi ğ” PU! ğ²Bağ’€ see above pHat=head 1st åŒ¹ pÇ Ï€ vs CUT ğ’ƒ° vs ES ğ’„‘ "PhR ğ“¶ foreHead   vs ğ“· obHerr leader Bhlai? ğ’‰ºğ’‰¡ Vor-her? GIDRU ""staff  sceptre""  UGULA ""overseer""  GARZA ""office""" ğ” PU! ğ²Ba ğ³ Fa! ğ±Pa                    
PÃš+ / TÃšL,ğ’‡¥,ğ’‡¥,ğ’‡¥,ğ’‡¥,POOL â†” pure(erz),see above   kas.pureğ’†¬ğ’‡¥ ,ğ’‡¥PU~ğ²+ğ’Œ‹=BU in Ullikummi                           
pÃ© pe pÃ­ bi,ğ’‰,ğ’‰,ğ’‰,ğ’‰,BI: bier!,BI: beer,å•¤é…’ pÃ­jiÇ” a-pe-e-ez = aâ€™whos poz woz vs vez                         
PÃ™ bÃ¹ ğ“Šª ğ’‡¥ vs å£,ğ’…¤,ğ’…¤,ğ’…¤,ğ’…¤,pu bu phou â†” KA ğ’…— ğ’ƒ¸ mouth,å£ vs ğ“Šª pu ğ’‡¥ pool!  ğ’€€ğ’ˆ fameâ„¢ pheme!  ,ğ’€€ğ’ˆ ğ’Œ… famatu â†’ matter mouth mot ğ’…— ğ’…— KAu :mouth:tongue:language ğ’…´ 'eme'   ğ’€€ğ’ˆ ğ’Œ…                    
p/bÃ­l,ğ’‰‹,ğ’‰‹,ğ’‰‹,ğ’‰‹,GIBIL / *NEW ~ ğ’‰ˆ NE,new!     NE ğ’‰ˆ â†’ 'new' ğ’‰‹ !  BÃ­r â†’ BÃL,gen?                          
PAD (Å UK),ğ’‰»,ğ’‰»,ğ’‰»,ğ’‰»,Å UK vs asSUR ğ’ƒ»,pad: pie'th pierce into bits,
pir â†’ bar confusion,,,,,â†”ğ’€ğ’‡¥ğ’†¬ğ’Œ“ğ’ ,kubarbar,silber poreâ†”UrÎ´u=Erz! pure Kupfer etc                         
pu bur12 pia TÃšL GID2,ğ’,ğ’,ğ’,ğ’,pull:tear~zieh,putear: long,ğ’ â†” ğ’ˆ² snake ğ’…” IN rapist                          
PAN,ğ’‰¼,ğ’‰¼,ğ’‰¼,ğ’‰¼,*WAN,ğ’‰¼ WAN!? VAN PHAN PAN ğ’‰¼,
,,,,,,,
/R/,,,,,,,èš ç¿’
Å™Ã¡f[tan] *run DU ğ“‚» *gir gin,ğ’º,ğ’º,ğ’º,ğ’º, â†’ *GIR GIN IRan run  ğ“‚» , vs raise ğ’º sunrise Hora+gir ~ ğ’Œ“ğ’º*Horizon jour DU:dawn!,â†” ğ’½du:run                          
rad/t,ğ’‹¥,ğ’‹¥,ğ’‹¥,ğ’‹¥,see above,,R?                          
riÅ¡ Rash,ğ’Š•,ğ’Š•,ğ’Š•,ğ’Š•,Å¡ag,,sag=sprich QED -> ğ’…— KA = chat                         
ra,ğ’Š,ğ’Š,ğ’Š,ğ’Š,ğ“‚‹,ğ’Š RA re ğ“‚‹  'auxilirary' , beat  thrash reis? rasseln                         
IGI voeye / Å¡i ,ğ’…†,ğ’…†,ğ’…†,ğ’…†,igi = voEYE / SEE phoi! fa' fi' vi.sion ,see  ğ’…†ğ’„¿she!  HULğ’…†ğ’Œ¨ ghoul:evil ğ’…†ğ’‰¡vice,ğ’…†ğ’Š’=find 'pad'  -the -ttle  eyst:first                          
,,,,,,,.SION
/Å /,,,,,,,ST
Å¡a' shad,ğ’Š­,ğ’Š­,ğ’Š­,ğ’Š­,that! *heart ~ ğ’Š® = ğ’„®sHar+T!  Liebğ’‡·â™¡KID ğ’Š­,that which heart ğ’Š® 'variant! <?> ğ’Š¹ ~ğ’„®~ğ’¼ shar ?      ,ğ’‡·li/ta ğ’Š­â‰ ğ’‹«ta ğ’´ tim                          
SHU Å U SU CU,ğ’‹—,ğ’‹—,ğ’‹—,ğ’‹—,CHEUr  ,,su = sein ğ“†‘    ğ“‹´ causative!!                          
Å¡Ãº thu,ğ’‹™,ğ’‹™,ğ’‹™,ğ’‹™,ğ’¹+ğ’Œ‹ ğ˜ THANNA Ã¾ Thorn,su:zu/whose,cu kurz cul: klein â†” Schuh!                          
SÃ™R,ğ’„®,ğ’„®,ğ’„®,ğ’„®,*cyr.cle,â†” ğ’Š® heart SHA3 center= ğ’„®sHar+Ta!,ğ’¬ SHARU (Å ÃRÃ—U)=36.000                          
Å¡amÅ¡ Ãºt=ÃÅ ,ğ’Œ“,ğ’Œ“,ğ’Œ“,ğ’Œ“,sun â†” uTUM autumn time ASHURA asunra,,1
SUM  Å UM2 SI3,ğ’‹§,ğ’‹§,ğ’‹§,ğ’‹§,âˆ‘ SHI å 10*10 !!,give! <<  fashion!?  **fisch-schwarm??,SAN Sir=Zar ğ’Š¬ğ’Š’ SAR+RU  ğ’Š¬ Scr: scribe                          
Å AR_2  CHR  ğ“,ğ’Š¹ ,ğ’Š¹ ,ğ’Š¹ ,ğ’Š¹ ,Å AR DarKer kuÌkku ghyr ğ“ sir = sya = black,ğ’Š¹ ~ğ’„®~ğ’¼~ğ’Š® ?,â†” Å AR = Schar:Zar!!! Å AR = sehr viel !!! = GaR: groÃŸ!! GaL                          
SAR,ğ’¼,ğ’¼,ğ’¼,ğ’¼,~ NÃG ğ’ƒ» GAR â‰  (a)Å¡urğ’‹©,â†” Ashar  ğ’ƒ»  Assur ğ’€¸ğ’‹© ,4 ğ’¾ ğ’¿ ğ’½ ğ’‡¹ ğ’‰ğ’ Limmu / Niggar ğ’ƒ»  ğ’ SAMKA                        
Å A_3  Å AG_4,ğ’Š® ,ğ’Š® !,ğ’Š® ,ğ’Š® ,*heart ~ ğ’Š® = ğ’„®sHar+T!,â‰  ğ’‡» ğ’‡‰  Erz ğŸœ  ğ’ â‰  ğ’Š¬ Scr~ ğ’Œ™ ~ ğ’Œ£ Schmied,Erz?!?!                          
sÌŒi igi,ğ’…†,ğ’…†,ğ’…†,ğ’…†,SHE SEE ğŒ SHIN ğ° THA  ğ’Š©cun,,
TIâ™€~ ğ’ˆ¦,ğ’‹¾,ğ’‹¾,ğ’‹¾,ğ’‹¾,ğ“‹¹ ä½“ TI/JA =leben!  ğ“˜ğ“¤ -ty ğ’€­ğ’‹¾divinIty ğ’´,èº«ä½“ shÄ“ntÇ   vs copper urus Erz ğŸœ  ğ’  Adjective -ty,Anna.Tiamat ğ’€­ğ’‹¾ğ’Š©ğ’†³ â†” Tianis Anahid	=â™€=ğ’‹¾~ğ’Š©ğ’†³  â†” ğ’¢ | ğ’£ğ’´zitim:easy live-tum                           
eÅ¡,ğ’Œ ğ’ ğ’Šº,ğ’ğ’Œ,ğ’ğ’Œ,ğ’ğ’Œ,UÅ U3,30 SIN = moons ! ,3*10 shi =  ğ’Œ30 = SIN = moon (UÅ U3 vs UTU ğŸŒ£) lu:larden?                          
ez/iz,ğ’„‘,ğ’„‘,ğ’„‘,ğ’„‘,,see above (easy),
SIÆ’,ğ’‹›,ğ’‹›,ğ’‹›,ğ’‹›,FI* ğ“‚­  SIEDEN++,fill-horn, finger  fret | fill  load up  SIEDEN++ Hor â†” ğ“ƒ› FL*  ?ğ“” ğ“• â†”                     
SA sham,ğ’Š“,ğ’Š“,ğ’Š“,ğ’Š“,~ğ’Œ‘ vs su ğ’‹¢,sÃºğ’ª,su4ğ’‹œ sÌŒağ’Š­ sa ğ’Š“ihr!  dho : saan=down                        
Å Aá¸ª sÌŒul ,ğ’‹š,ğ’‹š,ğ’‹š,ğ’‹š,Å¡aá¸«ul: Sau ğŸ– ğŸ· ++,Å UBUR,sau  vs ğ’‹Sig4=Ziegel! / Schulter                          
Å ID *CUR,ğ’‹ƒ,ğ’‹ƒ,ğ’‹ƒ,ğ’‹ƒ,*CUR ğ’‹ƒ ~ ğ’†¬  Å ID â‰  nesaÄ2 Â¬ ğ’†·  Â¬ lil ğ’‡³ğ’‡²,âˆ‘id: count ğ“Š‹#ğ“ğ“Â½quarter ğ’…—ğ’‹ƒ con.quer!,Lağ’†· â‰  Å ID shid ğ’‹ƒ silaÄ [body part]ğ’†‚ğ’Š 		 ğ’‹„ ÃšMBISAG ğ’‹…   ğ’ƒ§	ga+shid ğ’‰ nisag  vs khand                          
Å  ğ“‹´ G usÌŒ ğ’‘â†’ğ’‚·  ğ“‚¸â†’ğ“‚º *iss,ğ’‘ ,ğ’‘ ,ğ’‘ ,ğ’‘ ,ğ“‹´ Å  ğ’‚·ğ’‘ GENUS penis ğ’‘â†’ğ’‚·  ğ“‚¸â†’ğ“‚º ,â†’ ğ“‹´ -us : male  [lean,drag follow together] shekel ğ“‚¸   ğ’‚¼GAIA   e.g. ğ’•ğ’‰¡ğ’‘ dom'nus:judge  ğ‚ G ğ¥GA ğ¦GU                    
Å¡ag/k,ğ’Š•,ğ’Š•,ğ’Š•,ğ’Š•,SAG=riÅ¡,rash, rash=Rassel-Kopf sag=sprich QED -> ğ’…— KA = chat                        
Å¡al,ğ’Š©,ğ’Š©,ğ’Š©,ğ’Š©,*Cun  MUNUS mound! ~mumu,cunus cone cunt â€¦ ! gwen gwoman,ğ’Š© mamas mumu whomb mutter mund   vs ğ’‚– EL nÇš å¥³å¥´ =  mu/nÃº = Sklavin â†” Berg mound mount mont  MUNUS (ğ’Š©) and TÃšG (ğ’Œ†) = NIN  lady Mu.tee? Mutter? ma.ter? ğ’‚– ELle OWL                        
*scu,ğ’®,ğ’®,ğ’®,ğ’®,*scu,re-sÌ£u-uÌ-a ğ’Š‘ğ’®ğ’Œ‘ğ’€€ rescuer,ç¿’
Å¡ame UND!  ğ“›ğ“†°ğ“ˆ– ,ğ’Œ‘,ğ’Œ‘,ğ’Œ‘,ğ’Œ‘,Ãº Å¡am # âˆ‘UM com sym  ğ“›ğ“†°ğ“ˆ– !!! ~ sHemp Samen,`und`!!! same ğ’„¯? sHampâ„¢  QED  ğ“›ğ“†°ğ“ˆ– plant(s), food  bread  loaf  grass  herb  pasture  firewood  ???                    
Å¡Ã m,ğ’‰“,ğ’‰“,ğ’‰“,ğ’‰“,âˆ‘ sum=price * samen scham,see above,
Å¡ab/p,ğ’Š¸ ,ğ’Š¸ ,ğ’Š¸ ,ğ’Š¸ ,ğ’†š KAM2 , numeric?,â†” saat                          
Å¡ar,ğ’Š¬,ğ’Š¬,ğ’Š¬,ğ’Š¬,SAR SAAT *SCR !,scribe, write! scratch~scharren )   scrub/Herbğ“†°nat.Å¡ar=green/Saat â†” garden                         
Å¡ar,ğ’Š¹ ,,,,sehr schwer âˆ‘# Schar: 3600 sir=black cara kala,Å¡ar 360Â° share/shyr:circle~âˆ‘world    Å¡ar ~ ghar ğ“  Å¡ar ~ Æ”war(ze) Schwall ğ“…¨ğ“…© Schar very ğ’ƒ²ğ’€ [ğ’Š¹ (60x60]),ğ’¬ 36.000 Å ARU   Å¡ar schwerğ’Š¹schwarz  SHARA2 SUN/RAY!    sarÆ”:zahl-reichğ“Œ— âˆ‘someğ“…¨ğ“…©=Summer sharğ’Š¬=green garden	                          
Å¡Ã¬p,??,,,,ğ’‰ºğ’‡» â†” sipad = shepherd,â†” ğ’‡¬? lagar:priest,ß‘
Å¡ir,ğ’‹“,ğ’‹“,ğ’‹“,ğ’‹“,HoÅ IR!!!  ,testicle chussia Ø§Ù„Ø®ØµÙŠØ© ihossa:castrate Ø¥Ø®Øµ  Hoden ~ Hosen  â†” ball, bulb    ğ’‹”syringe?                               
Å¡um / TAG,ğ’‹³,ğ’‹³,ğ’‹³,ğ’‹³,,attack tackle, touch  t/hekeln                         
sÌŒaÌ,ğ’ƒ»,ğ’ƒ»,ğ’ƒ»,ğ’ƒ»,sa, she sei!,
Å¡ur,ğ’‹©,ğ’‹©,ğ’‹©,ğ’‹©,Zar Assur ğ’€¸ğ’‹© ! Master!?,rain milk squeeze?,
Å U,ğ’‹—,ğ’‹—,ğ’‹—,ğ’‹—,vs sa ğ’Š“~shumğ’Œ‘ vs su ğ’‹¢,sÃºğ’ª,su4ğ’‹œâ†”siğ’‹› see above dho                        
Å ITA,ğ’‹–,ğ’‹–,ğ’‹–,ğ’‹–,??,priest, ~ figurine  ğ’‹– ~  ğ’‡¬? lagar:priest                          
SIG,ğ’‹,ğ’‹,ğ’‹,ğ’‹,zig / sick,vs SI,zigzagğ’‹Ziegel=Sig4!!!                          
SAR,ğ’Š¬,ğ’Š¬,ğ’Š¬,ğ’Š¬,"ğŸ“—SCRibe ğ“†°SAATre,SAR,sHRB" (suffixed)plant ğŸŒ² sar=green gar.den  herb sar=green sherb shrubs                          
SÃG SI+G,ğ’‹ ,ğ’‹ ,ğ’‹ ,ğ’‹ ,silk / Zeug,wool,zeug                          
SA ,ğ’Š“ ,ğ’Š“ ,ğ’Š“ ,ğ’Š“ ,â†” ğ’ƒ» sa: sie,Sehne: 'braided' DET,
SUá¸ªUR ,ğ’‹¦ ,,,,,,
SUMAÅ  ,ğ’‹¨ ,,,,,Sumerian?,T,    
SUM ,ğ’‹§ ,,,,cast!?,Summe ğ’Œ âˆ‘ 10 shi !,Í€
Å EÅ  (Ã™RI),ğ’‹€,ğ’‹€,ğ’‹€,ğ’‹€,~ ğ’Œ¶ ,SIS.terÆ’ : pcus! brother, asSIStant  standard of Ur!  vs ğ’Š©ğ’†ªnina sister  queen  lady  vs ğ’‚¼ Gaia=mAma  mother  femme! vs fain:man                    
,,,,,,,
,,,,,,,
TTTâ†”D,,,,,,,
t/dÃ¡Å¡ t/diÅ¡,ğ’¹,ğ’¹,ğ’¹,ğ’¹,T ,-''-,T !!!                          
tar,ğ’‹»,ğ’‹»,ğ’‹»,ğ’‹»,,-''-,ğ“›                          
tab/p dÃ¡b/p,ğ’‹°,ğ’‹°,ğ’‹°,ğ’‹°,TAB,-''-,TT !                          
tab/p dÃ¡b/p,ğ’‹°,ğ’‹°,ğ’‹°,ğ’‹°,DOUBle tau 2,,TT ! tau:two 2 taur:male ğ’‰Œniğ’ƒ»2â†”er chinese?  VS ğ’ˆ«MIN                         
TA ,ğ’‹«,ğ’‹«,ğ’‹«,ğ’‹«,ta~DU!~de : von! ,ğ’€œğ’‹« 1) Vater  2) Ante'tu = you! 3) dÃ¡ what? 4) âˆ‘teuer?,TAUR! TAUR ğ’‹« vs ğ’„GUD=COW                         
te,ğ’‹¼,ğ’‹¼,ğ’‹¼,ğ’‹¼,??? TE, TEMEN, TEN  MUL2  TEÄœ3 ??? [cheek  penetrate  membrane  pierce  approach  land]                  
tÃ Å¡ ÃÅ  (ZÃZ) *Cyrs,ğ’€¾,ğ’€¾,ğ’€¾,ğ’€¾,TES : T+ASH  ğ’€¾ğ’‹™as:because!,curse! â†” KIS ğ’†¦court! â†”KurS,kuÅ¡ ğ’…–   tomb  ğ’…–  ~E!?!                         
tin/tÃ©n DIN DON,ğ’·,ğ’·,ğ’·,ğ’·,DON ++,donner / tenner = give â„¢ vs take ğ’‰†,ğ’ˆ¾ğ’· Don!                          
tu tum,ğ’Œ…,ğ’Œ…,ğ’Œ…,ğ’Œ…,-tum -taâ™€ !! TUCH! ğ“‹²ğ“‹³  TU/DO/DU!?,-tum -dom -taâ™€  little â†” LI.TUğ’‡·ğ’Œ…,Weiblicher Suffix ! ğ“ / Abstraktum   LI.TUğ’‡·ğ’Œ… Turtle-dove     ğ’Œ tir:trees                            
t/daá¸«, tuá¸«,ğ’ˆ­,ğ’ˆ­,ğ’ˆ­,ğ’ˆ­,Mu*Mu ğ’ˆ¬ğ’ˆ¬ vs  ğ’€® ğ’€¯  vs ğ’–,ğ’ˆ¬more mas : ADD! increase   vs MUL ğ’€¯                         
tal / dal,ğ’Š‘,ğ’Š‘,ğ’Š‘,ğ’Š‘,*RIB! â†” ğ’… IB â†” á¸ªá¸«,DAL ğ“ˆ‹ ğ“ˆ‰ vs DAR:  ğ“™ğ“‚  ort 'Reich  de vs Ã ,Ra  rex = king top 25                        
TAG TUKU5,ğ’‹³,ğ’‹³,ğ’‹³,ğ’‹³,take hold,down,... touch! attack tackle hekel:TEX!  touch                          
TAK4 da13,ğ’‹º,ğ’‹º,ğ’‹º,ğ’‹º,take:(keep)-back,set aside, save  â€¦                         
t/dan,ğ’†—,ğ’†—,ğ’†—,ğ’†—,kal cul klein,see above,   
tÃ Å¡ Ãºt aÅ¡,ğ’€¾,ğ’€¾,ğ’€¾,ğ’€¾,!?<  , curse, tq
tuk raÅ¡Ã»m,ğ’Œ‡,ğ’Œ‡,ğ’Œ‡,ğ’Œ‡,Tuk take 2 Î´Î­Ï‡  Î´ÎµÎºÏ„  gut-haben,Summa ğ’Œ‡ zamÄru = Singen!  TÃ¼chtig+  powerful ( a2-tuku)  proud | TUG = mood  heiraten+sing ,á¼€
tin/tÃ©n/DIN,ğ’·,ğ’·,ğ’·,ğ’·,,-''-  ğ“‹´  ğ“‡  ğ“…“  ğ“†°  ğ“¥  [GemÃ¼sum],A
t/dim,ğ’´,ğ’´,ğ’´,ğ’´,Î´im â†” sym shamur ham  *pio?ğ“‡ªğ“‡© ğ’€  ğ“›ğ“†°ğ“ˆ–  ğ“„¬ğ“Š½,post, pillar   pole  binding  bond  plant  Tim->ğ’´ğ’‰¿ Tiamat! SÃ¤ule ğ’µ salt                     
tir/ter,ğ’Œ,ğ’Œ,ğ’Œ,ğ’Œ,*TREEs,wood, forest  trees! â†” wood ğ’„‘ 'C' Esche â‰  ğ’‡·Liğ’Œ…TUl little                        
tÃ­Å¡,??,,,,,,
tÃºl Æ’,ğ’‡¥,ğ’‡¥,ğ’‡¥,ğ’‡¥, â†’ pool !,,ku? uk?                         
TÃšG ,ğ’Œ† ğ’‰‡ ,ğ’Œ† ğ’‰‡ ,ğ’Œ† ğ’‰‡ ,ğ’Œ† ğ’‰‡ ,take took Tuch! ku, ÅŸubatu',garment Tuch! tex ğ’Œ¨ğ’Œ†*kalb:klÃ¤ff=dog                         
TU7,ğ’„°,ğ’„°,ğ’„°,ğ’„°,,soup SU+B,
tum/dum/dom/ten,ğ’Œˆ,ğ’Œˆ,ğ’Œˆ,ğ’Œˆ,Ã­p Ã©p Ã©b Ã­b   *fluch(t) ?,Ã­p:hip!! cross: middle , to curse  cross-beam: tomb!? du4 dum:dunkel                       
t/dub/p,ğ’¾,ğ’¾,ğ’¾,ğ’¾,Double TABlet,Double TABlet,
tÃºr/dur,ğ’„™,ğ’„™,ğ’„™,ğ’„™,DUR,strip ğ’„™ GU2 x KAK, DUR = strip  << GU ğ’„˜                           
TAB squared ,ğ’‹² ,,,,,,åŒ€è¤€á¼€
,,,,,,,ç¿’
,,,,,,,ç¿’
,,,,,,,
,,,,,,,ç¿’
,,,,,,,
U,,,,,,,
u,ğ’Œ‹,ğ’Œ‹,ğ’Œ‹,ğ’Œ‹,u ,,U                           
Ãš, *Ã§om,ğ’Œ‘,ğ’Œ‘,ğ’Œ‘,ğ’Œ‘,ğ“›ğ“†°ğ“ˆ– *hanf *hemp â†” *hamur,plant                          
Ãº  Å¡am,ğ’Œ‘,ğ’Œ‘,ğ’Œ‘,ğ’Œ‘,U  Ğ¾Ğ± Ø§Ùˆ ğŸ’§Eau,â‰  und, zusam' ğ’Œ‘ tooth ğ’ªğ’Œ‘ğŸ’§Euphrates ğ¢ğ³ğ¼ğ ğ¬ğ¢  Ion~Yanaun   cu ko : Ãº-wa-nu-un = cuomen = come <?> ğ’Œ¦ UN?                       
URU,ğ’Œ·,ğ’Œ·,ğ’Œ·,ğ’Œ·,UR,city,Ort UR! â†” ğ’† KI Earth U+R? ğ“Š¨ sit = Sitz city  ğ’‚¦Baut                         
URUDU,ğ’,ğ’,ğ’,ğ’,*UrÎ´ Erz,ORE, Erz: copper!!  ğ’â‰ â™€ lol  @Eridu? ERZ! E+R+c   â†” udu:sheep å£ [å£] kÇ’u(phon) + per? KOU.PI+    ğ’ â‰  ğ’ˆ©                        
UZU,ğ’œ,ğ’œ,ğ’œ,ğ’œ,Ïˆsiru *bisra,meat/bone   (body part), soma? â†” ğ’˜ â†” ğ’® Dame â†” ğ’‰¸ mut/blut                          
UB â†’ up qup quan corn Ã¡r! ğ“·ğ€£,ğ’Œ’,ğ’Œ’,ğ’Œ’,ğ’Œ’,up, ob, off  auf  a'way! ğŸ™ˆ   Qooph ğ’Œ’ğ’‚Ÿ arise qUP vs ğ’„­gut hight   corner! fame  praise  ruin     !?!? << ğ’‹¢ğ’Œ’ SU+UB : submerge â†’ kiss â€¦   *qup!  *Quan corn vs è§’ jiÇo                   
UD ğ’Œ’â†”ğ’Œ“ (sic?) ,ğ’Œ’,ğ’Œ’,ğ’Œ’,ğ’Œ’,haupt: hoch, hautum ğ’„­hight,ğ’Œ’â†”ğ’Œ“ (sic?)   UTU:heat (autumn) TUM:time  [ğ’Œ’NadelKopf â†’ nard]                          
ud,ğ’Œ“,ğ’Œ“,ğ’Œ“,ğ’Œ“,U / D / T / 'A' (alt),,vs C Kou å£!                          
ug uk PIRIÄœ,ğ’ŠŒ,ğ’ŠŒ,ğ’ŠŒ,ğ’ŠŒ,~ ğ’ŠŠ Urs: bear,PIRIÄœ: tiger  parther?,
Ãºl=NU*BAL = nobel!,ğ’ŒŒ,ğ’ŒŒ,ğ’ŒŒ,ğ’ŒŒ,*royal,nobel,saxa  U-GUD  niÄul royal rueal roady : nicht nah = distant!! <<<< ğ’ŒŒ rue â†” ğ’„€ reedâ†”ğ’nobel ğ’ƒ´ SUKUD â†” ğ’ŒŒ sakkad ğ’ƒ´ GALAM ğ’ŒŒ Galant ğ’„ Gut                       
um,ğ’Œ,ğ’Œ,ğ’Œ,ğ’Œ,,ğ’ˆ©  UMES RID reed! read!  â†’ stylus,æ¬€
un ug,ğ’Œ¦,ğ’Œ¦,ğ’Œ¦,ğ’Œ¦,UN:one 1 !!  UÌ€GÌ‚  KALAM!,(black Sumer) People !,â†”  ğ’ˆª gÃ­g2 black galle                          
URI Urn! Uruk Akkat ,ğ’Œµ,ğ’Œµ,ğ’Œµ,ğ’Œµ,URI Urn! Uruk Urkat Akkat ,ğ’Œµğ’†¤ uri-ke = Agade / Akkat / *Uruk! ğ’Œµğ’†  Urkidu (2!)  UR ğ“Œ[vessel] noir? , ğ’€ğ’…—ğ’ºğ’Œ‘ ak-ka-du-u2                          
Ãºr,ğ’Œ«,ğ’Œ«,ğ’Œ«,ğ’Œ«,ğ“‚¸ cUN Hannes,phallus?,basic  basis  base  roots  limbs  cover  river!?                    
ur HÌ®UL *hou  ,ğ’Œ¨,ğ’Œ¨,ğ’Œ¨,ğ’Œ¨,Hou(nd)   ur hUHR  ,hound ğ’Œ¨ğ’Šhoura! â†” ursa, arÅ¡a  taur tier    ğ’…†ğ’Œ¨nhÌ®ul:null ! ğ’Œ¨maá¸«a= ğ’Œ¨ğ’ˆ¤ lion  mÃ¤hn.hunt è™ HÇ”    hound : ğ’Œ¨ğ’Œ†: a dog = k.l.b(klÃ¤ff=dog SEM) WTF                       
UR_4,ğ’Œ´,ğ’Œ´,ğ’Œ´,ğ’Œ´,ğ“Š– !,,â†” ğ’†•                          
URU,ğ’Œ·,ğ’Œ·,ğ’Œ·,ğ’Œ·,ST ğ“Š¨ vs ğ“Š– !? vs KURve ğ“Š‹,,ğ“Š¨ sit = Sitz city stepğ’ˆ...!                          
UÅ¡ ğ“‹´ G'usÌŒ  ğ“‚º auth,ğ’‘,ğ’‘,ğ’‘,ğ’‘,ğ“‹´ th NITAá¸ª USH UÅ  aus- etc !! <?> ğ’¹ğ’€¸ass?  ğ“‚º *iss,man, male  gens  ÄeÅ¡:phallus  ğ“‚¸ accompany  quality an-nu-us=aâ€™Muth = mother                     
ut,ğ’Œ“,ğ’Œ“,ğ’Œ“,ğ’Œ“,U / D / T  ^^ CUT,,vs C Kouå£!                          
U / U U reversed / U reversed ,ğ’Œ ,,,,,MAÅ GI, BARGI  wu mw wm ?                        
wi5,ğ’ƒ¾,ğ’ƒ¾,ğ’ƒ¾,ğ’ƒ¾,Wein vine!,WI= Wein wine vine!  vs GESHTIN / ÄeÅ¡tin (geÅ¡tin) GIÅ +DIN, giÅ¡.geÅ¡tin                           
,,,,,,,  `
Z,,,,,,,
eZEN,ğ’‚¡,ğ’‚¡,ğ’‚¡,ğ’‚¡,KESH/KEÅ _2    *Kreuz/kurs?,ğ’†Ÿ epic   '3'?, 
zu/su  / KUÅ U,ğ’ª,ğ’ª,ğ’ª,ğ’ª,*DU!  Î´u  / thu ğ“¡,Du, thou  your(s)   vs kush! ğ“¡! tooth ğ’ªğ’Œ‘ zayn/armğ’ªğ’€‰=weapon      ğ’ª Î´u  /  ğ“¡ vs  Äu  ğ’ˆ¬ my vs ğ’ˆ¨me(our)  ğ’€€ğ’‰Œ a.ni ~ lui / ihn    ğ’‰Œğ’ªğ’¹ğ’†ª~ IÎ´u~Iduu  ğ’„¿ğ’ºğ’Œ‘ idee: know ğ’‡‰=ğ’ªğ’€Š zu.ab: swap = Abzu ocean  vs swamp! ğ“†·  zÃ© ğ’¢ ğ’¢ ğ’¢ ğ’¢                 
ze zi zÃ© ZÃŒ ,ğ’¢ ,ğ’¢ ,ğ’¢ ,ğ’¢ ,ğ’‡» Lu/La*!  ğ“¡ you/cut ğ“Œª ,du:ze:cu ğ“¡ you/cut ğ“Œª |   LA: love,lust live Leib Lamm!  easy 'udu~eze' ğ’‚Šğ’¢ abzu+p= sheep  ğ’¢ easy-live ğ’£  'esse'                      
ZIG SIG7 (IGI-gunÃ»),ğ’…Š,ğ’…Š,ğ’…Š,ğ’…Š,10.000 â€¦ Zig!,gunÃ»:green/yellow pruned? â†” sha?,
ze zi,ğ’£,ğ’£,ğ’£,ğ’£,,,spha?                          
uz,ğ’–,,,,*goose: uz,duck? â†”  ğ’ˆ° hair  MUNSUB, SÃG.SUá¸ªUR                          
zul Å UL,ğ’‚„,ğ’‚„,ğ’‚„,ğ’‚„,suhlen! â†” Sau ğ’‹š Å Aá¸ªUL +++,DU*:dig:pig:qiek,â‰  Na/lulğ’ˆœ  ğ’® zum                         
ğ’Œ‹ğ’,,,,,ğ’Œ‹ğ’ Cu Zu Silber, Kupfer, Chrystal  Kaspian                         
,,,,,,,ç¿’
,,,,,,,ç¿’
,,,,,,,ç¿’
COMPOUNDS,,,,,,,
á¸ªI.A,ğ’„­ğ’€€,ğ’„­ğ’€€,ğ’„­ğ’€€,ğ’„­ğ’€€,,(suffixed)plural  -ier,-ier -zier -ziner -taner   GI.ER  Phoenic-ier å£+A  ~ cher  )                        
,,,,,,,ç¿’
ç”° ğŒ, âŠ, ç”³, ç”² and ç”±,,,,ç¿’
,,,,,,,ç¿’
,,,,,,,ç¿’
UGARITIC  L->R (normal) + R->L?,,,,,UGARITIC ,L / M confusion!  Mehl/Lahm Lips/Mouth,
ALPA,ğ€,ğ€,ğ€,ğ€,66432,, Ch
BEThA : BÎ´ / Î´B (step)  ,ğ,ğ,B/V/Î´:?,B/V/Î´:?,ğ”Ï€å…«part bar ba 8,Î´n=son/bin  ğğ“ğÎ´o=do_ vs moi_ !   Î´n=stone! ğğğš Î´int=daughter vs btâˆ‘y  klb=kleff=Hund@SEM  brr=pureâ†”vrr:wahr?,Ò¡
GHAIN cammal,ğ™,ğ™,C,C,66457,Ghain ğ™ ~ C ~ ğ‡ Zeta ~ ğ‘ğ•ZÃ¤hne ,)                          
DHAL,ğ,ğ,D,D,66447,Î” âˆ‚rÂ« droi='arm' ,ZETA 
DELTA,ğ„,ğ„,Î´ / B?,Î´ / B?,66436,Da,So!   ğ„vs ğ B!? beard = Î´rn    b/vr?   tits=ğğ„ ~ ğ‡ğ„ Breast                          
HO/HE,ğ…,ğ…,E,E,66437,,
Æ’I,ğ›,ğ›,F,F,66459,,
GAMLA,ğ‚,ğ‚,G / C,G / C,ğ™C,Back = gb vs bg ,)  ğ‚.ğ‚=G.g = giebel/roof!                          
HOTA,ğˆ,ğˆ,H,H,66440,H+Y+T = animal(hide)/life(heads),
I fI,ğ›,ğ›,I : EE,I : EE,66459,,
YOD,ğŠ,ğŠ,J : Y,J : Y,66442,,     
KHA,ğƒ,ğƒ,Kha,Kha,66435,ğƒ ~ ğ‹ vs SumKa ğ’,
KAF,ğ‹,ğ‹,C TÃŸ,C TÃŸ,ğ’S,C ÃŸ : bless â†” ğ’S   cup/tasse=kasğ‹ğ’   STAR QED!!! ğ‹ğ ğ‹ğ> sterb vs MUL.MUL vs kaukab : star [Sem k-b-k-b]!!!,èš ç¿’
LUM?   MEMÆ’,ğ,ğ,LU/Mem,LU/Mem,66446,Î´m vs B.LUT QED!?  Mwho, MUERT=mwt=die vs Toğ--  vs Gamma? King = G+MN+K  shğğ=Himmel +!                          
LAMDAÆ’,ğ,ğ,ME/Lam,ME/Lam,66445,MEHL vs LAHM!!! ğğˆğ ~ Brot!!!  _SP=Lip/Mouth   DLT=daleth=door vs ? but husband=doM vs boL!,
NUN,ğ,ğ,N,N,66448,nwr=river++   Nt  : bearN = BarT  gN? jN? : boy,à¥¡
AIN / OIN,ğ“,ğ“,Ou,Ou,66451,ğ“ğ— = UR=ORt   Abd=Apt++   âˆ‚rÂ« droi='arm',
PU / BO  LiP/Mouth!?! mw!?,ğ”,ğ”,Pi,Pi,ğBi,ğ”=LiP/Mouth~ğ“‚‹!!  Sğ”S=SmS/SlS(sun!!!)    sPea vs Psilence?      pqy = boy,
QOPA,ğ–,ğ–,Qu,Qu,66454,ğ–ğğ—= Qubr=~cover=bury ++ â†” keeper/cooper!?    ğ–_ğ=klein!,
RASHA,ğ—,ğ—,R â†’ L,R â†’ L,66455,B+R+Cth = bless â†” emBrace?,    !
SAMKA,ğ’,ğ’,S,S,ğ‹C,dangling pS?,ï­¸èš ç¿’
SHIN,ğŒ,ğŒ,Sk,Sk,66444,ask = a+r+sk   shnot=snore,1
SADE,ğ•,ğ•,Tz,Tz,66453,ğ•ZÃ¤hne ,)                          
TET,ğ‰,ğ‰,Th,Th,66441,,åŒ€è¤€á¼€
THANNA,ğ˜,ğ˜,Tc,Tc,66456,ğ˜ tooth vsğ•ZÃ¤hne ,)                          
TO,ğš,ğš,T,T,66458,-t = feminine OK,
U / V~B,ğœ,ğœ,U,U,66460,W~U  : V.isually ğœ~ W,
V~B / VOW ,ğ,ğ,V,V,66438,ğ†~ ğ— !? Wind,Vent = RH!?! ğ—ğˆ karacho ) â†”RÃ¤cher/Acher?                         
UU / WO,ğœ,ğœ,W,W,66438,ğœ~W~Ï‰~ğ  WOM Î©  U/UN=und !++,
SSU XU,ğ,ğ,X,X,ğ‹KC,,) â†”R
YODa  Ypsilent,ğŠ,ğŠ,Y,Y,66442,YP~UP ++, ) â†”R
ZU ,ğ‘,ğ‘,Z,Z,66449,*THU ğ‘ thooth ğ•ZÃ¤hne ,) *Ã° Î´ Ã¾ ğ˜                         
ZETA,ğ‡,ğ‡,tÃŸ vs ğ•,tÃŸ vs ğ•,66439,tits=ğğ„ ~ ğ‡ğ„/breast  Ghain ğ™ ~ C ~ ğ‡ Zeta ~ ğ‘ğ•ZÃ¤hne ,)                          
UGARITIC WORD DIVIDER,ğŸ,ğŸ,ğŸ,ğŸ,66463,,   
,,,,,,,
PERSIAN,,,,,,,       Q
A,ğ ,ğ ,E A O Ã¸,,A  ğ ~Ï‰   Phain/Mars  Arğ ğ¼R,ğ ğ«ğ ğ¼ 'atar'=fire Mars,66464 103A0                          
U,ğ¢,ğ¢,O U Y,,U ,,66466 103A2                          
I,ğ¡,ğ¡,Y  I  EE,,I  ğ¹I Y ğ¡ IN!!!,ğ§ğğ ğ¹ğ°ğ¡ğ¹ ~ KÃ¶nig,66465 103A1                          
BA *BV *BF *PHV,ğ²,ğ²,B V,, F,ğ’€ ğ’‰ºğ²vs ğ’„‘C!   ba.ga' = ğ²ğ¥ = big / mega!  ğ²~ğ’†¸,ğ ğ¼ğ²ğ ğ¹ARaBAY = Arabia    naiba=nouvo=neu    Babelğ²:ğ’„‘Gebail~Caban 66482 103B2                         
CA,ğ¨,ğ¨,C/K,,,,66472 103A8                          
DA,ğ­,ğ­,D Î” Î´ z,,ğ­Î´  ğsh  ğ€z   ndh  ,ğ­ğ¼ğ¢ğ¥ Trug=lie,    Trug! lie                      
DI,ğ®,ğ®,*aD,,*ot rot,,66478 103AE                          
DU,ğ¯,ğ¯,DU *?*,,,,66479 103AF                          
EI,ğ¡,ğ¡,EE I,,,,66465 103A1                          
FA ~ PF ğ± ~ ğ› F ğ“†‘,ğ³,ğ³,F / PH,,ğ“†‘ af- aus- ab-  ğ²F,V,B!  brahm=form bun=bottom found* Wanne Van-a!â†”bauen 66483 103B3                     
GA,ğ¥,ğ¥,G gâ¿ â¿g Å¡,,ğ¼ğ¥rag = rasch!,,66469 103A5                          
GU,ğ¦,ğ¦,Ghu Å¡ X,,,Gguğ¦ğ¥ğ¢,66470 103A6                          
HA HEL sá¸«n ğ“†‘ ğ“…±,ğƒ,ğƒ,H, *SHYN!,Shà¤¸,ğŸŒ£sHuhn !  shunâ†”al'gab sin=he same! ğ“†‘,Hvar'=Hel/Sun vs Å amas Ø§Ù„Ø´Ù…Ø³ 66499 103C3                         
I,ğ¡,ğ¡,I,,,,66465 103A1                          
JI,ğª,ğª,YI,,,,66474 103AA                          
JA,ğ©,ğ©,J,,,,66473 103A9                          
YA,ğ¹,ğ¹,YA,,Æ’? IG/IC/IK ??,,66489 103B9                          
KA,ğ£,ğ£,K/C,,vs ğ’„‘C!  QU GW! ,ğ£ğ«ğ±ğ¬ğ¢ğ£KTaPaD  kar=warrior !,66467 103A3                          
LA,ğ¾,ğ¾,L,,Alğ ğ¾faLL ğ“Œ  vs   Arğ ğ¼Raise ,,66494 103BE                          
MA,ğ¶,ğ¶,aM / Ma,,Matağ¶ğ ğ«ğ ,,66486 103B6                          
MI,ğ·,ğ·,Mi?,,,,66487 103B7                          
MU,ğ¸,ğ¸,Mu?,,Multi *** Khm? ğ“† ,,66488 103B8                          
NA,ğ´,ğ´,N*,,N, Na, Nia  Nau   vs ğ¡ IN / IL  66484 103B4                       
NU Æ’,ğµ,ğµ,*N UN,,<<,,66485 103B5                          
PA ğ± ~ ğ› F ,ğ±,ğ±,P,PH! *PT,,ğ±~ğ«pTer vs ğº Va ğ»Vi  vs ğ³ F PH  ,->ğ±ğ¢ğ‚ *PSON: Sohn/Ben   ğ ğ±=apo:away~ab off epi 66481 103B1                       
KU,ğ¤,ğ¤,Qu,,,,66468 103A4                          
RA,ğ¼,ğ¼,Ra,,Arğ ğ¼Ra,,66492 103BC                          
RU,ğ½,ğ½,R/L,,,,66493 103BD                          
SA,ğ¿,ğ¿,S,TH,,,raiseğ¼ğ¿ 66495 103BF                         
TA,ğ«,ğ«,*T,TH,D,,ğ« â†” ğ’£  estâ†”esse (sein) ğ²ğ¼ğ ğ«ğ  = brata = brother = brutus   ğ«â†”ğ’Œ‘ 66475 103AB                        
TU,ğ¬,ğ¬,T*,,,,66476 103AC                          
THA,ğ°,ğ°,Î¸ Th ST,,,ğ ğ°ğ¥  aÎ¸aâ¿ga  stein/gnost ,66480 103B0                          
U,ğ¢,ğ¢,O U Y,,U ,,66466 103A2                          
VI,ğ»,ğ»,Ve Phi,,,,66491 103BB                          
WN V! VAN ,ğº,ğº,Vau/W/U,,*VAN WUN vÎ½=vn! -via -ua -uo -un,ew=ein/one â€¦  find=windadan,66490 103BA                          
XA,ğ§,ğ§,X CS KS,,K!? ÃŸ/SCH@Pahlavi !,xwistan=Schwitzen ++  xwas=SÃ¼ÃŸ,66471 103A7                          
YA,ğ¹,ğ¹,Y U I,,vs ğ¡ I,,66489 103B9                          
ZA,ğ€,ğ€,Z HZ ZH,C K,vs Î” Î´  ğ­ D GJ   warz=walk,ğ¸ğ­ğ¼ğ ğ¹ Mudaray ~ Mizraim = Egypt   ğ€ğƒ*Zahn  abÄz = abÄck,66496 103C0                          
SHA *ASH  Å¡,ğ,ğ,as, os, us,,Ïƒ vs Ï‚ vs Î¶    vs  -ON -ING !!?!  66497 103C1                        
SSA,ğ‚,ğ‚,Î´ğ‚~ğ­d !,,Ïƒ vs Î´ ğ‚ğ¶~dom = -tum -dan QED vs nam !,ğ§ğğ‚ğ¶ Kingdom   vs -chen,66498 103C2                          
,,,,,,,ç¿’
AURAMAZDAA,ğˆ,ğˆ,,,ğ’ƒ²Agar Maga,ğ¸ MU,66505 103C9                          
AURAMAZDAA-2,ğ‰,ğ‰,,,â€œAhura Mazdaâ€,,66506 103CA                          
AURAMAZDAAHA,ğŠ,ğŠ,,,ğ’€aÅ AR maxa,,66507 103CB                          
XSHAAYATHIYA,ğ‹,ğ‹,,,,,66508 103CC                          
DAHYAAUSH,ğŒ,ğŒ,,,,,66509 103CD                          
DAHYAAUSH-2,ğ,ğ,,,,,66510 103CE                          
BAGA,ğ,ğ,,,Biga God! ğ ~ ğ’€­ ~ Allahu   vs Buddha,,66511 103CF                          
BUUMISH,ğ,ğ,,,,,66512 103D0                          
,ğ,ğ,,,WORD DIVIDER,,66513 103D1                          
,ğ‘,ğ‘,,,ONE,,66514 103D2                          
,ğ’,ğ’,,,TWO,,66515 103D3                          
,ğ“,ğ“,,,TEN,,66516 103D4                          
,ğ”,ğ”,,,TWENTY,,66517 103D5                          
,ğ•,ğ•,,,HUNDRED,,     
