MEANING,Connecting DE / EN / FR / GR,CHINESE,PIE,SIMILAR / DERIVED,NOTE
brothers/ comrades,Germans,å“¥ é–€ gÄ“men ,,A21 quieri  ğ“€™,Hier~Ger~Alt  Kuh-arier @ Georgia/ Herman@Armenia   ğ“Œ½ Gerste vs Aquaria
bear child,gen(erate) kin(der) @channel,äº§ chÇn,,,<> beer bear bur bar El-burz birth birds   <> venu/ you/ youth
sehr,,Â å¥½ç”Ÿ hÇoshÄ“ng,,,
I / we,we,wo æˆ‘,,,wo ist/ wo sind? ;)
Thing (holy assembly),Ding (Alten-Rat) Thaiding,ä¸ Ting / DÄ«ng å…,*dingir,` dian â‰  æ–¤ jÄ«n â˜‰,(â™€diang?)  ä»¶ jiÃ n =ding  -> Schranne~Schrein?  	ç¯ dÄ“ng=lamp Unding
âˆ‘3 zusam some,san => shuan â€¦ å½¡å·›å·å±±,ä¸‰  sÄn,sankh,saint trinityä¸‰å½¡å·›å·å±±,sancta 3 vs sin 4 ğ“‡¬ si=death   => 3:dra/terra/trans ğ“‡¶
 Jupiter/Shu/Ashur/Sun,saint trinity ä¸‰å½¡å·›å·shÄnå±±,ä¸‰  sÄn,Î©ğ“‹©ğ“‹¹ğ“ƒ™ğ“ƒ¶ğ“‹¸ğ“„Ÿ,æœ¨ mÃ¹	æ‰shÄn,å• ShÃ n ~ â˜¿ 1/7 Godly planets. Which?  æœ¨æ˜Ÿ mÃ¹xÄ«ng=Jupiter
some ğ“¤ğ“¤ğ“¤,s/n s/m,ä¸‰ sÄn Â num.,ğ“ª ğ“¤ğ“¤ğ“¤ ğ“¼ ğ“¨ S'men,3 shamnt ğ“ğ“‚¸ğ“,somne â˜¾â˜¾â˜¾ Samen! ğ“‡¡  'EÅ ' ğ’€¼ <<< +++
each,je/ jeweils,ä¸ª ge    å„ gÃ¨,,,
weil / wegen Â PrÃ¤p.,why,ä¸º [ç‚º] wÃ¨i,,æ–‡ WÃ©n,
wait (service),wait (for s.o.),ä¸º wÃ¨i,,å« wÃ¨i,
Master,school Sultan Ashur/ Shu.piter,ä¸» zhÇ”,,M23 shu ğ“‡“ ç‹ WÃ¡ng,Kwang ç‹ aÅ¡hur ä¸» King Kong é¾™ lÃ³ng kaiserlich
to be/ nun(then),nÃ© << mes/mais?,ä¹ƒ nÇi(s) = sein,nÇis moith,ğ“’ ğ““ ğ“‡ mnÃ¸ilk,nation/nest/nÃ¤ssen? å¥³ nÇš nu/ nuckel-milkå¥¶ nÇi=moilk breast
geben : ghaben,hand out,äºˆ yÃº ,,,
ich,yo io ixo,äºˆ yÃº  ä½™ yÃº ,,äº [æ–¼] yÃº in/ bei,vs you
men,Herren,äºº rÃ©n,,,â½’ clan
rest/ leftovers,junk!,ä½™ yÃº ,,,
whole,ganz,å…‰ guÄng,,,
all (quantity),quanto? tuti!,å…¨ä½“ quÃ¡ntÇ ,quanta,,
8,arabic 8  ba=osch ğ“±,å…« bÄ ,Â ,<<<,Bulle Baâ€™al
gen.erate zeugen,shoots! nat.chu zeu.gen,å‡º chÅ«,nat.chur,M23 shu ğ“‡“,Na.Shun God:
straw,Kau-Heu,åˆ chÃº  èŠ» ,,è‰¸ (è‰¹) cÇo,das Heu/ sprout = Sproth=Spross
pack,Paket / Ballen,åŒ… bÄo,,-> Ballen,å·´ bÄ b p P ×¤ ×£ 
back of south: north,back (rÃ¼ck),åŒ— bei / puuk,Â ,è„ŠèƒŒ jÇbÃ¨i=RÃ¼cken !,<> Berg RÃ¼cken!!  Gebail!
pile,pile,åŒ¹ pÇ,,M35 ğ“‡¤ pile ğ“Šª phooi     Ï€  ,compile   P6     ğ“Š¢ ?
30,san*10,å… sÃ ,,,
noon,fÃ¼nf Uhr (0/5 von 10),åˆ wÇ”,uon,un=1st,wu=0/10 5/10 : low/high noon 	äº” æ›´ wÇ” gÄ“ng=5*2 Stunden Wachen
Wache,watch,åˆ wÇ”,,å« wÃ¨i ,åˆ wÇ” Siebte Ziffer der Erdzweige
south,nicht Norden,å— [å—] nÃ¡n,,,
card / carta / map,die Karte ,å¡  kÇ,ka-bull?,`K` Ka  ğ“‚“ (D28)                                 ,å¡æ–¯æ»• KÇsÄ«tÃ©ng  Karsten  
wait (watch),wait (watch),å« wÃ¨i,,éŸ¦ wÃ©i (have nothing),-> weigh: measure!?
defend,wehren,å« wÃ¨i ,waitch,ğ“„“ F20 waitcher,T4  watch ğ“Œ‰  
sickle 7,Mond Sichel -> 7(sieben),å¶ si  xiÌ„å¤•,7,å›› sÃ¬ <> sick,å°¸ shi = corpse    ğ“Š¹  shi.piter?  pei=schief å°º chiÌŒ R8 <> sick 4
chew mouth,kauen,å£  kÇ’u,,,sumer: kau.chu -> Kau-gummi
opening (mouth),open,å£ ou(phon),,,
ego,ego : echo ich=eyo,å¾ old: egaa/ ngÃº/ wÃº,,,
chew,kau,å’€ jÇ”  (dshu),,,
district / nation,Gau de   <> Kur?,å›½ [åœ‹] guÃ³,gy,GÅt,das Gut vs GehÃ¶ft Cept Satrap/ Hebrew â€œgoy -> KÃ¶y
land,Gautal/ gorge,åœ‹ guÃ³  (æˆˆ ge + kou),,è°· gÇ”   æ²Ÿ gÅu (gorge),goÌ‚y@SEM = foreign nation
many,>=2,å¤š duÅ,duo,,
got gut,Handsome! schÃ¶n!,å¥½ hÇo(n)  å¥½ hÇo(d),,ğ“‚§ æ±‰åˆ,Iâ€™ve gut GlÃ¼ck!
,schief ,å°¸ shi å°º chiÌŒ æ–œ xiÃ©,,,
sprout,Ïª Janja Gen Raiffeisen,å±® chÃ¨,na.tsher,M22 tsher ğ“‡‘,nature ->  sher/hr ğ“‡‘  shu ğ“‡“  è±†  dÃ²u BohnenTopf
mount,Schanze,å±± shÄn,,Cyrillic:Ğ¨ä¸Šå‡ä»€!,Sha Ğ¨  =  Phoenician Shin å  shÃ­   -> ç”³  shÄ“n ? Sha Ğ¨ <> shar:sehr? 
 (Jupiter/Shu/Ashurâ€¦),shine+flow+mountainå½¡å±±,å·› shuan (å·/ å·œ) chuÄn,Schu / Tiuw,PTR,Holy Trinity/ Dreieinigkeit vs å½¡shÄn Aschur â€¦
channel,channel,å·› shuan (å·/ å·œ) chuÄn,,<> dam dome don?,
giant,huge guiant,å·¨ jÃ¹	,,Ju-Piter,<> Justice office  è· jÃ¹ distance<>journey?
stick / bar [phys.],Bar backen ballen,å·´ bÄ,ba=bull,å…« bÄ ,bar : handle!   vs  ren äºº
sail: Wind-fang,fan (en),å¸† fÄn é£ fÄ“ng,phoon,ç½‘ wÇng,Fahne
day / deus (god),Tiu / Tiew [Tuesday/ Teutartes],å¸ DÃ¬ / Teis [= â€˜Godâ€™ 2000BC - 20BC],,,very similar to Zeus Thei-Turn = Saturn bible: They made Saturn their god!
sehr/ â€˜hands downâ€™,shen,å¾ˆ hÄ›n,,,mwe ham con fear.  I seyen schon seher schÃ¶n schwer schÃ¶n.
commeth: mit â€¦ haben,haâ€™n haâ€™m  ,å¾ˆ hÄ›n,ğ“‚§,con/ ham@Persia/ â€¦,I ham good!  ğ“ƒ¹+ ğ“›ğ“†°ğ“ˆ– kommt ğ“‡ğ“†â˜„
huge/ high,huige/ Heike/ Hauke Heien,æ¢ huÄ«,,å›å› huÃ­huÃ­ ä¼š,
spear (GÃªr),Ger: Speer  æˆˆ  ä¸ª ,æˆˆ gÄ“ ~ je  â¼¸â¼·=shoot,geâ€™ / jeâ€™ !!!,gao(tall/axe)  ä¸ª ge,Gerhard/ Gaizas/
we,,æˆˆ gÄ“ ~ je = æˆ‘=I/we : wu,,,
palm,Hand - Ballen,æŠŠ bÇ Â ,balm,,
hold/ take,nahm/ nehmen,æ‹¿ nÃ¡(im),,,å¥ˆ nÃ i = like
blotch,Brand Fleck/ Flare,æ–‘ [æ–‘] bÄn / phleu,lat: flagra,,
duel,2-al,æ–— [é¬¥] dÃ²u,duo,ğ“ŒŸ T19 toe tuer,two tÃ¶ten
null nix nill,none,æ— [ç„¡] ,Ã¸,,
sun,sun ğ“‡³ ray ,æ—¥ rÃ¬,ray,N5 re   ğ“‡³ (sun),N8	ray     ğ“‡¶ 
Mars,la hune,æ˜hÅ«n  ç«æ˜Ÿ  huÇ’xÄ«ng,,,â€œdie HÃ¼hninâ€ æ˜ hÅ«n = confused ;)  huh? hÃ¤?   æ˜hÅ«n-mÃ¤chtig=ohnmÃ¤chtig
Â abends,dunkel Â Adj.,æš— [æš—] Ã n,Â ,,
haben,haâ€™en hand,æœ‰ yÇ’u ,æ‰‹shyond hand,,haben / sein !   æ‰‹shÇ’u
wood,mwood,æœ¨ mÃ¹,,ç±³mÇ æœ«mÃ² ,Mais mas much more multi ğ’€¯ğ’€­ç±³ æœ« mÃ²  mweapon  ç¦¾hÃ©
Tree of life/ wood,Sumerian MUÅ ,æœ¨ mÃ¹(dh),MUDHğŸŒ²MES,æœ¨æ‰ mÃ¹shÄn ,æœ¨ mÃ¹ ğŸŒ²â†‘-> æœ« mÃ² â†Ÿâ‡§ ğ“‰¼  æš® mÃ¹ end tree-top tou å¤´å¤ª çŸ› mÃ¡oğƒ† â‡â‡‘ å¤« fÅ« ;)  æ ‘ æ¨¹ shÃ¹ trees :( lin â€˜Lindenâ€™
fight,war / phoi,æ­¦ wÇ”,,,
death,die,æ­¹ dÇi,daith,ğ“±  die / tuer å¤ª ,-> your day has come
shoot,Schuss,æ®³ shÅ«,shÅ«t,F29 shoot    ğ“„ ,
mother,Mutter,æ¯ mu ,,ğ“… Mut[a],ğ“…‘  Mut.ter.de Gaia/ Terra Erde  (deia=goddess) S44 The/Te[deum]   ğ“Œ„  S45ğ“Œ…
mother,Mutter,æ¯ mu(t),MUTHğŸŒ²MAT,ğ“… Mut = Mutter å¥³ nÇš,ğ“…‘  Mut.ter.de Gaia/ Terra Erde  (deia=goddess) S44 The/Te[deum]   ğ“Œ„  S45ğ“Œ…
Muhkuh,,æ¯ç‰› mÇ”niÃº,,ğ’„ å¥³ ğ“ˆğ“ˆŸ,
compare,bi- (dual)/ wie,æ¯”  bÇ,,,
,Maul(tier),æ¯›é©´ mÃ¡olÇ˜,,,Ass.mare  ğ“„™ğ“…“ğ“ƒ˜
men,MÃ¤nner,æ°‘ mÃ­n/ ä»¬ men é–€,men,Y5 ğ“  S28 mensch ğ“‹³,gerMEN   Sanskrit: manus / maans  R22 ğ“‹‰ ğ“‹Š Min ?
Hun/ wieder/ â€¦,schon/con/so join! â€¦,æ±‰ HÃ€N åˆ yÃ²u,ğ“‚§,ğ“‚§ğ“‚§,æ¼¢ Hunnen!  shoun->you! åˆ
(dirty) pool (lake),der Pfuhl,æ³Š pÅ,poo_?,poo Pudel Puder punta,
bleb / bubble,die Blase Â Pl.: die Blasen,æ³¡ [æ³¡] pÃ o,Â ,,
huge,haushoch,æµ© hÃ o,hauh -> hun,C11 ğ“¨ Hauh,10^6  Hohei(t) (hoch/high)  C11 ğ“¨ -> å·¨å¤§ jÃ¹dÃ  giant  sha Ğ¨  å±±shen
Nautik,nhai,æµ· hÇi,,ğ“ˆ– nautik ğ’ˆ¾ NA,naur~maur:mare noir=dark-blue Meer ğ“ˆ—
fire,feuer/pyro,ç« huÇ’ ç¬ ,phuorâ€™,,ğŸŒ²fir ğŸœ‚ fireâ½• fichte fechten æœ«çŸ› vs æœ¨æ‰mÃ¹.shÄn=tanne Âµood fir.tannèŠ™æ‰?
charm=heat,chamâ„¢,ç« huÇ’m ç¬  æ˜hÅ«n,,,yacham ~ æœ‰yÇ’u ç«huÇ’m
smoke / soot,Schmutz / Asche ,ç° (sm)huÄ«,smutch,,æœ¨æ˜Ÿ mÃ¹xÄ«ng planet  => Shun God   
scorch,sâ€™ç« zâ€™huÇ’ chaud/ shining!,ç¼ zhuÃ³,,,
burn,brand,ç‡ƒçƒ§ (b)rÃ¡n,Â ,,
father,father,çˆ¶ fÃ¹,,ğ“‡‹ğ“ fEÎ´er,ç‰¡ mÇ”  Vatertier lol
piece,piece/ plain/ planar/ plane,ç‰‡ piÃ n ,,,
cow,gnu,ç‰› (ç‰œ/ âº§) niÃº 	ngÆ°u,,,Nan Bull
dog,ÎºÏon chien Hund ç‹—gÇ’un,çŠ¬ quÇn  (å¤§da+g=dog),daquan Dogge,,gen.hun kuon @ Greek <> å¹² gan  vs duck-hunt
sehr,â€œschon schÃ¶nâ€ -> sehrn,ç”š shÃ¨n,,,ä¸Š shÃ ng å‡ shÄ“ng ä»€ shÃ©n
[you],!!,ç”± yÃ³u,,,~Ursache <> ian/yin/io/yi/yu/yue(moon)/æœˆ/justice/you/youth [pure]
cows,Kuh-Vieh(l) ,ç•œ chÃ¹ ,,,tongue
piece of cloth/ skin â€¦,piece of cloth / peal ,ç–‹ (âºª) pÇ ,,pi+ğ“‹³piece,drape
white,bright  bğ“‡³ vai.de,ç™½ baÃ­,brekh/ bvait,,
emperor (Kaiser),KING imperator,çš‡ huÃ¡ng ,,,å¤ªå tai huo : big house / mother   	Daimyo
peal pelle,peal,çš® pÃ­,pyÎ»,,
stane,der Stein,çŸ³ shÃ­,Â ,,
carriage / sledge,Hund / Hunt ,çŸ¿è½¦ kuÃ ngchÄ“n,,,buggy <> bergy / doggy ?
bang: strike,,ç¢° [ç¢°] pÃ¨ng,,,
grain,hay/Heu/Hafer,ç¦¾ hÃ©,,,hn->korn é¢— [é¡†] kÄ“ !   ç° huÄ« Staub
lieb,like,ç±» lÃ¨i,,,
net (catch),Fang-Netz,ç½‘ wÇng,phuan,,
Zunge,thongue,èˆŒ shÃ©,,ğ“„“ F20 waitshe ,
chewy,gnawy,è‰®  gÄ›n,gen,zeugen å‡º  chÅ«n hen,-> Gnu Leder è‰®=?  â™€ Yan -> muyan=eye <> Eule é¸®å½¢ç›®
grass,Kau-Heu,è‰¸ (è‰¹) cÇo ~ è‰ cÇo ,,,èš±èœ¢ zhÃ mÄ›ng GrashÃ¼pfer 
chew cow,kau Kuh,è‰¸ cÇo (è‰¹) ,,å‡º chÅ«,
by,bei/ beim Â PrÃ¤p.,è¾¹ biÄn,Â ,,
long,lang,é•¿ [é•·] chÃ¡ng / lang!,lang,,
gate,two men minding door,é—¨ mÃ©n  é–€,M,á›— ,rune á›— manaz = men
question/ inquiary,when wen wannâ€¦  [men],é—® [å•] wÃ¨n,kwan/ phoon,Q3  ğ“Šª   kou/phon ,when/ whom/ wen/ wann/ qua/ quan/ quando
harm/ Not,nein!,éš¾ nÃ n,â€”,,<> nan bull
sehr,,éå¸¸ chÃ¡ng,,,
leather,Gerb-leder,é© gÃ©,,,
cereal corns,Gersten Kern Hirse Getreide ,é¢— kÄ“ ç¦¾ hÃ© æ ¸ hÃ©,kherste,gÃ¤hr    ğ“Œ½    ğ“Œ¾,-> Mai éº¦ dÃ mÃ i  Ma@horseâ€¦
mare (horse),MÃ¤hre (â€œold horseâ€),é©¬Â [é¦¬]Â mÇÂ ,mark? [horse],,(Saxen?-) Maat / Maut
tall,groÃŸ,é«˜ gÄo ,,åœ‹ guÃ³ (Gautal),
grain,Mais/ millet/ Malz,éº¥ mÃ i / éº¦ mÃ i,,-> ç±³ mÇ  millet,mÇ  leis/ like
,nicht hell: dunkel Â Adj.,é»‘ [é»‘] hÄ“i,Â ,,
,,,,,
head,top ,å¤´ tÃ³u,,toupet,
son/ heir,er (versus â€˜sieâ€™),å„¿ Ã©r   å…’,,,
some,je/ jeweils/ sie,å‡  jÇ,Â â€˜JIâ€™ letters,,
self,Â je fr,å·± jÇ,,,
seit/ selbst,since/ sich,è‡ªzÃ¬,,<> Zeit!,
thing/ thingamajig,Dings(bums),ä¸œè¥¿ dÅngxi,ding=approach,ä¸œdong=opener,æ± dong = east   å®å½“ dÄ«ngdÄng  ding dong 
court,Rechts-Ding  Thing,å… tÄ«ng å»· tÃ­ng  ,,äº­,å®š dÃ¬ng = (rechts)fest   Halle/Saal  -> Tenne?
go,rei.sen,è¡Œ xÃ­ng,,,
line,hang in line,è¡Œ hÃ¡ng,,,
,,J pie,J Biegung,,
,,l jue,gimel,,
one,ein,ä¸€ yÄ« ,1,yuan uan,<> yi iana
roof,maurn monument ğ“  ,å®€ miÃ¡n,MN+ia,N35 ğ“ˆ– Memnon ğ“  ,Wellblechdach ;)
m/ meter,der Meter,ç±³ mÇ ,,,
dagger,Dolch,åˆ€ dÄo,,,
,StÃ¤rke,åŠ› [åŠ›] lÃ¬,L,,
,,,,,
earth,Terra Erde vs Air dual ğ“ˆ‡ TURBAt!,åœŸ tÇ”,tur / ta / terra,ta / ter N23     ğ“ˆ‡,TURBAT@Hin/Per/Tur/Arab!!! disturbe! vs Earthu vs Monthu  ~ diÌ€r åœ° tyr vs TON!   å±¯ tÃºn	ğ“Š–ğ“Š–=twin <>å¸‚ shÃ¬

red,tain Ton Ton,ä¸¹ dÄn/ tan,,<> Î´an chÃ©ng=orange,dash-red : tau-s-t ğ“†¼ 
dawn!,,æ—¦ dÃ n,,ä¸¹ dÄn,Morgenrot
[â™€ in Oper],Donna/ dance,æ—¦ dÃ n,,,ğ’Œ‹ğ’¯ğ’ˆ¬ Ischtar Morgenstern
bejÃ¤hred,Â¬youth yeared,æ—§ jiÃ¹,,è€lÇo lau,
stand / sands: beach,der Strand / Stand ,æ»© `tÄn [è´¨],MERKUR!!,,
visitor,Visiten,æ¢ tÃ n,visi-tan,,<> town tang tent
secret,si.kur.as,ç§ sÄ«,,,
MaÃŸ / Waage,holy Maat -> maths/ right etc,å·« ma / wÅ«,Magi,S23 MaTh.MaTch   ğ“‹¬ ,S38	hequa hex+t     ğ“‹¾  Magie
scholar,der SchÃ¼ler Gelehrte,å£« shÃ¬ Â ,Â ,T18 shli  ğ“Œ  = SchÃ¼ler,xuel T18 fall.schlitten  ğ“Œ  = follower  
,2er duo = too many,duoÌ„å¤š,,,å¤•å¤•tuer:kill 
,,å¤§ Ä‘áº¡i,,,
son,Zieh-Sohn/ Dimuzi=true son,å­ zÇ,,G39 ğ“…­ goosen=son,Dimu : xuem blood
sprout,~shoots,å±® chÃ¨,na.tsher,M22 tsher ğ“‡‘,nature ->  sher/hr ğ“‡‘  shu ğ“‡“
gen.erate,nat.churn,å‡º chÅ«,nat.gen ,M23 shu ğ“‡“,
DO create ~ ä½œ zuÅ,zu(zeh)+U Schuh! qu/zuo/â€¦,å‡º chÅ«,,,
Mount,Schanze,å±± shÄn,Ğ²erÑˆinĞ°,Cyrillic: Sha Ğ¨,Sha Ğ¨  =  Phoenician Shin å  shÃ­   -> 	ç”³  shÄ“n ?  coptic Ï¢ ä¸‰ sÄn,,,,,Anshan â€¦,Shanghai â€¦,,
 (Jupiterâ€¦),Windgott,å·› (å·/ å·œ) chuÄn,Schu / Tiuw,PTR,vs å½¡shÄn  Aschur â€¦ ä¸‰ sÄn  
 pound,pound / pochen ,æ”´ pÅ«,,A34  ğ“€§ S42 ğ“Œ‚  vs D40+ ,punch
 slice,piece,ç‰‡ piÃ n,,,fÃ¤lln?
field/ land,-tian (i.e. Egyptian),ç”° tiÃ¡n + tuan?<<,-tian,*diÇn.ç”µå…¸å• ShÃ n,Tenne 
arrow (shoot),schieÃŸ,çŸ¢ shÃ­,,,ğ“Šƒğ“ˆ™ğ“‚‹ğ“Œ• SchieÃŸer ğ“±ğ“‹´ğ“‚‹ğ“Œ• !   shot [arrow]
shoot,schieÃŸ,å°„ shÃ¨,,çŸ¢ shÃ­,æ‘„ [æ”] shÃ¨ = shoot picture
spirit soul,Seele,ç¤º (ç¤») shÃ¬â€™,,,shini~genie â™€ ghosh
road track,route,ç¦¸ rÃ³u,,rohd,
stand (erect),lift,ç«‹ lÃ¬,ri(se) <-> li(ft),,åŠ› lÃ¬  Riesen-StÃ¤rke        é‡Œ lÇ liter? length -> lines !
silk,silk,ç³¸/ç³¹/ä¸ sÄ«,,,
vat,Fass,ç¼¶ fÇ’u,bvouth,W14	FAss  ğ“¿  ,W1 bvase ğ“¯ -> Bath-Kat 
lead a plow,lenk den Pflug,è€’ lÄ›i,,,
ear!,ear,è€³ Ä›r,,F21 Ohr(d)    ğ“„”    ğ“„•,M36 [n]ohr   ğ“‡¥   Ohr/reu(se) D21  ğ“‚‹ 
see,Å›eihÃ n sehen,è¦‹ 	jiÃ n,,,xÇngçœ seen->examine jian
,sehen/moigen,è¦‹é¢ jiÃ nmiÃ n,,,mian
mvoir eiyen oigen Augen,sehen/moigen,ç›®çœ¼ mÃ¹yÇn,,ğ“¹    ğ“º         ğ“»,mvoir muyan mayer <> Muschel! mui çœ‰mÃ©i=Braue/brows çœ¯mÃ­=Mais-im-Auge 
sehen,see,è¦– qÃ¹/ shÃ¬,,,
sehnen,yearn (juarn),çœ· juÃ n,,journey? <> jour,
swine,Schweine Schinken,è±• 	shÇ,,å®¶ jiÄ,ä»· [åƒ¹] jiÃ  preis
car cap charriot etc,Karre / Kutsche,è»Š 	chÄ“,,,
ship,Schiff,èˆŸ zhÅu  chiÃªu,,,Schief/ Schlitten!
(s)walk swagger,sway,è¾µ (è¾¶/â»Œ/â») suá»›c = chuÃ²,,,
distinguished,bienfr ,property,biin,bin:good,bon
landed property,Liegenschaft,é‡Œ lÇ,,,
,,,,,
furrow,Furche,é˜œ fÃ¹,,,
slave ,Lehn,éš¶ lá»‡,(s)leh,,
wrong,falsch fÃ¤lschen â€¦,é fÄ“i,,,
tanned leather,property,é© gÃ©,,,
fly,Voegel fliegen,é£› fÄ“i,,,
grain,Mais,éº¥ mÃ i ,,,
tall,groÃŸ geor-man,é«˜ gÄo,,,
salt,lo- lÃ¶s-  i.e. so-lu-tion,é¹µ lÇ”,,,
sell,myy (Finnic),è³£ mÃ i,,,
clay / pottery,FI:savi,åŒ‹(tÃ¡o/Ä‘Ã o),,,
ghost ghoul,Geist,é¬¼ guÇ 	,,å† gu=bone,
skeleton / bone,ghoul ,å†(guaÌŒ),,guon=dog,<> æ»‘ huÃ¡ glatt/ gleit  åˆ’ huÃ¡ ruder
enter,rein!,å…¥ [å…¥] rÃ¹,roots@earth,rou -> leo,å…¥ å£ é—¨  rÃ¹ kÇ’umÃ©n die EingangstÃ¼r ;),,,,,,Â ,,
gape ,schulden / gÃ¤hnen / gain,æ¬  [æ¬ ] qiÃ n,Â ,,-> gen : rise/grow/create
title/ theme,title,é¢˜ [é¡Œ] tÃ­,Â ,,Â 
job/ shift/ service,Schicht,äº‹ [äº‹] shÃ¬,,,
shift/ service,Schicht / Dienstpflicht,å€¼ zhÃ­ / èŒ zhÃ­,,,
linden Â / lime forest,Linde,æ— LÃ­n [lam],,-> LAM!?,
cheese,KÃ¤se,èµ· qÇsÄ« (å°æ¹¾),Â ,,Â 
hemp,mariu.ana,éº» mÃ¡,,,
money,bill,å¸ [å¹£] bÃ¬,,,
regent,Regens â™€  AÅ¡hur!,ä¸»ä»» zhÇ”rÃ¨n ,,,Assur Aser Ashur â€¦  vs ç‹ Wang=King
fiery fury,Wut/ Wotan,ç«  å¤´ huÇ’tÃ³u,,,Hottentotten <- Khoikhoi
love,aimerfr  merry marry Marie,çˆ± Ã i,eimer,(ai)MER   ğ“Œ¸    ğ“Œ¹   ğ“Œº ,æ‹ [æˆ€] liÃ n 
sister,sissi,å§Šå§Š zÇzi,,,
seed / grass,Saat,Cai [tsai] æ‰,tsai è‰¹ cÇo,ğ“Šƒ   Zeh/ cai  é‡‡  å®·,å­ zi seed/son! Saturn  å‰ huÃ¬   gruiser
,[can:capability],æ‰cai,keÌŒå¯,,
snake,Schlange,è›‡ shÃ©[ngk],tshnaga,ğ“†“   (t)sch  I10,å·³è›‡ sÃ¬shÃ©   Zischer  naga->natter
# six,six 6 ,å·³sÃ¬,siÄ,ğ“‹´ Gardiner S29,S wie Sichel
cup,kelch,å£³ kÃ© ,,,
heap,Haufen,ä¼™ huÇ’,,,
justice,ğ“‡Œ  ğ“‡‹ğ“‡‹,ä¹‰ yÃ¬,Y,ä»¥ yÇ mittels,â™€=Yi=Yian=Vian=Venus    è®® yÃ¬: Ansicht/ Antrag
feather -> justice,ğ“‡Œ  ğ“‡‹ğ“‡‹,ç¾½ yÇ”,Y,é›¨yÇ”=â™€ Yians tear,daÌ„ngç•¶ just <> dom/ dan
too,two,äº¦ yÃ¬,y~e~and,â™€ Yian,â™€=Yi=Yian=Vian=Venus double star     æ˜“ yÃ¬ : change (werewolf)
`cause,reason/ ries.an/ Kauda,å›  yÄ«n,ç”± yÃ³u,kau+da = yi+an,you in! ;)  just<>right?
two,[venus double star: 2],å…© liÇng      lie+yian = like,,Iana=Genie,Janus Doppelkopf
good ,like[able] fine (vian),è‰¯ liÃ¡ng  ,,,æ¶¼ liÃ¡ng kÃ¼hl 	
Yin,bad moon,lyuen ğ“‡¹æœˆé˜´,,yuenæœˆ/ yiné˜´,gyn gwyn myun: feminin mean Minne  vs é˜³ [é™½] yÃ¡ng/ ç¾Š yÃ¡ng sankht
glint/ luster/ glamour,glanz,äº® liÃ ng,,,brilliancy = brille.ian â™€
love/ lust,long/ liebe!,æ‹ liÃ n,,,yian + å¿ƒ xÄ«n = â™¡
ghost/ jinn,jin/ genie,ç²¾ jÄ«ng,,,gin tonic Flaschengeist
capital,shining head,äº¬ jÄ«ng  â™€,â™€jini,,
spring,jini spring,äº• jÇng,,,
[measure],2 long lines,å…© liÇng   é‡ liÃ ng ,,like=li(e),
band/ tape/ bind,Band/ BÃ¤nder/ zubinden,æŸ shÃ¹ æœ¬ bÄ›n,,<> åœ bÇ”  æŠŠ bÇ ç¬† ba ,æŸ shÃ¹ Schwall <> Strahl
introduced > 1500AD,das NickelÂ - Ni,niÃ¨,Â ,,Â 
nun/ niÃ±a/ lady,nun Nonne,å¥³nÇš å°¼ nÃ­ ,Baâ€™nu = lady,,nun/ nin@sumer vs Baâ€™al = lord  <> Nacht GÃ¶ttinnen/ Nun/ Nut/ Neith
leopard,,çŒè±¹ liÃ¨bÃ o ,,,
gang/ gainst,gen/ ganz gegen Gang(Klan),å¹² [å¹¹] gÃ n,,,gans GroÃŸ: åƒ qiÄn 1000   be/gegangen   ğ“‚»   ğ“‚»   ğ“‚» 
raw ribs / meat,roh,è‚‰ (âº¼) rÃ²u,,,
toll / customs ,ca. 3/3 cm / Zollkontrolle,å¯¸ cÃ¹n,â€”,,knive?
south,nicht Norden,å— [å—] nÃ¡n,,,
bleb / bubble,die Blase Â Pl.: die Blasen,æ³¡ [æ³¡] pÃ o,Â ,,
bang: strike,,ç¢° [ç¢°] pÃ¨ng,,,
phÅ“nix,Fenix ğ“…‚ ,ä¸° FÄ“ng å‡¤ / å‡° huÃ¡ng,,,
(hang on) line / row,Hang-Leine,è¡Œ hÃ¡ng,,,
howl,,å· hÃ o,,,-ono
ship(ing),hangar from haimgard ,èˆª hÃ¡ng ,,,
huge men,HÃ¼hnen,æ±‰ HÃ€N ,,Hunnen å· hÃ o å¾ˆ hÄ›n,Hahn-Riter huang=yellow   çº¢ hong=red   huang-utang?
hand,Hand,åˆ 'Hand',åˆ Hand,æ±‰ HÃ€N  é¸¡ Hahn/Huhn,vs  æ‰‹ shÇ’u yÃ²u åˆ   [show you!]  å‹ yÇ’u (friend) ç”± yÃ³u
and/ with/ mix/ togth,(h)and/ kon/ con-â€¦/ con-tain,å« hÃ¡n-> åˆ hÃ© å’Œ hÃ©,,Hen,hen -> he-> è€Œ Ã©r   hen->è·Ÿ gÄ“n: mit   h~k~g qed    (lend Hand? ->herein?)
con-verge/ together,he->hui,ä¼š [æœƒ] huÃ¬ å› huÃ­ æ±‡ huÃ¬,,,
mixed/ confused,huh?  uhuh-nacht,æ˜ hÅ«n,,,-> æ—± hÃ n arm/ karg/ brutal/ dumm / tapfer   Kampfbegriff +/- Han Gruppe!
name,how is your name?,å· hÃ o,,,see you! derivatives vs â€˜how?â€™
good,how is your wife+son?,å¥½ hÃ o,,,
huge,haushoch,æµ© hÃ o,hauh ,hao=white,ğ“¨ hao  1.000.000  Hohei(t) (hoch/high)  C11 ğ“¨ -> å·¨å¤§ jÃ¹dÃ   sha Ğ¨  å±±shen
tall,groÃŸ geor-man,é«˜ gÄo,,,<> tell/ mount
together/ with,zu-sammen / eins ~ yÄ«qÃ­ ä¸€é½,åŠ jÃ­ æ—¢ jÃ¬ ä¸” qiÄ›  ä¸ yÇ”,,,
,sum up,è®¡ [è¨ˆ] jÃ¬,,,
,,,,,
Witze reiÃŸen,bruhaha (verb),æ‰“å“ˆ å“ˆ  dÇhÄhÄ,,Â ,ONO! matopetic words are to be excluded
bear child,gen(erate) kin(der) @channel,äº§ chÇn,,,<> beer bear bur bar El-burz birth birds
root,Gene (generations/ genesisâ€¦),æ ¹ gÄ“n  è‰® GÃ¨n,,,IANâ™€ -> Jan -> Jen/ Gen
gang/ â€˜gainst,gen / ganz gegen Gang (Klan),å¹² [å¹¹] gÃ n,be/ge.gan.gen,ğ“‚»   ğ“‚»   ğ“‚» ,
walk behind,gehen,è·Ÿ gÄ“n,,,
(walk) to.wards,gen (gegen â€¦ gehn),è·Ÿ gÄ“n,,,to.vers
going to work,Gong zum Arbeits-Gang,å·¥ gÅng,ergon,rang by king-gÅng å…¬,-> æ”» gÅng to attack/ å…± gÃ²ng together/ only male å…¬ gÅng å¼“] gÅng  bow??
ridge / hill,Gang den Hang entlang,å†ˆ gÄng,grat-gang,,-> Fang-Netz   X:danger oXtung!
class,Gong zum Gang,çº² gÄng,,,
pot,1. Gang: Gong,ç¼¸ gÄng,,,
anus,A(n)us-gang  Stuhl-gang,è‚› gÄng,,,dirty-moon + work-gong an-aus-gang;)
steel,Gong(å·¥) aus Stahl,é’¢ gÄng,,,
main cadre (ç”˜ GÄn),Gang,å¹² gÃ n,,,-> æ† gÄn : Stangan?
the going,begehen,å¹² gÄn,,,
move: hurry/ dare/ â€¦,gehenâ€¦,è¶• gÇn æ•¢ gÇn èµ¶ gÇn,,,æ“€ gÇn: auswalken   â€˜goâ€™=â€˜do itâ€™  / stalk/ â€¦
gone,ver/Ã¼ber-gehen ,è¿‡ guÃ²,,,
gone / past events,Vergangenes,æ•… gÃ¹,,,
gainst,gen / gegen Gang,å¹² gÃ n,,,
pleasure -> sweet,ganz gefÃ¤llig (Spaziergang?),ç”˜ gÄn,,gan-root ~ ben-root M30 ğ“‡œ  ,å¹² gÃ n = â€˜goneâ€™ -> dried fruit ->              ç”˜ gÄn(sweet) è‰®gÃ¨n (root)   [dates/orangan]
just!,Gratgang(å†ˆ) grad geschafft,åˆš gÄng !,,,auf Messers schneide! Eingang beim Gong!
change/ further,Gang der Zeit,æ›´ gÃ¨ng,,,äº” æ›´ [äº” æ›´] wÇ” gÄ“ng 5*2=Zehn Stunden Wachen <> noon
public/ palace â€¦,Kyr Gong å·¥ ,å®® gÅng,,,
first (FÃ¼rst sovereign),king-gong,å…¬ gÅng,,<> å…« bÄ bull,tiÄn å¤©å…¬ [å¤©å…¬] gÅngç©º = Himmel <> King=Gong=Sky=God=Theis å¤§daå¤ªtÃ i  ğ“™DEI TEI ğ“Œ… å¸ Teis ğ“‡½DU.ANå¤© tiÄn
(con-) together,going to å®® gÅng å·¥ ,å…± gÃ²ng,,con-fess,gone->come
hook âœ“,[âœ“] OK â€˜key goud go! â˜‘good,å‹¾ gÅu,goud,,-> kuck! gut!   GO! -> buy
good enough,go! â˜‘good,å¤  gÃ²u ,,è¿˜ å¯ä»¥ hÃ¡ikÄ›yÇ=okey,
fruit / result,result [âœ“]good å‹¾ gÅu=gut,æœ guÇ’
,,å›½guo land geo å¤ gÇ”,
hard/ fest,gut,å›º gÃ¹,,,
buy/ accept/ â€¦,gut! go! kaufen,è´­ gÃ²u æ²½ gÅ« è‚¡ rÃ¹gÇ” ,,,ä¹° [è²·] mÇi   æ”¶å— [æ”¶å—] shÅushÃ²u = akzeptieren (Handschlag)
good old gone days,ago/ geo/ger->hier,å¤ gÇ”,â™ geo,å›½guo land gau,Gaia â™ geo hieroâ€¦ ! Gudea vs â¼Ÿ tu ãŠ âš â˜· ta ã†åœ°dÃ¬ä¹Ÿ ğŸœƒ ğŸŒğŸŒğŸŒ
Getreide ,gÇ”erste ,è°· gÇ” ,,,
gorge (valley),gÇ”orge,è°· gÇ” ,,,
gorge (valley),Gautal,è°· gÇ”   æ²Ÿ gÅu,geurge?  â™ geo(r),å›½åœ‹ guÃ³,valley -> Willy/ viele VÃ¶lker?
good? estimate,â™ geo-mete vs â™€,ä¼° gÅ«,,,ä¼°è®¡ [ä¼°è¨ˆ] gÅ«jÃ¬  åº¦ [åº¦] duÃ³ duoshao
measure make-sure,messen,ç›®æµ‹ mÃ¹cÃ¨,,,<> æ‚ diÄn mit den HÃ¤nden schÃ¤tzen vs mit bloÃŸem Auge schÃ¤tzen 
sin,Niet nie nicht! SÃ¼nde!,å­½ niÃ¨ !,,,
blacken,negro noir(verb),æ¶… niÃ¨,,,åš™ niÃ¨ nagen  é‘· niÃ¨ nehmen mit Pinzette
,,,,,
,,,,,
GeiÃŸ/ Lamb,goat â™€ ankett,ç¾”ç¾Š gÄoyÃ¡ng ,,ğ“‹©ğ“ƒ¶ğ“ƒ™ğ“‹¹å•é˜³å±±é—ª,gute schÃ¶ne Jana
,,â¼¾ door,,,
Stern [ste.an],*,å¤§,AN,ğ“‡¼ DU.AN  (Gardinger N14),* Dingir   Ahn Anka/ Yian/ Dian/ Vian      ğ“Š¨st+an=stan=stern
Tall highest -> Deus,Tall Don,å¤§ da    å¤ª tÃ i  ,ğ“š DA,,ğ“Œ½ ger ~ groÃŸ?   tai-cent=Tausend  Daisen-dorf Zeus God 
tab@SEM top!,top!,å¤ª tÃ ip  ,,,
highest god,Theus/ Deus/ day,å¸ Teis,ğ“™ DEI  TEI  ğ“Œ…,,Tag/ Tuesday/ Zeus/ â€¦ Tai-Ping=aufs TaPeth=Peace  Titans TeuTeuTeuTonen!
sky,dawn/ time,å¤© tiÄn,DU.AN ğ“‡½,,Duall: Air+Terr/ â€¦ Turnus/ Duat/ Tiamaat
dog,chien (fr: dog),å¤§ Da+g=dog: â½ quÇn,daquan,Dax,Doggen dackeln
eye  oijen=Augen,moin Meyer,ç›® çœ¼ mÃ¹yÇn,mÃ¸yen,mÃ¸yen 	 ğ“¹   D4,Meyer = Aufseher  ->  YAN~Gen!            çœ¸ mÃ³u=eye
sleep,schluiph,ç¡ shuÃ¬,,<> shu = sun,
Wasser,Schauer,æ°´ shuÇ,,<> Schu = Petrus,
Lamm Jungen,young goat,ç¾Šç¾” yÃ¡nggÄo,,,
sankt,sankh ğ“‹¹,ç”Ÿ shÄ“ng,,sank   ğ“‹©  -> E31  ğ“ƒ¶    ğ“‹¹,å†° bÄ«ng
live,rise  ğ“Œ˜,æ—¥å­ rÃ¬zi,,ğ“Œ˜ rise,
,schÃ¶n,å¨Ÿ juÄn/ å¬‹ chÃ¡n,,,
foreign!,farn-rainer,ç•ª fÄn ,,ç›˜ pÃ¡n  å‡¡ fÃ¡n ğ“…š ,æ¢µ fÃ n Æ’anâ€™script Â sanskritisch  Vanen!? WAN WÃ€N å ç‹ â‰  å£¬ VENG (9. Himmelsziffer) ~ äºº REN / gong neun? An Fang?
universal/ common,pan,æ™® pÇ”/ æœ´ pÇ”	 	
,,ç›˜ pÃ¡n  å‡¡ fÃ¡n ğ“…š ,PUNI= PhÃ¸nit/ PAN/ VAN/ Bande/ PUK Volk! Pucker Fugger Voigter,,,,,Briten,,,
band/ bunch/ bundle,Bund,åœ bÇ”,ğ“‡ª,ğ“‡©  -bu  M40,åœ bÇ” wahrsagen: (Riss-)BÃ¤nder/BÃ¼cher/StÃ¤be deuten  ~ fascie-nierend/ fasces åœ fork? yaw?,,,,,confess!,,,
butler [serf/commoner],Puck/ Pack(esel)/ populus,ä»† pÃº,,,æ• bÇ” verhaften/ æ€– bÃ¹ befÃ¼rchten/ è¡¥ bÇ” flicken/ etc
back of south: north,back: rÃ¼ck / Buckel,åŒ— bei / puuk,,ğ“Ÿ ,
but no!,un pokoåœ bÇ” boo!,ä¸ bÃ¹,,,Â«buckel runterÂ»
butt [in buttocks],butt ,æ­¥ bÃ¹,,,
purzeln [tumble],push,ä»† pÅ«,,,
pitch/ rush,push,æ‰‘ pÅ«,,,
poor quality,kaput,ç ´ pÃ²,,,
Pot (big ship),boat,èˆ¶ bÃ³ ,,,èˆŸzhÅu <> shai boat â‰  ğ“Š¡ç½‘    wan/ pan <> ganz
whole/ ganz,pan,ç›˜ pÃ¡n  å‡¡ fÃ¡n,qphan.Î´e,å…¨ä½“ quÃ¡ntÇ = ganz,vs å fÇn antiâ€¦ åˆ† fÃ¨n = Teil  <> ä¸° fÄ“ng Ã¼ppig  
whole,ganz,å…¨ quÃ¡n.Î´e,qvan.Î´e,å®Œ wÃ¡n = ganz,tity<>tout?     vs ğ“” fill/p-l/complete
universal/ common,pan,æ™® pÇ”/ æœ´ pÇ”	 	
,phoon ~ pan,,har.poon 1    ğ“Œ¡ uno universal  ooan  ğ“Œ  : 1  one
ganz,whole,å¥½ hÇo,,åˆ hÃ©,
common language,puni tongue,æ™® é€šè¯ pÇ” tÅnghuÃ  ,tongue,åŒåŒ– tÃ³nghuÃ ,æ™® æ³• æˆ˜äº‰  PÇ” FÇ zhÃ nzhÄ“ng Deutsch-FranzÃ¶sische Krieg   Tonga
(tai) peace â˜®,aufs Tapet bringen/ make even,å¤ªå¹³ tÃ ipÃ­ng,,ğ“Šµ   T.P. = peace R4	,TaPeth  Tapet/ Tapete/ Teppich  (å¹³ pÃ­ng = flat) peace event
flat piece,even piece,ç‰‡ piÃ n ,,ğ“‡ past.even M20,pastures/ Ebenen
piece of cloth/ skin â€¦,piece of cloth / peal ,ç–‹ (âºª) pÇ ,,,drape
Pulk ,pile (of cloth),åŒ¹ pÇ,,M35 ğ“‡¤ pile ğ“Šª phooi Ï€  P6 ğ“Š¢ ,viel/ voll
Pelle,peal,çš® pÃ­,,,
,KY / KU(r),qiu,,<> kou åŒ¸ xi,
Kurgan,KYR / KUR,ä¸˜ qiÅ«,,,Kyr: OLD! kHyrcle->HÃ¼gel/ HÃ¶cker <- Huge
Kerker,Kur/ Kyrkyr,å›š qiÃº,,,
Kreis,cyrn,åœˆ quÄn,,,æ–¹fÄng corner åŒ£kasten
Bezirk!,cirk cikou^3 court quarter,åŒº [å€] qÅ«,,åŒ¸ xi vs åŒš fang,
,circle,åŒ zÄ,,,
Kugel,curcle,çƒ qiÃº,,,
harvest,Kyr-messâ€™,ç§‹ qiÅ«,,,
wish/ demand,queue  (kyn/ can-I),æ±‚ qiÃº,,,
can,kÃ¶nnen,å¯ kÄ›,,ğ“‚§ kaf -> ğ¤‰ you æœ‰!,
request,can-I gehn/ plz?,æ³ kÄ›n,,,
you can,O.K. / I can,å¯ kÄ›,keil,è¿˜ å¯ä»¥ hÃ¡ikÄ›yÇ=okey,O.G. (Gamma)  å¯¹ duÃ¬ è¡Œ xÃ­ng  cheÌng æˆ axe? æˆŠ wÃ¹ 5th heavenly stem
open!,key,å¼€ kÄi,oÏ€en?,å»¾hui/pen?,ka(m).iâ€™!  come in
consent,can!,è‚¯ kÄ›n,,,[stop moon!?]
gnaw,kâ€™nabbern,å•ƒ kÄ›n,,,
arrogant (arrow-canâ€™t),kannichgut,äº¢ kÃ ng,,<> kÃ¥ng kÃ¶nig,
carry,karryn,æ‰› kÃ¡ng,,,
fight,(be)kÃ¤mpen,æŠ— kÃ ng,,,
can (hardly) overcome,yes we can,å…‹ kÃ¨,,,
,ge / ÃŸey / ÃŸi â€”â€”->,Qu/ Chiu/ Chu,,,
square area division,cube/ cut,åŒº qÅ«   å€,,,
qu go,zieh / geh [tschÃ¼ss],å» qÃ¹,,,å‡º chu ~ qu
bent/ bend/ band,ziehâ€¦ schief,æ›² qÇ”,,,
chase,chase/ seek/ ziehen,é©± qÅ«/ ç¥› qÅ«,,,
aim + take + love,zusammen zielen,å– qÇ”,,,
Hefe ,Ziehtaig,æ›² qÅ« ,,,
aâ€™skew ,schief,æ›² qÇ”  	è¶‹ qÅ« å¥‡jÄ«  æ–œ xiÃ©,,,å€¾ä¾§ qÄ«ng
schiefe music ;),zieh Ziharmonika,æ›² qÇ” å¥‡jÄ«,,,
sehen,see,è¦– qÃ¹/ shÃ¬/ è§ [è¦‹] jiÃ n,,,
aufrichten/ senkrecht,zieh!,æ”¯ zhÄ«/ ç›´ zhÃ­,,,
stop,zieh! Schicht!,æ­¢ zhÇ,,,
Schichtarbeit,Schicht schaffen: weben/ walten/ â€¦,åˆ¶ zhÃ¬   å€¼ zhÃ­,,,
show,see? show [weisen/ wissen],æŒ‡ zhÇ ,,çŸ¥ zhÄ«,
[directions],schon zu â€¦ [->ziehen],åª zhÇ  	ä¹‹,,,
Ideal/ goal/ â€¦,Ziel,å¿— zhÃ¬,,,
goal/ target,Ziel,æ—¨ zhÇ,,å– qÇ”,
history/ journal,(Auf)Zeichnung/ Geschichte,æ—¨ zhÇ,,äº‹ shÃ¬/ zhÃ¬ å²,Zeitschrift
finger,Zeigefinger,æŒ‡ zhÇ,,,
breed Zucht!,Zieh-planzen/tiere Zier,æ zhÄ«,,+,<>  Ziel/ cell
ein StÃ¼ck Papier/ Schuh/ Hand ;),<zÃ¤hl StÃ¼ck â€¦>,åª zhÄ«  Æ’: zhti ,,,zahl zuziehen
twig/ sprig/ spray/ brace/ branch/,Schilf Stift stylus styck stick stock,æ”¯ zhÄ« ? Æ’: zhti ,sty,èŠ¦è‹‡ wÄ›i Reet Schilf,ä¸€ æ”¯ ç¬” yÄ« zhÄ« bÇ ç­†  pen
sign,Zeichen (das Mal),å¿— zhÃ¬,,å’« zhÃ­ å­—zÃ¬  å¾zhÄ“ng,
paper sheet ,sheet ,çº¸ zhÇ,,,vs é¡µ é  yÃ¨/  å¶å­ yÃ¨zi/ åˆ€èº« dÄoshÄ“n
Banner,Schild,å¸œ zhÃ¬ ,,,
,Schuber,å¸™ zhÃ¬ ,,,
1 Schiff â€¦,ZÃ¤hlwort fÃ¼r Schiffe/ Schippen/ â€¦,åª zhÄ«,,,
,System,åˆ¶ zhÃ¬,,,
toe,Zeh,è¶¾ zhÇ,,æ­¢ zhÇ Â®,
toe / foot,shoe,è¶³ zÃº,,,
,city,å¸‚ shÃ¬,,-> 100 shiâ€™s !,
,Sitz/ city,å€ zhÇ,,,
monastry,sit,å¯º sÃ¬,,,
sit,Sitz,åº§ zuÃ²,,,
Master (am Mast),Schiffer,å¸ˆçˆ¶ Shifu,,,
Master,Vorsitz ,å¤«å­ FÅ«zÇ   ,,,
Osir Master,Sir,å­zÇ   å¸ˆ shÄ«  å¸« ,,,Erste Ziffer der Erdzweige
Things stuff,Zeug,å­zÇ   å·¾ jÄ«n,,,
Meister (god),Sultan Ashur/ Shu.piter,ä¸» zhÇ”,,M23 shu ğ“‡“  shun ğ“‡³,
hand,The Handâ€™ ^^,æ‰‹ shÇ’u,,,
FÃ¼rst,KÃ¸nig,å…¬ gÅng,,,
Master,KÃ¸nig,å·¥é•· GÅngzhÇng,,,
Eldest,Kanig,é•¿ ZhÇng,,,
PhÃ¸nitier/ Mann/ Gatte,Funi Phoonit,å¤« Fu çˆ¶,,ğ“‚¸,
some.one,Mauren : je.man.de,æŸäºº mÇ’urÃ©n,,mu+gan,
,,,,,
fence/ face/ sight/ waters,lines,å…° lÃ¡n (as radical),,æ‹¦ ,
cow,Gnu-Kuh,ç‰›ç§‘ â€˜niÃºkÄ“,,,
Pfuhl/ pond/ lake,pool,æ³Š pÅ,,ğ“Šª phoo(n)  (Gardiner Q3),
lake/ lagoon,Teich,æ±  chÃ­,,,vs æ²¼æ³½ zhÇozÃ© = Moor
#flat land (pan/fen),pan,çˆ¿ pÃ¡n,,,
Platte/ pan,pan/ Pfanne,ç›˜ pÃ¡n,,,ç¿» fÄn wenden 
Wanne,ven,ç›† pÃ©n,,,
point/ part,phoint/ cut/ fence,åˆ† fÃ¨n,,,
planar,pan/ pfann/ fen,å¹³ pÃ­ng ,,,vs å¦ tÇn  åˆš gÄng
half,?,åŠ bÃ n,,,åŠ bÃ n
root,ben.root = gan.root,æœ¬ bÄ›n,,,bench?
Genesis,root,æ ¹ gÄ“n  è‰® GÃ¨n,,ç”˜è‰®gan   æ ¹æœ¬ gÄ“nbÄ›n,
,,,,,
,,,,,
splash,wassa,æ´’ sÇ,,,
SchwÃ¤ne (plural:shu!),swanes,å¤©é¹…å± tiÄnÃ©shÇ” ,,,
know,*learned *lesson,äº† le  liÇo ,,,å• [å‘‚] LÇš Lui é“ lÇš Alu(minium)
schaffen beenden ,*let (far),äº† le  liÇo ,â† LET,äº†,<> LONG â† â†’
ver*lassen,let/ leave,æ’‚ liÃ o,,äº†,
fire (place),Lohe! lui light glut lahab!,ç‚‰ lÃº,LOH! ğŸ”¥,,å• [å‘‚] LÇš  å¢ [ç›§] LÃº  ğ’ˆ›/ğ’†·    ç‡] liÇo sengen
burn,loh!,çƒ™ lÃ o,LOH! ğŸ”¥,ç‚‰ lÃº  leucht! â†‘,2) IRON! <- glut    << logs?
brÃ¼hend ,lau warm -> glut heiÃŸ !,ç‡ liÃ¡o,LOH! ğŸ”¥,ğŸœ‚,çƒˆ liÃ¨ brennend lifted â†‘â†‘ (intense)
Halogen,ha.lu.gen/ *lu: oil/fat/lotion,å¤ lÇ”      é¹µ,,ğŸœ‚,
Luxus,lux,ç¦„ lÃ¹,,ğŸœ‚,ç»¿lÇœ
Jade,*bling,ç³ lÃ­n  ç’ lÃ¹ ,,ğŸœ‚,ç»¿lÇœ
phosphor/ sulphor!,*leucht,ç£· lÃ­n ç¡«] liÃº,,ğŸ”¥,
Linie/ Reihe/ Gattung,line! line up!,åˆ— liÃ¨,LINE !,â†â†’ å…°,<> like/ law + order
lane,LANE,å¼„ lÃ²ng ,LANE!,â†â†’ ç‹ ,ç‹ é¾™ lÃ³ng *kings-road
road Route,line : rue,è·¯ lÃ¹,,â†â†’,
Rad / Lage / Runde,round ~ lound  line/lane!,è½® lÃºn ,,â†â†’,ä»‘ lun
arena,ring,æ“‚å°  lÃ¨itÃ¡i,,â†â†’,<> é›· LÃ©i lightning!
distant vast,*long,è¾½ LiÃ¡o,,â†â†’ äº†,è¾½ Liao-Dynastie Â  å»– Liu
circa/ gut!,leicht Ã¼ber â€˜comeâ€™ â†‘,æ¥ [ä¾†] lÃ¡i,,â†‘,
arrive,allive/ genea.leht/ lead/ led,Â æ¥ [ä¾†] lÃ¡i/ ä¸´ lÃ­n
,,â†,å„¿ lego       leucht? å¤ lÇ” 
,,,,,
reed,~,èŠ¦ lÃº ç°§ huÃ¡ng ,ğ“‡…ğ“‡…ğ“‡…,ğ“‡…å…°å¢ hÃº,åº lÃº <> èŠ¦ lÃº reed Reet Haus!!  â‰  å°¸shÄ« Leiche
klar!,~leucht clean clear,æµ liÃº,ğŸœ‚,ğŸ’§ å…° ğŸœ‚,<> è£¸ luÇ’ nackt
bright & clear,clean!,æœ— lÇng,ğŸœ‚,ğ“Œ‰ ğ“Œƒ ğ“— ğ“˜ ğ“‡… ğ“‡‡ ğŸœ‚,ç‚‰ lÃº  leucht! loh! å¤ lÇ”   <> ç‹¼ lÃ¡ng lykos wolf!  
glint/ luster/ glamour,light glanz,äº® liÃ ng,ğŸœ‚,ğŸ’§ å…° ğŸœ‚,brilliancy = brille.ian â™€: äº® liÃ ng legen(offen-)!
hellglÃ¤nzend,glossy bling,ç‘ç² lÃ³nglÃ­ng	 	,ğŸœ‚,ğŸ’§ å…° ğŸœ‚,vs æœ¦èƒ§ mÃ©nglÃ³ng = trÃ¼b (Â¬æœ— lÇng)
colour green,glÃ¼n [lush leaves],ç»¿ lÇœ   ,ğ“‡…,ğŸ’§ å…° å¢ ğŸœ‚,ç»¿è‰²  lÇœsÃ¨   æ°¯ *lÇœ Chlor 
blau/ blue,liLan lilian lapis lazuli,è“ lÃ¡n,*blaun,ğŸ’§ å…° å¢ ğŸœ‚,<> blume flower!
Orchid,*Lilian Lilan Lian,å…° [è˜­]lÃ¡n !!,*Lilyan ,ğŸ’§ å…° å¢ ğŸœ‚,<>line/ liane
Lutus,Lilian,è²  liÃ¡n ,LILIANE,âš¸ ğ“†¼ é‡Œ å…°,ğ’‡¸ğ’†¤ğ’€­ğ’‰Œ
line / rope,LINE!,ç¼† [çºœ] lÇn,LINE,å…° é‡Œ lÇ lanes,
Reihe/ Line/ Gattung,line! line up!,åˆ— liÃ¨,LINE ,å…°,Zuglinie!
Riemen,LINE!,æ«“] lÇ” ,,å…°,
Stoff,linnen,æ–™] liÃ o,,å…°,ç¼­ liÃ¡o nÃ¤hen æ’© 
curtain,LINE Liane!,Â å¸˜ liÃ¡n,,å…°,
Kragen/ collar/ yoke,linnen linie,é¢† lÇng ,,å…°,ğ“Œ¤ 
Esel ass!,load â€œlukeyâ€ Lui Â ,é©´ lÇ˜,,å…°,ğ“Œ¤ <> yoke  ä¾£ [ä¾¶] lÇš LÃ¤ufer/ Leute
chainâ€¦,LINE Liane!,Â é“¾ liÃ n,,å…°,ğ“Œ¤ 
Maultier,Lasttier <> laden â€¦,éª¡  luÃ³ ,,å…°,ğ“Œ¤ luo <> yoch <> Jockel â€¦
heap/ pile/â€¦,layer,ç´¯ lÄ›i ,LAYER,å…°,
Winde ğ“¢ğ“¬â‰ ğ“²@ wenden,Lunteâ€™/ line!,è½† lÃ¹ æ© liÃ¨,ğ“›,ğ“¢ğ“¬â‰ ğ“²@,ğ“› helwick helix  Â  æ¶Ÿ liÃ¡n windung/krÃ¤uselung ğ“ˆ—  ç¼­ [ç¹š] liÃ¡o umwickeln
record,*roll/ round/ wound,å½• lÃ¹,,ğ“¢ğ“²@,~ çµ lÃ­ng â‰  éš¶ lÃ¬ low !
das Rad,*roll/ round/ wound,è½® lÃºn ,,ğ“¢ğ“²@,ä»‘ lÃºn 
Spiral Schnecke++,*roll/ round,èº luÃ³ ,,ğ“¢ğ“²@,
gewandt! â€˜fly',flink/ lissom 2.) Liege!,çµ [éˆ] lÃ­ng,,ğ“¢ğ“²@å…°,~å½• lÃ¹ ğ“…±  ğ“ƒ€  ğ“ˆ–  ğ“‚» brisk  deft â‰  deaf ğ“ alert â‰  éš¶ lÃ¬ lÃ¼ luck
Rolle/BÃ¼ndel (Papier),*roll/ round | layers stapel,æ‘ luÃ² ,,ğ“¢ğ“²@å…°,__ loaf lot ??
Runde: Partieâ€¦,Runde vs lane,è½® lÃºn ,,ğ“¢ğ“²@ å…°,
Sichel/ Sense,LUNA! å…­ liÃ¹ 6,é•° liÃ¡n,,â˜½ â˜¾,é™†  <> lun=rund(sun+moon+lun!)
Reihe/ Line/ Gattung,line! line up!,åˆ— liÃ¨,LINE !!,å…°,Zuglinie!
Riss/ Spalt/ Lage(Haar),line! Loch! Lage:Locke,è£‚ liÃ¨,ğ“› ğ“¸ ,å…°,é³ lÃ­n Schuppe
,Locke!,ç¶¹ liÇ” ,ğ“› ğ“¸ ,å…°,è£‚ liÃ¨ = Frisur
Zew. Locken(!),Faden/ Garn,ç¼• lÇš ,ğ“› ğ“¸ ,å…°,
MÃ¤hne <> è£‚ liÃ¨,lions-mane,é¬£ liÃ¨,ğ“› ğ“¸ ,å…°,çŒ [çµ] liÃ¨ lliag jagen !  <> lines?
kÃ¤mmen,^^,æ‹¢ lÇ’ng,ğ“› ğ“¸ ,å…°,
,,æ‹¢ lÇ’ng,âˆ‘,å…°,
Netz,Lasche,ç½— LuÃ³,,å…°,
GeLÃ¤nder/ coLumns!,lines!,æ  lÃ¡n,,å…°,lan <> lao <> row ?
military lines / walls,lines!,å’ lÄ›i,,å…°,<> è‚‹ lÃ¨i Rippen å…° !
grasp,langen!,æ½ lÇn  æ’ˆ lÄo æ³ lÇ” ,,â†’,
begehren,long,å©ª lÃ¡n,,ğ“Œµ â†’,<> be blue?
face/ overlook,look,ä¸´ lÃ­n,,ğ“Œµ â†’,è¾½ LiÃ¡o â†â†’
Ausschau halten ,look,ç­] liÃ o,,ğ“Œµ â†’,lookan çœ‹ kaÌ€n
look / long / glance,look + long,è§ˆ lÇn,,ğ“Œµ â†’,zew. Listen <> blue eyes?   glance:read <> è„¸ liÇn Gesicht/Ansehen
Lebensjahr ,*long,é¾„ lÃ­ng,,â™€,
long + old,long!!!,è€ lÇo !!,,â†â†’,vs é•¿ chang=lang æ—© zÇo
long during / fest,ledern,ç‰¢ lÃ¡o,,â†â†’,
rotten/ overcooked â€¦,[long],é˜‘ lÃ¡n çƒ‚ lÃ n æ‡’

,,â†â†’,lando=lazy â€˜long-doâ€™
Kante: edge,LÃ¤nge,æ¥ lÃ©ng,,â†â†’,2.) verdutzt <> å’™ è§ˆ  
ream/ edge (of paper),LÃ¤nge/ Linie,ä»¤ lÃ¬ng ,,,ä»‘ lun  zB St Gallen/ Kunlun <> Berg:
ridge / hill / mountains,LÃ¤nge,é™µ lÃ­ng  å²­ lÇng å³¦ luÃ¡n ,,â†â†’  â†‘â†‘,<> å†ˆ gÄng <> kur é™µ lÃ­ng   <> éº“ lÃ¹ ~ Tal vs BergKette! 
BrÃ¼cke/ TrÃ¤ger/ â€¦,LÃ¤nge,æ¢ liÃ¡ng,,â†â†’  â†‘â†‘,æª© lÇn  Pfette/ Balken  
reed,~,èŠ¦ lÃº ç°§ huÃ¡ng ,ğ“‡…ğ“‡…ğ“‡…,ğ“‡…å…°åºå¢ hÃº æˆ· æˆ¶ hÃ¹,åº lÃº å¢<> èŠ¦ lÃº reed Reet Haus! hÃ¹ æˆ· æˆ¶  <> hard å°¸shÄ« Leiche
Etage! Building!,?,æ¥¼ [æ¨“] lÃ³u,âŒ‚ !! ??,âŒ‚ â†‘ å…° ,æ¥¼ lÃ³u GebÃ¤ude   æ‘cÅ«n è½ luÃ² Dorf
HÃ¼tte,room? flur?,åº lÃº å¢,âŒ‚ ğ“‡…,âŒ‚ ğ“‡…,åº lÃº <> èŠ¦ lÃº reed Reet Haus! hÃ¹ æˆ· æˆ¶  <> hard å°¸shÄ« Leiche
Hause!,â€œLochâ€ [living-place?] ,å¯® [å¯®] liÃ¡o,,âŒ‚,<<<<
prison / pen,Loch / Laufstall <> lines,ç‰¢ lÃ¡o ,,âŒ‚ â†“ å…°,å›šç‰¢ qiÃºlÃ¡o lÃ­ngyÇ” ä»¤
,GeLÃ¤nder,æ  lÃ¡n,,âŒ‚ å…°,
,,,,,
Hals <> Zunge?,*long lingua?,é¢† é ˜ lÇng Â 
,,â†‘,å–‰ hÃ³u å­ hÃ¡ng 
Rachen,Hals,å–‰å’™ hÃ³ulÃ³ng,,â†‘,long <> kur ?? é¾™ LÃ³ng
,long-door,é–¬ lÃ ng  ,,â†‘,è‰¯ liÃ¡ng â†‘ wave/ vogue/ wolf
Gassentorâ€™,Luke,é—¾ [é–­] lÇ˜ ,,,
,,,,,
dry!,*linen (v),æ™¾ liÃ ng,,Â¬ğŸ’§å…°,<> linnen!
,Leck,æ¼ lÃ²u,,ğŸ’§â†“,â€œLuftrausâ€ ;)
tropfen,liquid,æ²¥ lÃ¬,,ğŸ’§å…° â†“,milli-liter å…° é‡Œ lÇ
pour/ drench/ soakâ€¦,*liquid,æ·‹ lÃ­n,,ğŸ’§å…° â†“,
(water)logging = Stau,logging,æ¶ lÃ o ,,ğŸ’§å…° ğ“ˆ— â†‘â†‘,<> burn logs çƒ™ lÃ o  ?
schwellen,?,éš†] lÃ³ng,,ğŸ’§å…° ğ“ˆ— â†‘â†‘,
(wet)land,Lund,é™† lÃ¹,,ğŸ’§å…° ğ“ˆ— ,è¾† [è¼›] liÃ ng Â zew. fÃ¼r Landfahrzeuge
lot! flood/ flow/ FluÃŸ,a lot! fluÃŸ / lauf å…° ğ“ˆ— ,æµ liÃº   æ»¥ lÃ n ,ğŸ’§å…° ğ“ˆ— ,ğŸ’§å…° ğ“ˆ— ,viel/ volles/ fluÃŸ <> lao lot + lang
auslassen,laÃŸ,ç•¥ lÃ¼Ã¨,,ğŸ’§â†“â†’,
,gleiten,æ  lÃ¼Ã¨,,ğŸ’§â†“â†’,
,flieÃŸen,æµ liÃº,,ğŸ’§â†“â†’,
(hinter)lassen/ gleiten,leave/ let,æºœ liÅ«,,ğŸ’§â†“â†’,
grease/ fat/ â€¦,glue/ lotion! ++,å¤ [æ»·] lÇ”  éœ²] lÃ¹,,ğŸ’§!,
wet,^^ å…° ğ“ˆ— â™€â™€ ,çƒ‚ lÃ n,,ğŸ’§,å†· lÄ›ng = cold  æ — lÃ¬ = freeze æ¶¼ liÃ¡ng kÃ¼hl å‡› lÇn kalt
waves,å…° ğ“ˆ— ğ“ˆ– ,æµª lÃ ng æ¾œ lÃ¡n,ğ“ˆ– ,ğŸ’§ğŸŒŠ,ğŸŒŠ <> long : dragon / wolf æ¶Ÿ liÃ¡n windung/krÃ¤uselung ğ“ˆ—
Korb,flecht/ wound,ç¯“ lÇ’u ç®©luÃ³ çµ¡luÃ²,,å…° ğ“›ğ“¢,
Netz,flecht/ wound/ lines/ lasso,çµ¡] luÃ²  ç½— luÃ³ ,,,
cage / Korb,lang einâ€™Lochen,ç¬¼ lÃ³ng,,å…° ğ“›ğ“¢â†“ ,Loch <> lock <> logs ^^
Schlange / Drachen,Schlange!! ğ“ˆ– ,é¾™ LÃ³ng,ğ“ˆ– ,ğ“†“ ğ“†‘ğ“ˆ–ğ“¢,long <> kur ?? é¾™ LÃ³ng  ç‰¢ lÃ¡o (prison)  éºŸ lÃ­n Einhorn å†œNong=Long!,,,,,é¹¿] lÃ¹ Hirsch,Â é¹­lÃ¹ Reiher 
,,
prison / pen,Loch / Laufstall <> lines,ç‰¢ lÃ¡o ,,â†“ å…°,liÃ¡o = hut [living-place?]   <> æ  lÃ¡n GeLÃ¤nder å›šç‰¢ qiÃºlÃ¡o lÃ­ngyÇ” ä»¤
(FuÃŸ)Fessel/ Schelle,laufband/ leine,é•£ liÃ o,,â†“,
Ã¤rmlich/ schlicht,low,é™‹ lÃ²u,,!,<> streng?
untertÃ¤nig â€”,less/ low,éš¶ lÃ¬ ,,â†“,â€œliegendâ€ ~ kriechend
mittelmÃ¤ÃŸig,low,ç¢Œ lÃ¹,,éš¶ lÃ¬ ,çŸ³~[wertz] 
low QualitÃ¤t,low,åŠ£ liÃ¨,,â†“,â€œliegenlassenâ€
schlapp/ fortlaufend,laufend long laying laboring,ç´¯ lÃ¨i,,â†“,<> ç´¯ layer!
geizig,lowly/ linientreu,å lÃ¬n,,â†“,
sink,ground (v),æ²¦ lÃºn,,â†“,å¹³å¿ƒ è€Œ è®º ruhig erwÃ¤gen
zero/ null/ nil/ nichts,0 Ã˜ Â¬ la! <low,ã€‡ lÃ­ng  é›¶ lÃ­ng ,1/nill,â†“,vs  ä¸½ lÃ¬ å€† liÇ ä¸¤  liÇng 
lad (long friend),alterâ€™ old lad,ä½¬ lÇo ,,â˜¿,éƒ lÃ¡ng Â langer lulatsch
,LO!,å–½  lou ,,ğŸ•­ ğ“Œµ,ç­] liÃ o â†’ look?
talk laudatio?,long lauschig pLaudern,å”  lÃ¡o èŠ liÃ¡o è®º lÃ¹n,,ğŸ•­,èŠ] liÃ¡o ratschen = tratschen <> Talkrunde ä¼¦ 

tratschen,ratschen,æ‹‰æ‰¯ lÄchÄ›,,ğŸ•­,
laugh luck joy glÃ¼ck,lachen,ä¹ lÃ o lÃ¨ ,,ğŸ•­,lauschig <> lang : Zunge?   éœ² é½¿ è€Œ ç¬‘ lÃ²u chÇ Ã©r xiÃ o   grinsen  
music,lala laut,ä¹ lÃ o  yuÃ¨ ,,ğŸ•­,â™€?<> kling clean  å˜¹äº® liÃ¡oliÃ ng klangvoll  æœ— lÇng !  <> æ“‚ lÃ©i : hit-drum â€”
bell,Klingel,é“ƒ lÃ­ng,ğŸ””ğŸ•­ğŸ› ,ğŸ•­,bell-shaped!  ç¿ lÃ­ng feather/tail [<-its shape?]  ding/ ring! â€¦
Gong Â ,Laute/ Klingel,é”£ luÃ³,*gluong,ğŸ•­,
hÃ¶ren,?,è†] lÃ­ng ,,ğŸ•­,
still,leise,å¯¥ liÃ o,,ğŸ”•,Â¬laut  lawt@SEM=secret
taub [med.],leise,è‹ lÃ³ng,,ğŸ”•,<> éº» mÃ¡  <> hals: é¢† é ˜ lÇng Â å–‰å’™ hÃ³ulÃ³ng
leiten ++,lead!,ç† lÇ,,â†‘ ğ“— ğ“˜,<> lesson !?  vs ç±» lÃ¨i like / lire!
command,lead!,ä»¤ lÃ¬ng  é¢† lÇng,,ğŸ•­â†‘,
[adjective] !!,-ing -lich <> like!,ä»¤ lÃ¬ng äºº ,,!!!!!,ä»¤ æŸäºº  lÃ¬ng mÇ’urÃ©n ?   ä»¤ äºº ä¸å®‰ çš„ lÃ¬ng rÃ©n bÃ¹Än de â€¦ ?
labor : work,1) la-bore 2) bohren:beg,åŠ³ lÃ¡o ,,â™€,long-bore â‰  langweilen : toil <> lang-lauf â€” ç¢Œ lÃ¹ beschÃ¤ftigt
,loot,æ  lÃ¼Ã¨*t,,ğ“ ,<> rob/ rape/ lie/ lay !?!
Sorge,??,è™‘ lÇœ,,,
Brigarde,?,æ—… lÇš ,,,
Filter ,â€œLÃ¼ftungâ€ Æ’ ?,æ»¤ lÇœ,,,
,anlegen!,ç«‹æ¡ˆ lÃ¬Ã n ,,,
stand / LIFT,legged,ç«‹ lÃ¬,,å„¿ let richten,ç«‹ lÃ¬ Standkraft <> lid/ lit/ light   å…«å„¿å…¥äººä¸¿

Leibes-StÃ¤rke,LIVE,åŠ› lÃ¬,,ğ“‹¹ lit/ light ç«‹,ç«‹ lÃ¬ Standkraft <> lid/ lit/ light   å…«å„¿å…¥äººä¸¿

erleben/ Erfahrung,lived,Â å† lÃ¬,,ğ“‹¹,live through ++ <> Â å†å² lÃ¬shÇ äº‹ shÃ¬   å¯®] liÃ¡o = hut [living-place?]
Logik,geistiges LÃ¤ngenmaÃŸ,ç† lÇ !!,,ğ“ ,Ordnung/ â€¦  ç‡ prozent% Quote
Lehre ++,â€œLeit Linieâ€ / Logik / Lehre,è®º lÃ¹n,,ğ“Œƒ ğ“— ğ“˜ ğ“ ,ä»‘ lun   der Rat <> das Rad è½® lÃºn  !
Logic and Order,LAW,ç† lÇ !!,,ğ“ å…° ğ“— ğ“˜â™€â˜¿ ,<> æˆ¾ lie: Vergehen  å’§ liÄ› den Mund verziehen Â Â <> live qi æ°£
Recht & Ordnung,LAW,åˆ© lÃ¬,,ğ“ å…° ğ“— ğ“˜,æƒ  quÃ¡n æ­£ä¹‰  zhÃ¨ngyÃ¬
Recht & Gesetz,LAW Jura,å¾‹ lÇœ ,,ğ“ å…° ğ“— ğ“˜,è§„ gui å¾‹  fÇ  <> ç«‹ lÃ¬ Gesetzt/ Â å±¥ çº¦ lÇš yuÄ“ einen Vertrag erfÃ¼llen
Unordnung Chaos!,LAWÂ¬,ä¹± luÃ n,,ğ“ å…° ğ“— ğ“˜,an=Â¬ ++
order!,law,ä»¤ lÃ¬ng,,ğ“ å…° ğ“— ğ“˜,<> è‡£ chÃ©n å‘ˆ chÃ©ng
â€œder Ratâ€,Lektor,ç†äº‹ lÇshÃ¬,,ğ“ å…° ğ“— ğ“˜,å²li = official (missing in leo) !  è€å¸«  Â è€å¸ˆ lÇoshÄ«
logic ;),loâ€™i,ç† lÇ,,ğ“ å…° ,Math MaÃŸ
Stoff/ Material,linnen,æ–™] liÃ o,,ğ“ å…° ,Material vs Maat ğ“ <> Order
Matte,linnen liegen,é ˜ lÇng ,,å…° ,Matte vs Maat ğ“
Geist/ Seele,â™€?,çµ [éˆ] lÃ­ng,,â™€â™€ !?,Matter vs __   â‰  éš¶ lÃ¬ 
1)kind 2)class,LIKE lieb,ç±» lÃ¨i  æµ liÃº,,â™€â™€ â†“â†‘,lektion lesson? << lire â€”
likeness : example,like,ä¾‹ lÃ¬,,â™€â™€,<> è¿ liÃ¡n || folgend
good/ like â€¦ [ungemein],like[able] fine (vian),è‰¯ liÃ¡ng  ,,+ + æµª lÃ ng ~ vogue,clean æœ— lÇng äº® liÃ ng glanz!  ç‹¼ lÃ¡ng lykos wolf!  è‰® æ ¹ gÄ“n (root)
jolie/ schÃ¶n,likeable/ joli,ä¸½ lÃ¬ ,,+ + â™€å…°,
GefÃ¤hrte,liaison!! â™€â˜¿,ä¾£ [ä¾¶] lÇš ,,â™€â™€,Leute?
pair/ couple!,liaison!! â™€â˜¿,å€† liÇ ,2!,â™€â™€  æ— LÃ­n ä¸¤ ,è¿ liÃ¡n Kompanie alliance!  è¿ liÃ¡n  link/ join! è” liÃ¡n
Paar/ some/ few,[liaison/allianz],ä¸¤  liÇng ,2!,â™€â™€,
peer,~ Runde : peers,ä¼¦ è½® LÃºn,,â™€â™€@ ,
zwillings,^^,å­ª luÃ¡n,,â™€â™€ åµ ,äº¦ yÃ¬ also å…ƒ yuÃ¡n 
Kollege,liaison,åƒš liÃ¡o ,,â†’â†,é¹ªé¹© jiÄoliÃ¡o ZaunkÃ¶nig
,link!,è¿ liÃ¡n  ,,â†’â†,
,link/ join!,è” liÃ¡n ,,â†’â†,ä¸½ lÃ¬ å€† liÇ 2er paar
Ei/ egg,al ovum: laâ€™van larvae,åµ luÇn ,+++,å¯ mÇo,ç´¯ åµ lÄ›i luÇn : 1) eier stapeln 2) seidener Faden 3) brennede Lunte!!!
weitere/ extra,link?,å¦ lÃ¬ng ,,+ +,åŠ› lÃ¬
like love+,liâ€™en lieben Liebe!,æ‹ liÃ n,,â™¡ â™¥ ä¸½ å€†  çˆ± Ã imour,è°… liÃ ng verzeihen <?> äº® liÃ ng zeigen å†· lÄ›ng = cold  æ — lÃ¬ = freeze æ¶¼ liÃ¡ng kÃ¼hl 
,,,,,
schmelzen /Â hÃ¤rten:(,lÃ¤utern lysen,ç‚¼ liÃ n ,,ğŸ’§â™€?,
thunder(storm),laut lightning,é›· LÃ©i,,ğŸ’§â™€?,é¾™ Poseidon !   Ray! 
mines!,â€œLagenâ€,é›· LÃ©i  çª¿ lÃ³ng ,,â™€? <<<,é¾™ Poseidon ?  Ray! <> Erz?
tear,leider ğŸ’§ğŸ’§ leyed,æ³ª lÃ¨i,,ğŸ’§â™€ğŸ•­,
bedauern,leidern ğŸ’§ğŸ’§,æ€œ liÃ¡n ,,ğŸ’§â™€ğŸ•­,<> ä»¤ lÃ¬ng
pile/ heap,layer,ç´¯ lÄ›i ç´¯ ,,å…°,
Rolle/BÃ¼ndel (Papier),*roll/ round | layers stapel,æ‘ luÃ² ,,ğ“¢ğ“²@å…° ,ç´¯ lÄ›i : layer å…°
heap/ open,layer/ lay open,ç£Š lÄ›i,,å…°,å‚€å„¡ kuÇlÄ›i Marionette  ??? ä¼¶] lÃ­ng Â  Mime?
strap,to leather?,å‹’ lÄ“i,,å…°,
shoe Schuh!!,*leather,å±¥ lÇš ,,å…°,
Zew. dÃ¼nne Dinge,zew sLice,ç¼• lÇš ,,å…°,
Weide,LÃ¤nge,æŸ³ liÇ” Â ,å†œ ,å…°,å†œ long =è¾² nÃ³ng = Ackerbau   vs Â æ— lin woods
der Rain ,LÃ¤nge,å„ lÇ’ng ,å†œ ,å…°,
Pflug,[do lines?],è€’è€œ lÄ›isÃ¬,å†œ ,å…°,çŠ lÃ­ pflÃ¼gen  <?> æ®“ [æ®®] liÃ n einsargen
,,,,,
,,,,,
lanes! lining!,LENGth/ lin: innen!?,é‡Œ lÇ,,å…°é‡Œ,Meile Mill <> å˜milliÆ’ centi:)
neighbor[hood],~é‡Œ lÇ  [lanes],é‚» lÃ­n,,å…°é‡Œ,é‡Œ lÇ  IN   ä¸´ lÃ­n  Nahe (vor)
rip,*lÃ¨ip <> live!,è‚‹ lÃ¨i ,,å…°é‡Œ,<> Leib!
Lithium  ,Li,é‹° lÇ,,,
LÃ¤ngenmaÃŸ,,é‡Œ lÇ,,å…°é‡Œ,é‡Œ lÇ in â€¦/ in drin/ innen
measure make-sure,lÃ¤ngenmessen,é‡ liÃ ng ,,å…°é‡Œ,ä¸¤ [å…©] liÇng â€œein paar â€¦â€    åº¦ dÃ¹ dure
strikt,linientreu <> pLan?,å‰ lÃ¬,,å…°,å lÃ¬n geizig <> Ordnung!  è®¡ jÃ¬
strikt / kalt!,linientreu,å‡› lÇn,,å…°,å†· lÄ›ng = cold  æ — lÃ¬ = freeze æ¶¼ liÃ¡ng kÃ¼hl å‡› lÇn kalt
left/ distant,leave,ç¦» lÃ­,,â†‘ <> fern=links??,
live calendar,list,å† lÃ¬,,å…°,
gift(wrap/sign) <?> Fest,lid/ let@goth,ç¤¼  lÇ,,å…°,
luck GlÃ¼ck lots!,,ç¦„ lÃ¹,,â†‘â†‘â†‘,Â¬éš¶ lÃ¬ low/  ++glÃ¼n!
nutzen/ Gewinn/ lift!,liking! likeable,åˆ© lÃ¬,,â†‘â†‘â†‘,lÃ¶ffel abgeben / laufpass ?     èµ lÃ¬n mieteâ€”   åˆ€ dÄo?
trainieren,lehrnen,ç»ƒ liÃ n,,â†‘â†‘â†‘,
1) not-do 2) sammeln,la Â¬,æ•› liÇn ,,â†“?,<> join : collect? é‡‡ cÇi â€¦ é›† jÃ­
krakelig,lausig,æ½¦ liÃ¡o ,,ğ“ˆ– ,Laus: è™± shÄ« 
necken,lausen,æ’© liÃ¡o,,,
Therapie,lindern!,ç–— liÃ¡o ,,â†“â†‘ ğ“ˆ– ,Linde vs æ  lÃ¬   æ — lÃ¬     Laus: è™± shÄ«  vs sick â€”
Bahre,?,çµ [éˆ] lÃ­ng,,å…°,â‰  éš¶ lÃ¬ 
,?,æˆ®] lÃ¹ = kill é¢… lÃº  SchÃ¤del,,ç¾½ yÇ” ?,TotenschÃ¤del	é«‘é« dÃºlÃ³u  å°¸Leiche!  (shÄ«) â‰  çµlÃ­ng
Ruhr â€¦,Lebraâ€™ leprosy,ç—¢  lÃ¬,,,<> ç˜˜ [ç˜º] lÃ²u Fistel 
,grind [med],ç™ lÃ i ,,,
Eiche/Kastanie!,*live tree !?!,æ  lÃ¬   æ — lÃ¬,,æ— ??,<> east / west ????  ç«‹ lÃ¬ åŠ› lÃ¬ ?
woods,Linden,æ— LÃ­n,,,æœ¨ mÃ¹ * 2  ç«‹ lÃ¬ åŠ› lÃ¬ + n   â‰  Lichtung â‰  æ¥ [ä¾†] lÃ¡i  
Korn!/ Birne/ Pflaume,ğŸ’§ [shape] ğŸ•­ling!,ç²’ lÃ¬  æ¢¨ lÃ­  æ lÇ,,ğŸ’§ [shape] ğŸ•­ling!,ç¦¾ hÃ© ç²’ ç ¾ Kiesâ€¦  ç » lÃ³ng  mahlen/ MÃ¼hle   <> åŒ…è‹ç±³  bÄo æ£’ bÃ n  bind!

reis â€¦ Korn,lice,ç²’ lÃ¬,,ç±³,grind glind;)
,,,,,
slander/ abuse,rumour/ words,è¾±éª‚ rÇ”mÃ   ä¾®è¾± wÇ”rÇ”,,,
,,,,,
ganz,janz,å°½ jin,,,
Massen,many ren,ä¼— zhÃ²ng,,,
morning mourn,frÃ¼h-êœ©au ğ“†¼ trainen â™€,æ—© zÇo,,,
Seife,soap super sauber,çš‚ zÃ o(p),,,
thieve,Dieb,ç›— dÃ o(b),,ç›—è´¼ dÃ ozÃ©i,
Dieb,thieve,è´¼ zÃ©i(ve),,,
cheat,chaet -,è¯ˆ zhÃ ,,,
Kampf,Zank,ä»— zhÃ ng,,,
Streit,Zank,äº‰ zhÄ“ng,,,vs Schengen æ­¦ wÇ”r~war
war!,Zank,æˆ˜ zhÃ n ,,,Zank ä»— [ä»—] zhÃ ng  æˆ˜æ–— [æˆ°é¬¥] zhÃ ndÃ²u äº‰æ–— [çˆ­é¬¥] zhÄ“ngdÃ²u
seize â€¦,schanzen,å  zhÃ n,,,å±•zhÇn
prophecy,chancen,å  zhÃ n,,,æ²¾ zhÄn  Diana water
Lager,Schanze,æ ˆ zhÃ n,,ç«™ zhÃ n = Halte.,
Lager Bier,Schanke,æ ˆ zhÃ n,,ç«™ zhÃ n = Halte.,
Schalen,,ç› zhÇn ,zhaln,,Zew. fÃ¼r Lampen (alt)
plan : open,,å¼  zhÄng,,,<?> é•¿ [é•·] zhÇng stretched
,,,,,
ä¹‹ ä¸Š=auf â€¦ ä¹‹ å†… =inâ€¦,sei â€¦ seitens,ä¹‹ zhÄ«,,,
exist in on at,sei â€¦,åœ¨ zÃ i,,,
alas: calamity,Sei! Zeus! Atlas!,ç¾ [ç½] zÄi,,å·› shu + ç« huÇ’,ç”¾] zÄi steroid?
historischer Beamtentitel,Zair Sir <> å¸ DÃ¬ Teis,å®° zÇi ,,,schlachten
Jahr ,<>Zeit,è¼‰ zÇi,,<> æ—© zÇo,
again,ğ“  ğ“Š„ <>Zeit seit,å† zÃ i,,,
,seit,å¼€å§‹ æ—¶ kÄishÇ shÃ­,,,<> shi: seien
,[Zeit],æ—¶ shÃ­,,,
Sache,thing,äº‹ shÃ¬,,å shÃ­ ,å²  å è©© shÄ« scribe/Geschi  å¸‚ shÃ¬ Stadt å®¤ shÃ¬ Zimmer
Dasein/ sein,*Schicht/ (Da) Sein,ä¸– shÃ¬,,,*ä¸– shÃ¬ Generation å² ShÇ Geschichte è©© shÄ« Geschichte
SI Sein,sein/ (wahr) sein,æ˜¯ shÃ¬ å® shÃ­,,,
SI = sei(ja),solide seiend,å® shÃ­ çŸ³ shÃ­ ,,,é€‚ shÃ¬ (ja) wohl      å¼€å§‹ æ—¶ kÄishÇ shÃ­ : seit
Schein Stein,shine,é—ª shÇn  çŸ³ shÃ­ ,,,äº® liÃ ng luster 
color,shade/ shine,è‰² se / shai / å½© cÇi.lour,,<> cut,
valueable,schon hoch/ shiny,å°š shÃ ng,,çŸ³ shÃ­ é—ª shÇn,æ›´ ç”š gÄ“ng shÃ¨n  noch mehr
elder grown stretched,lang geâ€™zogen,é•¿ [é•·] zhÇng,,ğ“¼zieh ğ“,
hervorragend,ganz,å´­ zhÇn,,,<> schon schÃ¶n sehr seher
mount,Schanze,å±± shÄn,,Cyrillic: Sha Ğ¨,Sha Ğ¨  =  Phoenician Shin å  shÃ­   -> ç”³  shÄ“n ? Sha Ğ¨ <> shar:sehr? 
high,hoch,ä¸Š shÃ ng,,,
rise,,å‡ shÄ“ng,,,é•¿ [é•·] chÃ¡ng long? ziehen gezogen
ten,zehn 10     1+,ä»€ shÃ©n,,å shÃ­  ç¦…,ä»€ä¹ˆ shÃ©nme  å¹º [ä¹ˆ] yÄo = 1
1/10,zehnt,æˆ chÃ©ng,,,
,Zeh-Nagel,ç”² jiÇ,,,é’‰å­ dÄ«ngzi  ä¸œè¥¿ dÅngxi Dingsbums
QED,Jana â™€copper,ç”² jiÇ = kÅpp,ç”²1st å¤©å¹²,Ï˜ qoph,è‰®/è¾° chÃ©n  morning (star) æ—© zÇo æ­£zheng~Januar
Genie Jana Venus * 2 ,â™€ğ“‹¹å–®ä¹‰,å• ShÃ n dian dan(a),<>shaman,ğ“‹©ğ“ƒ¶ğ“ƒ™ğ“‹¹å•é˜³å±±é—ª,å–„ shÃ n schÃ¶n gut <> goat ç¾”ç¾Š gÄoyÃ¡ng gute Jana è‰¯ ç¾½äº¦å…©å› 
ZEN,dhyana = ZEN,ç¦… chÃ¡n,,ä»€,
divinate deify prophecy,sanktify saint proficy,å  zhÄn,Î´ain,ä¸¶ç‚¹diÇn.*å…¸ç”µåº—,ä¸¶zhÇ” / dian4 (radical 3)ğ“†„ ğ’€­ *dingir  Zeitpunkt Kanon Kodex Strom 
say/ state/ explain,sayn <> å  zhÄn saint proficy,ç”³ ShÄ“n,,,å• ShÃ n diÇn.*å…¸ç”µç”° tiÃ¡n 
saint/ holy,sankt ğ“‹©,åœ£ shÃ¨ng,sainkt ğ“‹© ,ğ“‹© ,
ghost/ god,genie god,ç¥ shÃ©n,,ç²¾ jÄ«ng = jin ç”³å–®,æ›¾ZÄ“ng å²‘ CÃ©n éƒ‘ ZhÃ¨ng
Leben/ Geburt,ğ“‹¹,ç”Ÿ shÄ“ng,å±® chÃ¨ng !,,Geschenk all confusius!!
celestial bodies,ğ’€¯ è‰®,è¾° chÃ©n  æ˜Ÿ xÄ«ng ,,2*wu=2*5=10,changing stars  FÃ¼nfte Ziffer der Erdzweige
(re)production,genesis è‰®  gen ,å‚ chÇng äº§chÇn,,è‰®  genesis,
order/ rule,,è‡£ chÃ©n ç¨‹ chÃ©ng ,,,vs change
success/ perfection,shine/ prosper,æˆ chÃ©ng 1/10 é—ª shÇn,,,
this world / dust,genesis,å°˜ chÃ©n,,äº• jÇng = spring,
form,appear (genesis),å‘ˆ chÃ©ng,,è‰®  gen  äº§chÇn,
KÃ¶rper,,èº« shÄ“n,,,
,Schnitt,èº« shÄ“n,,,æ›´ ç”š gÄ“ng shÃ¨n  noch mehr
sane geSund,sankht sanft ,èº«ä½“ shÄ“ntÇ,,ğ“‹´ ğ“ˆ–ğ“ƒ€  ğ“œ    âšš âš•!!,Shaman âš•!!  MediShen MediZin medicine << medeor = heal @ meteor
shnaka,Schlange,è›‡ shÃ©[ng],,âš•ğ“†“  ğ“†‘,
tongue,Zunge,èˆŒ shÃ©[ng] ,,âš•ğ“„“,schnacken  [t]Ong
gift âš• give,geSchenk!,èµ  shÃ©[ng] / zeng,,âš•,schÃ¶n schenk sank èº« give gabe KÃ¶rper
scheu = Angst,shy scheuch,æ…‘shÃ¨  æƒ§jÃ¹ ç„¦æ€¥jiÄo ,,âš•,coy <> ç„¦ bird?
house,shed,èˆ shÃ¨,,,
organization,^^  house/body,ç¤¾ shÃ¨,,,
if â€¦,sei â€¦,è®¾ [è¨­] shÃ¨,,,
Oxe,Ochse,éº [O]shÃ¨,,,
sing song gesang,chant,å”± chÃ ng  ,,ğŸœğŸğŸµğŸ¶,å”± ğŸŒ£HelsÃ¤nger! Kantate
shine tÃ¼rkis,sheng + moon,é’ qÄ«ng,,,
birds call,whuhoo voice,å‘œä¹Œ wÅ«,,ğ“…–ğ“…“,
,,,,,
,,,,,
take/ bring/ lead,take,å¸¦ dÃ i,,,
belt,tie-syn ğ“Šƒ zone,å¸¶ dÃ i,,,
Generation ,days ğ“Šƒ Zeitalter,ä»£ dÃ i,Î´Ã i/ Î´Ã it/ Î´Ã yn,dian dan Teil/cai/cut,guardian
waiten,zeiten,å¾… dÃ i,,,
stay,sâ€™dai,å¾… dÃ i å‘† dÄi,,,
anziehen,an-zein/ take on,æˆ´ dÃ i,,,
dumm dÃ¤mlich,dau/Î´au/sau daimlich,å‘† dÄi,,,daimel = Demian
faulâ€¦,daiml ~ dÃ¤umel,æ€  dÃ i,,,
,,,,,
plan land (pan/fen),plan pan plane,çˆ¿ pÃ¡n,,,â€œPfanneâ€ zB Salzpfanne salt-pan
,fence,è—© fÄn,,,
square,wind-fang Fahne,æ–¹ fÄng,,,waÌng äº¡ å…¦ 
wind,fent=vent=phenit,é£ fÄ“ng,,åŒ¹ pÇ Ï€ ğ’‰º phi + end,é¢¨   ä¸° FÄ“ng family: lush   Segel/Fahne	å¸† [å¸†] fÄn [NAUT.]
phÅ“nix Phoenix,fhenix fang-bird ğ“…‚ ,å‡¤ fÄ“ng 	é¹pÃ©ng,,åŒ¹ pÇ Ï€ ğ’‰º phi + han,phantasmen Ï†Ï‘Î˜Î¸thanx sphinx  fangs~finger~fÃ¤nger Faun fauna
Fang-Netz,fwang,ç½‘ wÇng,,,
,weak,å¼± ruÃ²,,,raw:schwach vs rau/roh!
,splitter -> Spiel spleen?,ç¢ suÃ¬,,,
Schauspiel Theater:Ju/Diu,jou jeu joy jubel,å‰§ jÃ¹   åŠ‡,,,å¥ jÃ¹ Satz/Vers  Divine comedy
game,le jeu/ jouer/ joy,å±€ jÃº  å¥ zÃ²u æ¸¸ yÃ³u,,ä¹ YuÃ¨,back-gammon jammen   æ¯”èµ›  bÇsÃ i <> spai spiel    äº YÃº
jeu : game,Giochi [olympic] Sotchi,æ¸¸æˆ yÃ³uxÃ¬,,,joy !
je â€¦ desto,je â€¦ jeâ€¦,è¶Š...è¶Š... yuÃ¨ ... yuÃ¨ ...,,,
joy,juchee,æ„‰å¿« yÃºkuÃ i,,,JubilÃ¤um æœˆ yuÃ¨ baal ? æ›° [æ›°] yuÄ“ yell/yodel@moon JournÃ©e Mondfeste
moon,yuen yun lun,æœˆ yuÃ¨,,jour(ney)ğ“‡¹ ğ“‡ºğ“?,å…­ æœˆ liÃ¹yuÃ¨ JuLi lemoon ğŸŒ•lemon! leâ€™oon lun !!! lalune lilath! almonds ğŸŒ›amugdÃ¡lÄ“
Mondgesicht ,**//  MÃ¤re(Traum),æ¢¦ mÃ¨ng,,ğŸŒ›,MÃ¤re chimere mÄ›ng der Mungo/ mÃ¼cke Â / é”° [éŒ³] mÄ›ng Mangan 400BC ++
(d)evil dÃ¤monish,daimonic,æ­¹ dÇi,ğŸŒš,~ dark vs dian ,vs hou.rayn high.rays helle houren
hinterer Teil,hinten,åå¤´  hÃ²utou,,Â ,
Mann,man,ç”· nÃ¡n,,<> MEMNON!,ç›Ÿ mÃ©ng Menge BÃ¼ndnis,,,das BÃ¼ndnis,,,,,
nauth<>laut,noisy/ nerv,é—¹ [é¬§] nÃ o,,-> ç‰› niÃº,
brain,know: Nuss/ Nerv,è„‘ nÇo,,,é¸ŸniÇowl/ nod/ nacken/ name/ nerv/ narren=Â é—¹ ç¬‘è¯ nÃ o xiÃ ohuÃ 
think / read,mind << è„‘ nÇo/ nu,å¿µ niÃ n,,,
,nagen,å•® niÃ¨,,,
,kneif(en),æ niÄ“,,,å‡ nÃ­ng gerinnen
,nehmen,æ‹¿ nÃ¡,,,
,kneifen: nehmen!,é•Š niÃ¨,,,
,Knopf,æ‰­ niÇ”,,,å»¿ niÃ n Zwanzig <> Ochsen Knoten Jahr?
,Knoten / Knopf,çº½ niÇ” ,,,æ‹§ nÇng wringen
Not/ desaster,â€œnein!!â€,éš¾ [é›£] nÃ n,,,[catch bird;]
scratch/hinder,nail,æŒ  [æ’“] nÃ¡o,-,,
lustig/ ne?,ne,å‘¢ ne,,,
bird,vs miao,é¸Ÿ [é³¥] niÇo ,,,é¸Ÿç±» niÇolÃ¨i lÃ¤rche larch larâ„¢
nun/ niÃ±a/ lady,nun nin,å¥³ nÇš,,å¥´ nÃº = slave ğ’‰¡,ğ’Š©MUNUS woman mumu whomb æœˆ

hinein,hnei,å†… [å…§] nÃ¨i,,,
no(ne) Â¬,mo @ greek Â¬,è« mÃ²,,æ²’ mÃ©i,
nay-is nix-is,meiden/ mo @ greek,æ²’ mÃ©i,ğ“…“ğ“¹!!,è« mÃ² = no Â¬,
blitzen vs thun.der,shine,é—ª [é–ƒ] shÇn	 	 	,,,
das SchÃ¶ne / Gute,schÃ¶n,å–„ shÃ n,,,
Zank,,äº‰ çˆ­ zhÄ“ng,,,
Krieg,Zank/ ver-schanzen,æˆ˜äº‰ zhÃ nzhÄ“ng,,å±± shÄn scansodefense,
Utensil,use util yot ğ¤‰ğ“‚§,å…· jÃ¹,,æ¶jiÃ  Zew. fÃ¼r GerÃ¤te,das Amt å±€] jÃº
[have]!!,ia/yo/ya ğ¤‰ğ“‚§,å…· æœ‰ æ‹¥ jÃ¹/yÇ’u/yÅng,,,
lieb lines,[stand-strong] IN lÃ¬ebe libido,é‡Œ åŠ› lÃ¬ ç«‹ lÃ¬ å‰  ä¸½ lÃ¬eb,,<> lines,
Satz,junction?,å¥ jÃ¹,,bÄo åŒ…,
,,,,,
foodâ€¦,fam famine â€¦,é¥­ [é£¯] fÃ n ,,,
,,,,,
Fahne,,å¹¡ fÄn,,æ–¹ fÄng,
Segel sail du vent,Wind-Fahne/ Wind-Fang,å¸† fÄn,,ğ“Š¡ ç½‘ ,å›› sigl Segel
wind,Wind-Fang fent=vent=wind ,é£ [é¢¨] fÄ“ng å‡¤,,ğ“Š¡ ç½‘ ,æ–¤ jÄ«n pfund | å·¾ jÄ«n wind? å›› sigl Segel  ğ“Š– Æ’ir vier Windrichtungen!
vier!,è¥¿xir Æ’ir syr <> kyr  ğ“Š–,å›› si Æ’ir,,ğ“Œ¨ !!!,<> unter <> sick/dead! ğ“ 
å›› æ–¹ cardinal directions,Wind-Richtung,æ–¹ fÄng,,å¹¡ fÄn fahne,à¿• MAN å à¿– WÃ€N å  æ–¹è¨€=Dialekt
å›—kou quader square,umfang fang-eck ğ“Š¡,æ–¹ fÄng åŒš,,å†‚å‡µåŒ¹phi Ï€ pÇğ’‰º åŒš,æˆ¿ fÃ¡ng=haus 
net (catch),fang fangs=greif-krallen,ç½‘ wÇng,,ğ“…‚ å‡¤ fÄ“ng = phoenix,æ–¹ç½‘åŒš -> ç½”wÇng! (nicht!) äº¡ wÃ¡ng untergang/ death   æœ› [æœ›] wÃ ng:blick-fang
resist/ release,Â¬fangen,æ”¾ fÃ ng,,,èŠ³ fÄng release fragrant Reliquien
all diu jed-,pan,å‡¡ fÃ¡n,,èˆŸzhÅu boat,WÃ€N å ç‹ WÃ¡ng WAN VAN BAN MAN å MÃ¤nner BUND 
die Myriade,pent ğ“‚­ 5th order,ä¸‡ wÃ n,phwuan 5,æˆŠ wÃ¹ ç‹wuÃ¡ng äº”wÇ”ä¼ ,ä¸‡ ç±³ wÃ n mÇ  das Myriameter <> phantastillion
unbesonnen ,wankelnd,å¦„ wÃ ng,,ç½‘ wÇng,äº¡ wÃ¡ng untergang/ doom/dumm->tomb/death   -tum? Tun/time
not!,wrong!,ç½” wÇng!,,,
walken,wanken,å¾€ wÇng,,,
in vain,,æ‰ wÇng,,ç½‘ wÇng,
an-ballern anprallen,peng/bang,ç¢°] pÃ¨ng,,,
PÃ¤ng! boom bums,peng bam!,ç °] PÄ“ng å­] BÄ ,,,
treffen ,,ç¢°] pÃ¨ng,,,
Freund,phrengd,æœ‹ pÃ©ng,,,
too/ much/ more,duo:2 two -> too,å¤š duÅ,,,
dure Dauer,duoro,å¤š duÅ,,,
bei/in/auf,Â®,äº yÃº,,,<> von
,,,,,
drag trecken ,tow Tau tÃ¤uen ziehen,æ‹– tuÅ,ğ“¿ğ“¼Ï„au ä»–,é©® [é¦±] tuÃ³,æ‹“ tuÃ² trees  é©¼ [é§] tuÃ³ camel  é¸µ [é´•] tuÃ³ ostrich StrauÃŸ StuÃ³ÃŸ~Stelz
support / hold,tow too?,æ‰˜ tuÅ,,è„± [è„«] tuÅ,Zahn ziehen ç‰™é½’ yÃ¡chÇ tow tooth -> tongue å”¾ tuÃ² Spucke
,,,,,
,,,,,
Ton-erde red tone,tan/ taint tin zinnoberrot,ä¸¹ dÄn,tain+,å‡¡ fÃ¡n  phthan,ä¸¹ dÄn	<> Î´an chÃ©ng=orange   wÃ¼s.ten ?   Rote erode Erde erotisch errÃ¶tend raten?
Kanne,Ton-Krug,å› [ç½ˆ] tÃ¡n,,,
Strand/ Lachen â€¦,Ton-Sand Schwemmland,æ»© [ç˜] tÄn ,,,
Kolk/ Sputum,Ton~~~,æ½­] tÃ¡n ç—°] tÃ¡n,,,
flat things !,plan Â®,å¦ tÇn,,vs tai dan : dawn,tongue 
teppich,tapet,æ¯¯] tÇn,tanpet,hontep,
hotep = Opfer-Altar !?!,tapet,å› [å£‡] tÃ¡n ,,,
Afghanis-tan,-tan Klan,å› [...å£‡] ...tÃ¡n,,,
,Ton-Erde Terra,åœŸ tÇ”,,Schuh,â€”
Bild,ton tÃ¶ne Tusche/ TÃ¼cher,å›¾ [åœ–] tÃº,,ğ“¿ğ“‡‹ğ“ğ“‚‡ ,tsa`tsua`   sculpture: image portrait trahÅ (â€œdragâ€)
tleine TrÃ¤ne,leid,æ³ª lÃ¨i,,,
toe tot tue die Zeh,[ to ~ ende ],tou å¤´å¤ª åº• ...dÇ  ,Î´oÎ¹,Titan   æœ«mÃ² Î´Î¹ æ­»sÇ,ä¼‘æ­¢ xiÅ«zhÇ 	æœ€å zuÃ¬hÃ²u
toe~end,[ to ~ ende ],ç«¯ duÄnd=end ,,hand æœ«mÃ² manus,Dach?
,,,,,
,,,,,
tail/ Fisch Flossen,wag the wale tail phwÃ¸d,å°¾ wÄ›i ,,,
,,,,,
magic,Magie,é­”æœ¯ mÃ³shÃ¹ ,,,kashaph
Methode,Schule! meshud,æœ¯ shÃ¹ æ‰‹ shÇ’u,,,å zuÃ² sit Stuhl åº§ school èµ°zÇ’u = go <> scholar
kunst Gunst gig,stil,æœ¯ [è¡“] shÃ¹ æ‰‹ shÇ’u,gÌƒhu,,
,Handschuh,æ‰‹å¥— shÇ’utÃ o,,é‹ xiÃ© å±¥ lÇš leder,xueÌå­¸ school
school (),hand/school of doing,æ‰‹æ®µ shÇ’uduÃ n,,,
method,how-to-DO,é“ dÃ o ç€ zhÄo æœ¯ shÃ¹ æ‰‹ shÇ’u,Î´o!,ma.zho,wÃºyÃ³u=no-method
tun/ machen,DO,ä½œ zuÅ  åš zuÃ²,Î´o!,å·¦ zuÇ’      links,do-mealsâ€¦  ä¸‹ xiÃ  å¹² gÃ n è¡Œ xÃ­ng  æ˜¨ zuÃ³ done/east?  	ä¸º [ç‚º] wÃ©i = make
friend,â€œHandâ€ = frHand,å‹ you,æ‰‹shyond,,
hand <> shoulders,Hand,åˆ han   æ‰‹ shÇ’u ,æ‰‹shyond,hand,å zuÃ² sit Stuhl åº§ school èµ°zÇ’u = go <> scholar â‰  å‡º chu! shoots
Geschick,geâ€™shÃ¹ck,æœ¯ shÃ¹,æ‰‹shyond,,
Kopf <> shoulders,Schopf,é¦– shÇ’u,,å‹ you å³  rechts,è‚© [è‚©] jiÄn=Schulter  vs hand
FuÃŸ,<> Schuh,è¶³ zÃº ,æœ¯ shÃ¹,è¶¾zhÇ=Zeh èµ°zÇ’u=go ,ç“£ bÃ n = paar
sudden zeitpunkt,ä¹zhÃ  ç‚¹diÇn,ä¹ zhÃ ,,<> happen ğ“†£?,
Ereignis,æ—¶shÃ­ ç‚¹diÇn,äº‹ä»¶ shÃ¬jiÃ n,,? ä¸‡ä¸€wÃ nyÄ«!,yes/ forgotten ethymology: äº‹æƒ…] shÃ¬qÃ­ng
time/ zeitpunkt,den n-ten -tern -turn stern -tum ,ç‚¹diÇn,,<> å¤© tiÄn day,
time-hour,zeit-uhr,æ—¶å€™ shÃ­hou(r),,schicht,
,,,,,
,Anmut ,ç¾ mÄ›i(t)	 ,,,
meter,Meter MaÃŸ â€˜Âµiterâ€™,ç±³ mÇ,,æœ¨ mÃ¹ äº© mÇ” ,ğ’€¯ğ’€­ç±³ Mithra God (*nTr)??  ä¸‡ ç±³ [è¬ ç±³] wÃ n mÇ das Myriameter
[unit area],Âµ mÃ¼ MaÃŸ <> mikro / makro,äº© mÇ” ,,ç±³ [ç±³] mÇ æœ¨ mÃ¹,
many?,Zew. fÃ¼r MÃ¼nzen,æš mÃ©i ,,,
,das Medium ,åª’ mÃ©i,,,
Mitte middle,Messung/ centrum,ä¸­ ;),,zhong! vermessen ;),å°ºå¯¸] chÇcÃ¹n  å¤§å°] dÃ xiÇo=+-
LÃ¤ngenmaÃŸ,,é‡Œ lÇ,,,é‡Œ lÇ in â€¦/ in drin/ innen
measure make-sure,lÃ¤ngenmessen,é‡ liÃ ng ,,åº¦ dÃ¹,
Logik,geistiges LÃ¤ngenmaÃŸ,ç† lÇ	 	 	,,,
durchmachen erleben ,live-through â€¦,å† lÃ¬ ,,,
left,leave,ç¦» lÃ­,,<> fern=links??,
Leibes-StÃ¤rke,live! life!,åŠ› lÃ¬,,lit/ light ç«‹,ç«‹ lÃ¬ Standkraft <> lid/ lit/ light ä¸½ lÃ¬ likeable
,,MU=COVER,,,
,Zelt Vorhang Akt,å¢“ mÃ¹,,,
muerto GrabstÃ¤tte  ,moratorium,å¢“ mÃ¹,,,
muerto mort Mord,moribund,æœ«æ—¥ mÃ²rÃ¬,,,
mold/ must,der Moder/ Most,éœ‰ mÃ©i	 	 	,,,<> schnee?
,die Mutter,æ¯ mÇ” ,,,
pro/ per/ je,ğ“…“æ¯mÇ” ,æ¯ mÄ›i,,,
,Mysterium,è°œ mÃ­,,,
Misch,mix/brei,ç³œ mÃ­,,,
corn,Mais <> Mehl,ç±³ mÃ­,,,
Fan/ Vernarrter,MitgÃ¤nger,è¿· mÃ­ ,,çœ¯ mÄ« anblinzeln,
Auge -> Ordnung,mouigen = Augen,çœ¸ mÃ³u 	ç›®muk,,,
mÃ¶chten -> wollen,mougen = mÃ¶gen,ç‰Ÿ mÃ³u è°‹ mÃ³u,,,<> moi je veux voir Å“il yeux joy schÃ¶n
honey,miel & honey,èœœ mÃ¬,,,
,?,å¯ mÇo,,,Vierte Ziffer der Erdzweige        <> åµ luÇn ei
,,,,,
Deich,dike,å ¤ dÄ«,,,
center,ziel,çš„ dÃ¬,,,
hÃ¶chster Gott,di teis deus dieu,å¸ dÃ¬ [å®—]		 ,,,-> å¸ Dei->â€emperorâ€ after rationalization!  é»ƒå¸
Reihe,line up,åˆ— liÃ¨,,,
Schatz! Baby!,baby!,å®è´ BÇobÃ¨i		 ,,,
,,,,,
,,,,,
schÃ¤tz-maÃŸ,duo-shao +- da-schauå¤šå°‘,åº¦ [åº¦] duÃ³,,,
,,,,,
the more,umso mehr wie,å¼¥ mi,,-,
town ++,,å±¯ tÃºn,ğ“Š–ğ“Š–=twin,naturenå±®chÃ¨ å‡ºchÅ«,
,,,,,
green; young,young,é’ qÄ«ng/ ceng,,,å¤­ yÄo  die young / Ã¼ppig  ~ schÃ¶n
young kit / seedling,young,ç§§ joeng/ yang,,,
jung,jeun young,å°‘ shÃ o.n  å¹¼ jaun/ yÃ²u.n,genu,é’å¹´ qÄ«ngniÃ¡n å°xiÇo,å‡º  chÅ«n -> chien = â€œJungeâ€ / schÃ¶n!
young lady,,åª› yuan,,,
Rand,,åˆƒ rÃ¨n
,,,
grass/ Holz/Zeit/â€¦,cut/ Teil,é‡‡ cÇi  æ‰ cÃ¡i è£ cÃ¡i,,å¼‹->æ—¶ä»£ shÃ­dÃ i,<> æ—¶ä»£ shÃ­dÃ i å²suÃ¬ å®™ zhÃ²u Zeit / Schicht @ quarry çŸ¿kuÃ ng / é¢ miÃ n
sammeln æœ sÅu(mmel),cut/ collect(Æ’;) con corn,é‡‡ cÇi æ¹Š cÃ²u æ±‡ huÃ¬,,,
,Zeit <> days,æ—¶ä»£ shÃ­dÃ i å²suÃ¬ å®™ zhÃ²u,,,sunrise æ—¥å­ rÃ¬zi  å€™hour å…‰é˜´guÄngyÄ«n
tree,yew/ juniper/ Jujube,æ ‘shÃ¹/ æ ª zhÅ«,,,ğ“†­ junIPER->conifer fir <> arbra <> hebrew 
,,,,,
Sand,,æ²™ sha.,,,
Danke,,å¤šè°¢ douxie,,,buxie bitte
,Zwerg,ä¾å„’ zhÅ«rÃº[g],,,dwarf=duairg=cheirg = ğ“‚§ğ“„¿ğ“¼ğ“€€ !!!
fat,fett,è‚¥ fÃ©i de,,,è‚¥å¤§ fÃ©idÃ 
Kinder+Eltern â€¦,kin,äº² [è¦ª] qÄ«n	die Blutsverwandten Pl.,,ğ“Œ¢ğ“ˆ–,
keen ~ eager,kÃ¼hn,å‹¤ [å‹¤] qÃ­n	 	 	fleiÃŸig ,,ğ“ˆğ“ˆ–ğ“€œ!,
or,ou = oder,æˆ– huÃ²,,ğ“‚‹ğ“¤ğ“Šªğ“…± rou,
fear,phea,æ€• pÃ ,,,
fear,hâ€™angst,æƒ¶ huÃ¡ng[x],,,
fuck,co.pulate: couple,è‚cÃ o é kÃ o æ“cÃ o,,æ—© zÇo,ğ“ˆ–  O4 ğ“‰”  Q3 ğ“Šª  D53  ğ“‚º mnhou <> mourn / morning = jouâ€™r  æ—© zÇo
gÃ¼lden?â€”,zink = é‹… xÄ«n ,é‡‘ jÄ«n ,,,é‡‘ gHau=AU @ JP    gHau+Lead
weiÃŸ/ klar,beige~berg-color vaise=weiÃŸ,ç™½è‰² bÃ¡isÃ¨,,<> nord åŒ— bÄ›i,<> alban~Alpen   vs æ‚² bÄ“i trÃ¼b
bright vhaite,bhai,ç™½ bÃ¡i,,buy : umsonst?,bvoir buoir bwasser  vs mnaur    
weit? ^^,100,ç™¾ bÇi,,,<> Berg vs å‘ bÄ“i (er)niedrig   å±±shÄn ä¸‰ sÄn åshÃ­ 
,(zu) bereitet,å¤‡ bÃ¨i  ç„™ bÃ¨i ,,,
via/ way/ weg,ab*,è¢« bÃ¨i,,,
thing,zion/ -tion(g),äº‹ shÃ¬ 	ä¸œè¥¿xi,,<> ä¸œdong:Ding,
,Schirm,ä¼ [å‚˜] sÇn,,,
die Frau ,fru fuman woman femmale,å¦‡ [å©¦] fÃ¹,,,
cow-count,Zew. fÃ¼r Tiere,å£ kÇ’u,,,ğ“ˆğ“ˆŸ cunt/cow.tl ğ“„° ğ“•
,,,,,
,Gesang,èµæ­Œ zÃ ngÄ“ ,,,èµ=Lob  æ­ŒgÄ“=GeSang
tongs = plier/pincer,Zange,é’³ qiÃ¡n ,,,
,WeichenZunge wtf,å°–è½¨ jiÄn,,,èˆŒå°– ä¸Š shÃ©jiÄn shÃ ng = auf der Zunge  Adv.
,,,,,
,schÃ¶n ,ä¿Š jÃ¹n,,,kind ğ“ƒ›ğ“„£  generous vs æ… yÃ¹n misgruntled
,Herrscher â€¦ (?),å› jÅ«n,,ğ“ƒ›chien~gen,å†› [è»] jÅ«n Armee
,shining,çˆ½ [çˆ½] shuÇng,,,
,,,,,
flat = even,ğ“ƒ›Yvn : even / yun +++,å‹» yÃºn,äº‘ cloud,ğ“ƒ›,æ™• Flaute flat cloude floor  ground E9 ğ“ƒ› ğ“  ğ“ˆ– ğ“ˆ… ğ“¤ flood   ğ“ƒ›  ğ“…±  ğ“›  ğ“ˆ— 
schwanger ,naissi !!,å­• yÃ¹n	 	 	,,ğ“ƒ›ğ“‚‹ğ“’ !!,svÃ¤nger ğ“‹´ğ“ƒ›ğ“²ğ“‡‹ğ“‚º Æ’
shag,Schenke,èˆ shÃ¨[ng],,ğ“ƒ› ğ“…± ğ“ˆ– ğ“‡± ,janitor  sanctuary
shank : prison,freiheit [schenken],èµ¦ shÃ¨,,,
tiltet / bent = evil,schief,??,,,æ‹å¼¯ guÇiwÄn schief  
if â€¦ assuming â€¦,sei,è®¾ [è¨­] shÃ¨   shi  ,,,
,die Ge.sell.schaft ?? ,ç¤¾ [ç¤¾] shÃ¨	 	 	,,,
,Dio.nys <> snake rebirth,,genaissis,ğ“ƒ›,
breast,poitrine petto pecho buste,è„¯ pÃº / èƒ¸éƒ¨ xiÅngbÃ¹ ,,pupul@Ugarit,
femmina ,frau + nina,å¦‡å¥³ fÃ¹nÇš  	,,,å¤« fÅ«=Frau vs Gatte
table,ta.ble/ pod.taist/ Tisch,å° tÃ¡i,,,
(Ramm)Bock,der BÃ¤r,å·´ BÄ,,,bat -> put pull
bar (hÃ¤ndle),Bar,å·´ BÄ,,,
der Tyrann ,basileus ğ“‚“ kan,éœ¸ bÃ ,,,rain+leather+moon!?!
bannâ€™ Deich,Bau,å [å£©] bÃ ,,,
band,Band,æŠŠ bÇ  ç¬† ba,,æœ¬ bÄ›n	åœ bÇ” ,<> bind â€¦ Bund â€¦
,Papa,çˆ¸çˆ¸ baba,,,
hope,hopa [old English],å·´ bÄ,,,
,dÃ¼nn â€”,ç·Š jÇn,,,
tight,tie,è²¼ tiÄ“,,,
white,bveiss ;),ç™½è‰² bÃ¡i.sÃ¨,,phğ“Šªè‰¾Ã€i,
Luke/ leucht/ light,Libanon/ Levkos/ Leuko/,Î»yç™½bÃ¡in,,Levant,
Geban = Byblos,gebail,yeç™½bÃ¡il,,,
[surprised],VS jÃ¡?,è®¶ yÃ ,,I+A i+zAhn,isza?
,gehen Æ’,æ ¼ gÃ©,,,
,think,æƒ³ xiÇng,,,sÄ«wÃ©i æ€ç»´ = thought
who,wer,ä½•äºº [w]hÃ©rÃ©n,,,
,why,ä½• [w]hÃ© ,,,
,woher <<,ä» ä½• cÃ³ng hÃ© ,,,
von,*come,ä»  cong,,,
Funktion,function,æ–¹æ³• fÄngfÇ  æ³•å­ fÇzi,*æ–¹å­fÄngzi,,
,jump,è·³ tjÃ o[mp],,,
,Rattane/ Pedding(rohr),è—¤ tÃ©ng,,,
green,glÃ¼n,ç»¿ [ç¶ ] lÇœ,,,
Harpy [Myth.],Harpyie!,å“ˆæ¯”é¹° hÄbÇyÄ«ng !,,ğ“…ƒ Hor.bird Habicht,
kaufen,ÎºÏ„Î¬Î¿Î¼Î±Î¹,é‡‡ä¹° cÇimÇi,,,
,kauf,è´­ [è³¼] gÃ²u,,,
,kauf,æ²½ [æ²½] gÅ« ,,,
,kauf,Â è´­ç‰© [è³¼ç‰©] gÃ²uwÃ¹ 
,,,
,nurse,å¥³ æŠ¤å£«  nÇšhÃ¹shÃ¬,,,
breast <> native!,nurture/ yanaq/ nuckel!,å¥¶å­ nÇizi,,Åˆadra@CES,ğ“   ğ“ˆ–ğ“‚§ğ“‚’ gymnaÎ´i ?
Gurgel æ²³ ğ’„˜è™,Hals Gurgel Kehl,å–‰ hÃ³u å­ hÃ¡ng ,è™ HÇ” æ²³ HÃ©,ğ’ˆ¦ğ’„˜ğ’ƒ¼ Tiguar Tigris,å–‰å’™ hÃ³ulÃ³ng
Cat çŒ« mÄo ,Gurglerâ€™ Tigra,è™ HÇ”/ Tora!!,,å–‰ hÃ³u å­ hÃ¡ng ,è™é—¨ HÇ”mÃ©n  2 yellow lions HuÃ¡ng é»„æ²³ Hu: ğ’„˜    æ²³ GUğ’„˜ river ~ Gurgel
,Schlange!,é¾™ LÃ³ng,,è›‡ shÃ©[ng],
Phoenix -> Huhn,Fang  ğ“…‚ ,å‡¤ FÃ¨ng,,,
*@AKKAD,Shirkhan,ç‹® shÄ« ,,è™ HÇ”,
,,MA/SHI,,,
magic: number cipher,Ma.thematik: Ziffer,ç  mÇ,çŸ³ ShÃ­,,<> é­”æœ¯ mÃ³shÃ¹ = magic
,Zahl/ Ziffer,æ•° shÃ¹,,æœ¯shÃ¹ kunst,shÃ¹ Strang?  shou:hand <> digits
,zeigen/ show,ç¤º [ç¤º] shÃ¬,,æŒ‡ zhÇge finger,
think,think,æ€ sÄ«,,,
[knowst],je sais/ scio/ shiâ€™r/ shuâ€™ur/ shaiâ€˜,è¯† shÃ­* çŸ¥zhÄ«,,ç  mÇ /	çŸ³ ShÃ­,science saint/ igno : n-k-r unknown -> â€¦  vs ma â€˜-l-m
study (n+v),thought/ school,å­¦ xuÃ©,,,
Zeichen,signs Ziffern,å­— zÃ¬,
taub [med.],mal,éº» mÃ¡,,dumb <> dark,
to clean,mob,æŠ¹ mÄ,,mal:dirt !,éª‚ mÃ  Fluch <> ma:Fleck~black
,,maha mega â€¦ ?,,,
,???,å…¬ gÅng ç©º kÅng sky å­” kÇ’ng leer cave space Â ,,,
,channel / heau ğŸ’§,æ²³ hÃ© / ho,*shuenaur,å·› shuan å· å·œchuÄn,æ²³ hÃ© = ho heau ğŸ’§!  æ´ª HÃ³ng Flut <> æ¹– hÃº See
ni high,hoch huge(ly)  ,æµ© hÃ o å¥½ hÇo ,,,è±ª hÃ¡o outstanding æ¯« Haar!  <> HÃœnen HUmen Hun
vast/ big,huge,æ´ª hÃ³ng,,,
fat <~ vast,huge/ heavy,åš hÃ²u,,,
stattlich,hoch,å® hÃ³ng,,,
dumm,â€Hansâ€,æ†¨ hÄn ,,,
Thin hair-> milli- !,Haar!,æ¯« hÃ¡o ,,,æ¯« hÃ¡o <> æ¯› MÃ¡o ç¿° hÃ n Schreibfeder <> Hahn/Schwan
summen,hum,å“¼ hÄ“ng ,,,
,Hals,å­ hÃ¡ng ,,,
,Hals/ Kehle,å–‰å’™ hÃ³ulÃ³ng,,,<> LONG â†â†’ ~ schlange
,howl/ heulen,å¼ hÇ’u å· å—¥ hÃ¡o åš hÃ¡o ,,å–‰ hÃ³u = Hals!,-> å“— [è­] huÃ¡ Krach 

howl/ ruf->name,howl Â´ -> `,å· hÃ o,,,å–Š hÇn anrufen
exhale/ call,howl ~ ruf(en)  hale~yell~call,å‘¼ hÅ«,,,
Tiger,~Hyene,è™ hÇ” ,,å‘¼ + æƒ¶,<> cat/ hyene  <> å”¬ hÇ” einschÃ¼chtern  èƒ¡ hÃº nachlÃ¤ssig huh?
,fox/ swan!,hÃº,,ğŸ”´,
,*Angst,æƒ¶ huÃ¡ng,,ğŸ”´,
,Heuschreck!,è— huÃ¡ng
,,,QED Deep!
,guard,æŠ¤ hÃ¹,,,<> å¿½ hÅ« plÃ¶tzlich Huch! <> bluff è™ hÇ” â€¦

,HausHalt,æˆ· [æˆ¶] hÃ¹,,,2) door
,Ã¼ber / un-,å‡ºä¹ chÅ«hÅ« è¶…ä¹ chÄohÅ«
,,,
,who how â€¦ huh?,ä¹ hÅ« ?,,,
Ã¶de/ hektisch/ wÃ¼st/ brach,Hunger,è’ huÄng,,å–‰ hÃ³u,<> é…£ hÄn â€¦ can: bechern(drink)
,~use up,è€— hÃ o,,,
Kinn,chin,é · hÃ n ,,,
halten â€¦,,å« hÃ¡n,,,
branch:x-line/Reihe:Firma,Â¬hÃ¤ng :(,è¡Œ hÃ¡ng,horizontalâ€”,<> Gang æ¶µ hÃ¡n ,è¡¡hÃ©ng waage  Â¬Â æ¨ª hÃ©ng quer æ¡ hÃ©ng (roof beam) <> æˆ·  

Nukleus ,Kern,æ ¸ hÃ©,,,
standing grain,Kern/ Korn/ Hirse/ Halm,ç¦¾ hÃ© ,,é¢— kÄ“(rn),<> æ²³ hÃ©au ğŸ’§  <> ç„æº– miÃ¡ozhÇ”n aufs Korn nehmen Â Â - zielen 
Calla / Lotus,ğ“†¼ #kha challa / ğ“Šƒğ“ˆ™ğ“ˆ– ,è· hÃ© ,ğ“†¼,è“® liÃ¡n ,<> 
constant,hang in,æ’ [æ†] hÃ©ng
,,,
honest -> stupid ! ;),honest -> dummer Hans/Huhn,æ†¨ hÄn ,,,æ³åˆ‡kÄ›nqiÃ¨ è¯šchÃ©ng æ­£zhÃ¨ng  æ‹³quÃ¡n  å…‰æ˜guÄngmÃ­ng  å…¬å¹³gÅngpÃ­ng
DÃ¼rre ,*chamn = heat,æ—± hÃ n,ğŸ”´,,VS å¯’ hÃ¡n KÃ¤lte !!!
[Bogen],Arcus,å¼§ hÃº ,,è™¹ hÃ³ng  å¼“gÅng ,
RED <> Hahn ğŸ“,*chamn = heat ~orange hue,çº¢ hÃ³ng,ğŸ”´,è™¹ hÃ³ng  å¼“gÅng ,æ±‰ [æ¼¢] HÃ n â‰  à¤šà¥€à¤¨ cÄ«na â‰ éŸ© hÃ¡n sÃ¼dkoreanisch ä¸¹ dÄn
yellow,oâ€™chÃ©ng~orange hue,é»„ huÃ¡ng,,,hua=hue! ç…Œ huÃ¡ng glÃ¤nzend Â æ·¡ é»„ dÃ n huÃ¡ng:beige   huÃ¡ng jiÃ¨cÃ i =senf
 Kaiser,King,çš‡ huÃ¡ng,é»ƒå¸ ,ç‹ Kwang ä¸» azhÇ”r,Â å‡° huÃ¡ng PhÃ¶nix <> wang feng é¾™ lÃ³ng = kaiserlich <> CANdelier?
 ,~wrong,è° huÇng,,,é»„ [é»ƒ] HuÃ¡ng=Hwang Wong 
 Vorhang,*Hang,å¹Œ] huÇng ,,,
,wanken/ schwingen,æ™ƒ [æ™ƒ] huÃ ng,,heng=hÃ¤ngen!,
wie,ham/ comme,æ] huÇng ,,,
*Fahrt/ Verkehr,<>Hangar,èˆª hÃ¡ng ,,,<> èˆ¶ bÃ³at / èˆŸzhÅu
,Hormon ;),è·å°”è’™ hÃ©Ä›rmÃ©ng,,,
,MÃ¼tze,å¸½ mÃ o ,,,<> æ¯› mÃ¡o mwhool  mhaar
,pull,æ‹” bÃ¡,,,
(be)hind,hoÃ¼nd,å [å¾Œ] hÃ²u,,,
,â€¦hu/ huh/ he/ ne?,ä¹ hÅ«,,,
wenn â€¦,â€¦ wenn,è¯  ... de huÃ (n),,,
word,[howl/ruf/call/heiÃŸen],è¯ [è©±] huÃ  ,,,<> huol å· hÃ o name
,1)goo 2)burned[heat],ç³Š hÃº,,,
brei,goo,ç²¥] zhÅu ,,,
pot,kup cup,å£¶ [å£º] hÃº,,,
,whole,hulun!	å¥½ hÇo,,,
,CHAnge! WAndel,åŒ– huÃ (n),*hwan.de/ge,,<> change æ›´åŠ¨ gÄ“ng  è½¬ zhuÇn !    å˜ biÃ n ?
color/flower,HUE,èŠ± HuÄ,,,-> ç”» [ç•«] huÃ  KUnst paint(ing) åˆ’ [åŠƒ] huÃ  Strich 

magnificent hue,huge,å HuÃ¡,whoa!,,wow
spotted ,checkered?,èŠ± huÄ,â€”,,dappled mottledÂ speckled
,~han chinese,å [è¯] HuÃ¡ ,,,
row/ rudern,ruâ€™a,åˆ’ huÃ¡,,,
raffiniert ,raâ€™finiert,çŒ¾ huÃ¡,,,<> huch
cut,chuat,åˆ’ huÃ¡,,,
,,,,,
,change,æ”¹ gÇi ,,åŒ– huÃ (n),
,change,æ›´ gÃ¨ng ,,åŒ– huÃ (n),
time/ season,hour!,å€™ hÃ²uÂ®,,,
turn,churn / change / zwandel,è½¬ zhuÇn !,,åŒ– huÃ (n),<> wind wender wunder Winter 
cycle/ week,churn! journ,å‘¨ [é€±] zhÅu(r),,,å‘¨ ZhÅu dynasty ä¸» zhÇ” zhoun <> ç‹ wan  <> æ›´ gÃ¨ng Gang der Zeit
daytime,jour,æ˜¼ [æ™] zhÃ²u(r),,,
,Zauber(n),å’’ zhÃ²u(ber),,!!,ä¾œ zhÅu
,sauber / broom!,å¸š zhÇ’u(ber),,!!,
,Gau!,å· [å·] zhÅu Â ,,å›½ GuÃ³,
,falten??,çš± [çšº] zhÃ²u,,,<> wind wender wunder Winter
,sudden,éª¤ zhÃ²u,,,
,,,,,
,senden Â ,é£ [é£] qiÇn [form.]

Â 
,,,
hochheben,â€œziehenâ€,éª [é¨«] qiÄn,,,
,ziehen,ç‰µ [ç‰½] qiÄn,,,è¿ qiÄn umziehen 
das Los,Ziehenâ€™ :),ç­¾ [ç±¤] qiÄn,,,é“… qiÄn = Blei-ziehen/gieÃŸen
einlegen â€¦,ziehen,åµŒ [åµŒ] qiÃ n,,,
,$Ian Zink,é’± qiÃ¡n ,,,é“… qiÄn = Blei  ä¹¾] qiÃ¡n 1/8 Trigrams
,$1000.00,åƒ qiÄn,,,
,schulden,æ¬  qiÃ n ,,,
yawn,gÃ¤hn ,æ¬  qiÃ n,,,
chain Ã  chien ,chain a dog,ç‰µ ç‹— qiÄn gÇ’u ,,,Â é«˜é£ ç‹—  GÄofÄ“i GÇ’u Goofy Â Â 
,ziehen,ç‰µ  qiÄn ,,,
,SchÃ¼ssel/ pan/ pen,é£Ÿç›† shÃ­pÃ©n 
,,,
Gattin,Î½ÏÎ¼Ï†Î· Nymphe Ninfoo;),*å¥³å¦‡ nÇšnfÃ¹,,,ä»™å¥³ [ä»™å¥³] xiÄnnÇš

,beten pray,æ‹œ  bÃ i,,,
ja je auch,ja,ä¹Ÿ yeÌŒ,jar(pot),,
ta/ they/ she/ he/ it ja,tja,ä»– taÌ„,,,
,ğ“ˆ ~ quell / gate,koÌŒuå£,!,,
oder,OR,æˆ– huoÌ€r,,,<> wuoar : war
YOU!,Er = thou  niÌŒn ä½ ,eÌŒr å°” = though eÌŒrçˆ¾,,,
,,,,,
 ,chaud : hot : head / schief chief,shoÌŒué¦–,,,
time/ season,cai+t : Zeit / sea?+sun : season,shiÌæ™‚,,,
 thousand,zehn leben = 10*100= 1000,qiaÌ„nåƒ,,,
money,pay @ bay,beÌ€i è²,[shellfish],,Cowries weiÃŸ?  byutt byuen weÌnæ–‡ <> fish
zweyi,ä¹™~2 ÙŠ Y,yiÌŒ ä¹™,,,
,jia : house,jiÌ„ngäº¬,,,
,just,jiuÌ€å°±,,,
want/ desire,ywaont,yaÌ€oè¦,,,
embryo etc,seed,å·³ siÌ€,,,æ‰ Cai [tsai]  è‰¹é‡‡ cÇo å­ zi å‰  PSI! << phthi
,it,zhiÌ„ä¹‹,,,
ja,dja da!,duiÌ€å°,,,
[question particles],ma / ja ?,ä¹ˆ me  å¹º [ä¹ˆ] yÄo = 1,,,
breathe / hickup,hatâ€™qi,qiaÌŒoä¸‚,,æ°” [æ°£] qÃ¬,
,zhou qi le = es zieht,æ°” [æ°£] qÃ¬,,,
schleich (slow walk),slow,suiÌ„å¤Š,,,
,heir,å¾Œ hoÌ€uÂ®,,ğ“› !!!,
little / few <- paw,paw : peut â€˜ein paarâ€™,xiaÌŒoå°,,,
å¤• 7 sieben,SI: Sichel,xiÌ„å¤• å¶ si,,,å°¸ shi = corpse    R8 ğ“Š¹  shi.piter?
and,*hang,eÌrè€Œ,,,
city,*BAU! *Burg! Oblast;),yiÌ€é‚‘,,,
,she beast,è±¸zhÃ¬  

,,,
,Sau/ schwein,è±¸zhÃ¬  çŒªzhuÌ„ è±•shiÌŒ 

,,,
agua ashuia,suamp <> si=4 chad see â€¦,shuiÌŒæ°´,â˜µ,,æ°µshui <> schnee
,ma = no <> nass mainus?,moÌ€æ²’,,,
,??,jiÌ„nä»Š,<>,,
then,fthen,faÌ„ngæ–¹,,,<> qvang? <> qvart square
,,,,,
,mÃ¤ngeln bemÃ¤keln,åŸ‹æ€¨ [åŸ‹æ€¨] mÃ¡nyuÃ n,,,
die SchmÃ¤hung,Mahnmal,è°©éª‚ [è¬¾ç½µ] mÃ nmÃ ,,,
,go <> jumb,zoÌŒu èµ°,,,
,rise/ raise/ zieh <> go,qiÌŒèµ·,,,
,run home,huaÌn haÌi é‚„,heyem,ğ“Œµ  ğ“Œ¶ çœ‰mÃ©i,
,RE(turn) home,å› huÃ­ ,churn,,
hit,shoot,shuÌ„æ®³,,,
bow,BowGong Bogen,goÌ„ngå¼“,,,
,Fahne,å¹¡ [å¹¡] fÄn,,æ–¹ fÄng,
das Segel,Fahne,å¸† [å¸†] fÄn [NAUT.],,é£ fÄ“ng vent wind,
Haar,Faden/ fHaar,å‘ [é«®] fÃ ,,,fahar <> ç³¸ silk
#Handlungen,fairn,ç•ª] fÄn ,,,
das FloÃŸ,Fahr,ç­ [ç­] fÃ¡ [NAUT.],,,
law,fatum/ votum/ fascie/ FATE,[æ³•] fÇ [JURA],,,
punish,fanish?,ç½š [ç½°] fÃ¡ [JURA],,,falsch/ çŠ¯ fÃ n Verbrechen! FanBruch
,#Patronen,å‘ [ç™¼] fÄ ,,,
,Familie!,é˜€ [é–¥] fÃ¡ ,,,
,Fach/ Ventil +,é˜€ [é–¥] fÃ¡,,,
gehen,fahren,èµ´] fÃ¹,,,
,fahren,å‘ [ç™¼] fÄ,,,ğ“ que->qÃ¹ å» zieh èµ° zÇ’u ts`adah tsa`ah è¡Œ xÃ­ng
,wenden ,ç¿» fÄn ,,ç›˜ pÃ¡n,-> Ã¼bersetzen 
zurÃ¼ck-fahren,wenden ,è¿” [è¿”] fÇn,++,ç¿» fÄn ,zurÃ¼ck = è¿” fÇn 
,fÃ¤llen,ä¼ [ä¼] fÃ¡,,,
,das Farad,æ³•æ‹‰ [æ³•æ‹‰] fÇlÄ [Abk.: æ³• [æ³•] fÇ] [METR.],,,
,der Fan,ç²‰ä¸ [ç²‰çµ²] fÄ›nsÄ« [ugs.],,,çƒ¦ [ç…©] fÃ¡n  Scherereien <> hooligans
,MitgÃ¤nger,è¿· [è¿·] mÃ­ [SPORT],,,
das Essen,pan,é¥­ [é£¯] fÃ n [KULIN.],,ç›˜ pÃ¡n pan Pfanne,
das Mal,pan,ç•ª [ç•ª] fÄn Â zew.,,,ç¿» fÄn wenden 
das Vanadium,,é’’ [é‡©] fÃ¡n [CHEM.],,,
Gold,~sun/ zinn/ tin ?!?,é‡‘ jÄ«n â˜‰ ,,shine â€¦,æ–¤ jÄ«n = AXE / Pfund 1/2kg ä¸¹ [ä¸¹] dÄn tan taint tin zinnoberrot 
angeberisch ,zurÃ¼ckhaltend WTF,çŸœ jÄ«n,,,
that / by / office,zu/ se/ ce/ sÃ»r/ syr,suoÌŒ æ‰€,zur+++,,
stre-ben â€¦,*ban (fairn:do) being!,åŠ [è¾¦] bÃ n,,åˆ† fÃ¨n = Teiln,ban @ Akkad! <> fahrn tun
like â€¦ ?,route Ã ,å¦‚ ruÌ ,,??,
front first ,???,qiaÌnå‰,,,
anti/ un-/Â im Gegenteil,fANTI! wend!  falsch,å fÇn ,,,<> åŠ bÃ n  ç­ bÄn
,faint/ fake/ fehlâ€™/ falsch,é [é] fÄ“i,,,faint -> irrelevant
aâ€™bunâ€™dant,1/faint ~ pan/ viel,ä¸° fÄ“ng,pan,,<> å° feng
fine!,fein,ä¸° fÄ“ng,,,
defame,pheme,è¯½ [èª¹] fÄ›i,,,(blas)pheme [wort] ~ phon/ fame
,fett,è‚¥ [è‚¥] fÃ©i,,,è‚¥ fÃ©i de
,weit,è‚¥] fÃ©i ,,,
duftend / dÃ¼rftig!,faint,è² [è²] fÄ›i ,,<> fan!,è² fÄ›i (faint smell) <> æ– [æ–] fÄ›i fine fein
stilvoll,fine,æ– [æ–] fÄ›i,,ä¸° fÄ“ng,
,Wade / Ferse,è…“] fÃ©i ,,,
dark red,firey,ç»¯ [ç·‹] fÄ“i,,,fire -> fear/ fury
,Jade/ Jude/ Jew/ gem,yuÌ€ç‰,,,<> é fÄ“ike
,child,å­© hÃ¡i,,,äº¥ hÃ i 12th Erdzweige
,sea!,æµ· hÇi ,shai/ thai,æ°´ shuÇ,èˆŸzhÅu : haigh sea ship      æ¹¿ shÄ« wet   èˆŸ<> *maur: mar/ æ¯ mu!
,der BeiÃŸer/ der weiÃŸe shark!,å¤§ ç™½é²¨ dÃ  bÃ¡ishÄ,,,
,shark,é²¨ shÄ,,,
wet,??,æ·‹æ¼“ lÃ­nlÃ­ æµä½“ liÃºtÇ,,,è½æ±¤é¸¡ [è½æ¹¯é›] luÃ²tÄngjÄ« nass wie ein Suppenhuhn
bad,horrible,å huÃ i (ba),,[weakâ€”],<> Â kaputt/ RÃ¤uber/ Ã¼bel! pfuibÃ¤h
blood,Ø®ÙˆÙ† (xun) xanth- dimu@Akk.,,,,xanth- yellow vs orange vs RED  hong vs huang
,Pfui!,å‘¸ [å‘¸] PÄ“i,,,
pair/ marry/ accompany,pair,é… [é…] pÃ¨i é™ª pÃ©i,,,
repair,pay,èµ” [è³ ] pÃ©i,,,
plenty,viel/ poly,æ²› [æ²›] pÃ¨i,,,
der Ballon Â ,<> *circle,æ°”çƒ qÃ¬qiÃº,*qyrqyl kvrkvr,,
,Dialog,å¯¹è¯ duÃ¬huÃ ,,,
cold,chill/ kyro,æ·’ qÄ« ,,,
EIS/ ICE,beiÃŸ buz@turk vs galacio,bing åŒ— bÄ›i'an beiâ€™as,,,ghiaccio galacio glacÃ©e glacier glace lac Ğ»ĞµĞ´ led jalid++ å‡‰ æ¶¼ liÃ¡ng   Ø§Ù„Ø«Ù„Ø¬     Ø¬ Ù„ Ø« Ù„ Ø§al phthandzÎ¹

,30,å… [å…] sÃ ,,, 	3 ä»¨sÄ
,sausen  ,é£’ [é¢¯] sÃ  ,ğ“¿,,sough
let lose,ğ“¿,æ’’ [æ’’] sÄ,,,saat/start!
seed/throw/streu/send,saat!,æ’’ [æ’’] sÇ,,,æ´’ [ç‘] sÇ gieÃŸa

game,,	 	èµ› [è³½] sÃ i,,,ziel?
,ZU!,å¡ [å¡] sÃ i
keil/cone/squeeze,,å¡ [å¡] sÃ i
Kieme,--,	 	é³ƒ [é°“] sÄi
cheek,,è…® [è…®] sÄi[k]

rain/sun-shade,Schirm,ä¼ [å‚˜] sÇn,,æ‰‡ shÃ n
	 	,3,ä¸‰ [å] sÄn
send lose,,æ•£ [æ•£] sÃ n,ğ“¿!

voice,ğŸœ	,å—“ [å—“] sÇng
hals,?,å—“ [å—“] sÇng
Trauer,song!,ä¸§ [å–ª] sÄng,,é¢‚ sÃ²ng/ å”± chÃ ng!,å—“
	 	Stirn,,é¢¡ [é¡™] sÇng 

saubern,,æ‰« [æƒ] sÇo
scratch,ğ“ƒŸ,æ” [æ”] sÄo/ç¼« [ç¹…] sÄo/		 	ç˜™ [ç˜™] sÃ o
raudi/riot,ğ“ƒŸ!!,éªš [é¨·] sÄo 
shame,ğ“ƒŸ,è‡Š [è‡Š] sÃ o
shy++,ğ“ƒŸ?,è‡Š [è‡Š] sÃ o
sour smell,ğ“ƒŸ,è‡Š [è‡Š] sÃ o
?,?,éªš [é¨·] sÄo
Hammelgeruch,wth,è†» [è†»] shÄn		 	

 		 	,Zitter,ç‘Ÿ [ç‘Ÿ] sÃ¨
 		 		 	CÃ¤sium ,,é“¯ [éŠ«] sÃ¨ [CHEM.]	 	 	

,?,å•¬ [å—‡] sÃ¨
herb,saur--,æ¶© [æ¾€] sÃ¨ ,,æ²™shÄ?

,sand,æ²™/ç ‚  shÄ,,,Sahara?
sandy-voice,,	 	å—„ [å—„] shÃ 
sky-scraper,,å¦ [å»ˆ] shÃ ,,å‡

moment,Zeit,éœ [éœ] shÃ 

,shark,é²¨ [é¯Š] shÄ,,æ€å®³ shÄhÃ i=kill
kill!,assassa,æ€ [æ®º] shÄ,,*shai æ­» sÇ cease cede
stop/check/ğ“‹´halt,,åˆ¹ [å‰] shÄ
,scharecklick,ç… [ç…] shÃ 

Garn,ä¸ğŸ‘,		 	çº± [ç´—] shÄ
suck,saugenğŸ‘ğ“ƒŸ, æ­ƒ [æ­ƒ] shÃ  
,schandelnğŸ‘ğ“ƒŸ,åˆ¹,,,åˆ¹â€‹é£æ™¯ [å‰â€‹é¢¨æ™¯] shÄ fÄ“ngjÇng 
dumb,schafischğŸ‘,å‚» [å‚»] shÇ
what?,shui/shenme/quoiğŸ‘?, 	å•¥ [å•¥] sha

sieve,sieben,ç­› [ç¯©] shÄi
color,shade++ ranGe?,è‰² [è‰²] sÃ¨/	 	è‰² [è‰²] shÇi,,ç”Ÿsein?
to sun/shine,ğŸŒ£,æ™’ [æ™’] shÃ i 	 	 	,,,1/shade
sparkle,ğŸŒ£ shine,é—ª [é–ƒ] shÇn,,, é—ªç”µ shÇn-diÃ n thunder&ğŸ—²  ğ“‹¹&ğ“‹¹  ç”µ ç‚¹diÇn
,shun!,é—ª [é–ƒ] shÇn,,ğŸŒ£ ä¼ sÇn,shun=duck
fan,sun-shade,æ‰‡ [æ‰‡] shÃ n,,ä¼ sÇn

,(saint)Schanze,å±± [å±±] shÄn 
(climb)up,å±±/?,ä¸Š [ä¸Š] shÃ ng

reward,schenk,èµ [è³] shÇng,,å°š
enjoy,schenk,èµ [è³] shÇng
hoch-schÃ¤tzen,ä¸Š,å°š [å°š] shÃ ng

change,,å¬— [å¬—] shÃ n,,,éªŸ åˆ  shÄn 
exchange/deal,change,å°š [å°š] ShÃ ng,,èµ,merChand
entropy,change,ç†µ [ç†µ] shÄng
still/noch,schon/no-change,å°š [å°š] shÃ ng

ohrfeigen,schÃ¤nden,æ‰‡â€‹è€³å…‰ [æ§â€‹è€³å…‰] shÄn Ä›rguÄng,,,'schallernd' å£° shÄ“ng
Schaden:wound...,schÃ¤nden,	 	ä¼¤ [å‚·] shÄng
shame/mock,schand,è®ª [è¨•] shÃ n
ashamed,shy,è®ª [è¨•] shÃ n
dress,^^shame,è¡£è£³ [è¡£è£³] yÄ«shang,,ğ“‹¹
cover/mat,,	è‹« [è‹«] shÃ n



tongue,Zunge,èˆŒ shÃ©[ng] ,,âš•ğ“„“,schnacken  [t]Ong ğ“†“s'langue
shnaka,Schlange,è›‡ shÃ©[ng],,âš•ğ“†“ğ“†‘, è›‡ shÃ© Cer:Kur ç¤¾ Erdgott
gift âš• give,geSchenk!,èµ  shÃ©[ng] / zeng,,âš•,schÃ¶n schenk sank èº« give gabe KÃ¶rper
sane geSund,sankht sanft ,èº«ä½“ shÄ“ntÇ,,ğ“‹´ ğ“ˆ–ğ“ƒ€  ğ“œ    âšš âš•!!,Shaman âš•!!  MediShen MediZin medicine << medeor = heal @ meteor
KÃ¶rper,,èº« shÄ“n,,,
,Schnitt,èº« shÄ“n,,,æ›´ ç”š gÄ“ng shÃ¨n  noch mehr
house,shed,èˆ [èˆ] shÃ¨
society/club...,^^ house/body,ç¤¾ shÃ¨,,,ä¼š huÃ¬ / å›¢ä½“ tuÃ¡ntÇ
stand,-,è®¾ [è¨­] shÃ¨

shoot/shed,schieÃŸ/stoÃŸ,å°„ [å°„] shÃ¨
shoot(foto),,	 	æ‘„ [æ”] shÃ¨ 

,set(up)/gen-,è®¾ [è¨­] shÃ¨
remit?,?,æ¶‰ [æ¶‰] shÃ¨,,,shank=schacht

Oxe,Ochse,éº [O]shÃ¨,,,
shy,scheuch,æ…‘ [æ‡¾] shÃ¨, æƒ§jÃ¹ ç„¦æ€¥jiÄo ,,âš•,coy <> ç„¦ bird?
siâ€¦/if â€¦,sei â€¦,è®¾ [è¨­] shÃ¨,,,


 ,schÃ¶n,	å¥¢ [å¥¢] shÄ“ 
 lux,schenk,	å¥¢ [å¥¢] shÄ“ 

,Tanne,æ‰ [æ‰] shÄn 
Spitze,,æ¢¢ [æ¢¢] shÄo,,æ‰
,Schaufel++,	 	å‹º [å‹º] shÃ¡o,,,å‹ºshÃ¡o SchÃ¶pflÃ¶ffel

burn,char/zÃ¼nd,çƒ§ [ç‡’] shÄo,,ç« ğ“‹´huÇ’,chaud/s'hot

,schÃ¶n,éŸ¶ [éŸ¶] shÃ¡o,,å°‘
young,,å°‘ [å°‘] shÇo,,å° xiÇo,éŸ¶ shÃ¡o schÃ¶n jeun shÇo.lad = child
small,,å°‘ [å°‘] shÇo,,å° xiÇo,s'niao 	 	
little,å°‘ small/shy,ç¨ [ç¨] shÄo
*,shout,å“¨ [å“¨] shÃ o


das Steuergitter,---,	æ …æ shÄnjÃ­ 

dinner,Essen-,æ™Œ [æ™Œ] shÇng,ğ“‹¹,ğ“‹¹,diana:dinner
,Essen,è†³ [è†³] shÃ n,,,<> å£° shÄ“ng sound?
,schnacken,èµ¡ [è´] shÃ n,ğ“†“


change,,å¬— [å¬—] shÃ n,,,éªŸ [é¨¸] shÃ n sterilize --
improve,change,åˆ  [åˆª] shÄn 


good,ğ“‹¹ schÃ¶n,å–„ [å–„] shÃ n,,,generous
forbidden,saint,æ“… [æ“…] shÃ n
	 	,schÃ¼ren,ç…½ [ç…½] shÄn	 	 ,ğ“‹¹
sparkle,ğŸŒ£ shine,é—ª [é–ƒ] shÇn
Being/Life,Sein,ç”Ÿ [ç”Ÿ] shÄ“ng,ğ“‹¹ å• [å–®] ShÃ n
saint/holy,sankt,åœ£ shÃ¨ng,ğ“‹¹,ç¥
brute:Vieh<>vie!,ğ“ƒ¶,ç‰² [ç‰²] shÄ“ng,
,das Ansehen ,å£° [è²] shÄ“ng	 	 	
new...,jeun,ç”Ÿ [ç”Ÿ] shÄ“ng
bear,gen!,ç”Ÿ [ç”Ÿ] shÄ“ng
grow,steign,å‡ [å‡] shÄ“ng,,èƒœç¥
Mast setzen,ziehen,	å‡ [å‡] shÄ“ng
,siegen,èƒœ [å‹] shÃ¨ng	 	 	 
sound,sing...,å£° [è²] shÄ“ng,,,Stimme/Schall/Ton
string/cord/,Senkel/Schnur/Seil/Strick,ç»³ [ç¹©] shÃ©ng,ğ“¶,,leash/lead/line / rope/tether 

save,-,çœ [çœ] shÄ›ng,,,schenken?


Ghost,	Scheini/Genie/Jin,ç¥ [ç¥] shÃ©n 
Holy Ghost:GODğ“ƒ¶!,	Sheini/Genie/Jin,ç¥ [ç¥] shÃ©n,ğ“‹¹,å‡åœ£ç”Ÿ,<<<<<<<!!!!!
#10,[0...9],	ç”³ [ç”³] ShÄ“n
body,cen.ter or.gan,èº« [èº«] shÄ“n
deep,ocean,æ·± [æ·±] shÄ“n
late,schon,æ·± [æ·±] shÄ“n
sehr,schon/schÃ¶n,ç”š [ç”š] shÃ¨n		 	sehr ,,å¾ˆâ€‹å¤š hÄ›n duÅ
careful/exact/acht.sam,schÃ¶n,æ… [æ…] shÃ¨n
"?",quest.shen,ä»€ [ä»€] shÃ©n,,	ä»€ä¹ˆ me/ma?
eng,,æ·± [æ·±] shÄ“n

pregnant,man-gen,å¦Šå¨  rÃ¨nshÄ“n,,pre.gen.ante
jammer,?,å‘»åŸ shÄ“nyÃ­n



city,,å¸‚ shÃ¬,,,shield? circle cyr to-wards: xiaÌ€ngå‘ ğŸ  shaÌ€ngå°š noble
shop,,å¸‚ shÃ¬ ,,U23  ğ“‹    ,<> ciosk
,Zimmer,å®¤ [å®¤] shÃ¬,,,
style,der Stil,å¼ [å¼] shÃ¬i,Â ,,
ten,10 zehn,	å [å] shÃ­,,æ—¶!,
time/hour,Zeit,æ—¶ [æ™‚] shÃ­,,,
aera,ğŸŒ£,å¯¿ [å£½] shÃ²u,,,
area,ğŸŒ£ 'Schicht',ä¸– [ä¸–] shÃ¬,,,
generation,gin,ä¸– [ä¸–] shÃ¬,,,
family,gen/kin/cin,æ° [æ°] shÃ¬ ,,,
Fall,Genus,äº‹ [äº‹] shÃ¬,,,<> shu
work/thing,Schicht,äº‹ [äº‹] shÃ¬,,,
start,-,å§‹ [å§‹] shÇ,,,
history,GeSchicht,äº‹ shÃ¬  å² shÇ,,,å†å² lÃ¬shÇ = Lebens-Geschichte 	 
poetry,poeSie,è¯— [è©©] shÄ« ,schoen 	,,
sur-name,Sir-name,æ° shÃ¬,Â ,ğ“Šƒğ“€€ S+er = Sir,
messenger,schick/send,ä½¿ [ä½¿] shÇ,,,
situation,,åŠ¿ [å‹¢] shÃ¬,,,
strenght,,åŠ¿ [å‹¢] shÃ¬,,,
style,Stil,å¼ [å¼] shÃ¬,,,
,Schwur,èª“ [èª“] shÃ¬,,,
decor,schick/schmuck/zier,é¥° [é£¾] shÃ¬,,,

see,sehen/schauen,è§† [è¦–] shÃ¬	 	 	
show,zeig<>see,ç¤º [ç¤º] shÃ¬,,è§† shÃ¬,
know,shir,è¯† [è­˜] shÃ­,,,ç†Ÿ [ç†Ÿ] shÃº
,beschÃ¤ftigen,äº‹ [äº‹] shÃ¬ 
Knowing,SchÃ¼ler,å£« [å£«] shÃ¬ ,,,
stone,Schiefer,çŸ³ [çŸ³] shÃ­[n],,,
studied,schooled,å£« [å£«] shÃ¬ ,,,
,soldier,å£« [å£«] shÃ¬ ,,,
swear,schwÃ¶ren,èª“ [èª“] shÃ¬	 	 	

,Stich,è« [è«] shÃ¬,,,
arrow,SchieÃŸ,çŸ¢ [çŸ¢] shÇ ,,,
shit,Schiss,å± shÇ,,å°¸<> si : die 4,	 	è™± [è¨] shÄ« louse?
dark,,èš€ [è•] shÃ­,,ğ“ cic kak æŸ¿ [æŸ¿] shÃ¬ [BOT.] Kaki / é£Ÿ [é£Ÿ] ğ“ shÃ­ eclipse ğ“ èš€ [è•] shÃ­  
die,sterben,	é€ [é€] shÃ¬	æ­» sÇ 	 	
corpse,^^,å°¸ [å±] shÄ«,,,
,(be)seitigen,	é‡Š [é‡‹] shÃ¬

wet,,æ¹¿ [æº¼] shÄ«,,å± shÇ,shit-weather schiffen
pleasir,schÃ¶n,é€‚ [é©] shÃ¬,,,

lion,shirkan,ç‹® [ç…] shÄ«,,,

be (on scale),stehen,æ˜¯ shÃ¬,,,
be,Sein,æ˜¯ shÃ¬,,,
solid,Seiend,å® [å¯¦] shÃ­
send,schicken,ä½¿ [ä½¿] shÇ ,,,
make serve,ğ“‹´ cause!,ä½¿ [ä½¿] shÇ ,,,
use,serve?,ä½¿ [ä½¿] shÇ
serve,-,äº‹ [äº‹] shÃ¬
eat,esse,é£Ÿ [é£Ÿ] shÃ­ / 		 	å™¬ [å™¬] shÃ¬ 
sting,sting/bite,	 	è« [è«] shÃ¬ [MED.]	 	 	
steer,,é©¶ [é§›] shÇ,,,maChine?
,sÃ¼chtig,å—œ [å—œ] shÃ¬,,,
,stÃ¼tzen,æƒ [æƒ] shÃ¬,,,

,wischi,æ‹­ [æ‹­] shÃ¬,,,
lick,lutschi,èˆ [èˆ] shÃ¬,,,
test,teshi,	 	è¯• [è©¦] shÃ¬	 	 	

signs ,signs Ziffern Zeichen,å­— zÃ¬,,,æ–‡ wan zÃ¬ : Warn Zeichen
script/ book,Schrift/ scryt,ä¹¦ [æ›¸] shÅ«,,,
stone,Schieffer Stein,çŸ³ shÃ­ ,,O39 Stein     ğ“ŠŒ ,<> chert!
head,shoulders,é¦– shÇ’uâ€™d,,,raschelnğŸ‘‚rasho <> rational
head,Schopf,é¦– [é¦–] shÇ’u,,,
hand,cheir,æ‰‹ [æ‰‹] shÇ’u,,,
animal,Sau,å…½ [ç¸] shÃ²u,,,á¼„Î³ÏÎ¹ wild
chase,,ç‹© [ç‹©] shÃ²u,,,
accept,æ‰‹é¦–,æ”¶ [æ”¶] shÅu,,,
cover,Schutz æ‰‹é¦–,å®ˆ [å®ˆ] shÇ’u,,,
re.ceive,æ‰‹,	å— [å—] shÃ²u,,,
sell,æ‰‹ short,	 	å”® [å”®] shÃ²u,,,
give,æ‰‹ sell,æˆ [æˆ] shÃ²u,,,
meagre,schwach,ç˜¦ [ç˜¦] shÃ²u,,,
eng,short,ç˜¦ [ç˜¦] shÃ²u,,,

,say,è¯´ [èªª] shuÅ,,ğ“†“ğ“‚§/ğ“Š¥,ğ“ğ“‚‹ğ“Š¤ cuir cry
,say è¯´,æŠ’ [æŠ’] shÅ«,,,
(per)suade,say,è¯´ [èªª] shuÃ¬,,,
lead,show/say/guide,ç‡ [ç‡] shuÃ i,,è¯´,
,chief,å¸… [å¸¥] shuÃ i,,è¯´,
order,say,ç½² [ç½²] shÇ”,,è¯´,
count,Î£ sum,æ•° [æ•¸] shÇ”[m],,,
number,Î£ Zahl,æ•° [æ•¸] shÃ¹[m],,,
sundry,Î£Î£ souvant,åº¶ [åº¶] shÃ¹*,,,
digit,Î£ Ziffer,æ•° [æ•¸] shÃ¹[m],,,
vertical,sunk/Senkrecht,ç«– [è±] shÃ¹[nk],,,
little,shun,ç– [ç–] shÅ«[n],,,
through,-,ç†Ÿ [ç†Ÿ] shÃº,,,
known,*shi,ç†Ÿ [ç†Ÿ] shÃº,,,è¯† [è­˜] shÃ­
tree,Esche,æ ‘ [æ¨¹] shÃ¹,ğ“‡—,mushu,ğ“…±ğ“‚ğ“ˆ–ğ“†­/ğ“ ğ“Œğ“Œğ“Œğ“†­ 
tree,yew/ juniper/ Jujube,æ ‘shÃ¹ æ ª zhÅ«,,,ğ“†­ junIPER->conifer fir <> arbra <> hebrew 
twin/double,zwein,åŒ [é›™] shuÄng,ğ“Œ¢ ÃŸwn,,
water,sea,æ°´ [æ°´] shuÇ,,,
tax,Steuer æ°´,ç¨ [ç¨…] shuÃ¬[r],,,
sleep,,ç¡ [ç¡] shuÃ¬[p],,,
,shining,çˆ½ [çˆ½] shuÇng,,,
dawn,ğŸŒ£,æ›™ [æ›™] shÇ”[n],,,
warmth,ğŸŒ£charm,æš‘ [æš‘] shÇ”[m],,,
old private school,school,å¡¾ [å¡¾] shÃº[l],,,
,genus-,å± [å±¬] shÇ”[n],,,
Hirse/millet,ğ“‡“,é» [é»] shÇ”,ğ“‡”ğ“‡—,	ç²ŸsÃ¹ å‡ºchÅ«~æ‰‹,è‰cÇo å‰hui(Heu) èŒ¶chÃ¡
,Amt?-,ç½² [ç½²] shÇ”[t],,,
Maus,*maoshu,é¼  [é¼ ] shÇ”,,,
,'Sir!',å” [å”] shÅ«[r],,,

sponge,Schwamm,åˆ· [åˆ·] shuÄ,,,
game,jouer/jeux,è€ [è€] shuÇ,,,
trick,schummel,è€ [è€] shuÇ,,,
juggle,jonglier,è€ [è€] shuÇ,,,
pale,schwach,åˆ· [åˆ·] shuÃ ,,,
weak,schwach,è¡° [è¡°] shuÄi,,,
wane,swind,è¡° [è¡°] shuÄi,,,
schuettel,shake,ç”© [ç”©] shuÇi ,,,
schwenk,sway,ç”© [ç”©] shuÇi,,,
,swing,ç”© [ç”©] shuÇi ,,,
throw,schmeiÃŸ,æ‘” [æ‘”] shuÄi,,,
bold,ğ“ŠƒÎ£,é—© [é–‚] shuÄn,ğ“Šƒ,,
bind,ğ“ŠƒÎ£,æ‹´ [æ‹´] shuÄn,ğ“Šƒ,,
book,ğ“ŠƒÎ£,ä¹¦ [æ›¸] shÅ«,,,
write/hand,Schrift,ä¹¦ [æ›¸] shÅ«,,,
Bund,ğ“ŠƒÎ£ skein,æŸ [æŸ] shÃ¹,,,
comb,Î£,æ¢³ [æ¢³] shÅ«,,,

sum/zÃ¤hlen,Î£,ç®— [ç®—] suÃ n

suck,saugn,å® [å®] shÇ”n 
order(ly),schÃ¶n-,é¡º [é †] shÃ¹n
follow,--shun,é¡º [é †] shÃ¹n

,say,è¯´ [èªª] shuÅ,,ğ“†“ğ“‚§/ğ“Š¥,ğ“ğ“‚‹ğ“Š¤ cuir cry
shining,,çƒ [çˆ] shuÃ²
1. of month,shineğŸŒ•,	 	æœ” [æœ”] shuÃ²,,çƒ
giant,ğŸŒ•,ç¡• [ç¢©] shuÃ²

six 666,Sichel,å·³ sÃ¬,,â˜¾ğ“‡¹â˜½â½‰,
death,die! Exitus Sichel,æ­» sÇ ,Î´i,,sick/siechend/ ob-sequi ç¥€ [ç¥€] sÃ¬ Opfer
Seide,silk,ä¸ sÄ«,,,
think,,æ€ [æ€] sÄ«,sir,,
observe/wait,see,å¸ sÄ«,,,
it appears,seams/simil,ä¼¼ sÃ¬,,,
section,,å¸ sÄ«,,,å›› sÃ¬  4 
closter,?,å¯º [å¯º] sÃ¬ ,,,mosque=mosi museum?
secret,sicher,ç§ [ç§] sÄ«
Kerl,sir-,	 	å® [å»] sÄ«
,zer-ziehen,æ’• [æ’•] sÄ«
steif/starr,-,æ­» [æ­»] sÇ
wiehern,ğŸ-,å˜¶ [å˜¶] sÄ« 
hoarse,,å˜¶ [å˜¶] sÄ«
wait,--,ä¿Ÿ [ä¿Ÿ] sÃ¬ 
feed,--,	 	é¥² [é£¼] sÃ¬
this/these,ce,æ–¯ [æ–¯] sÄ«

cunifer,-,	 	æ¾ [æ¾] sÅng,,å®‹ SÃ²ng
Ode,song! ğŸ,é¢‚ [é Œ] sÃ²ng  ,,å”± chÃ ng,sÌŒiÌ€r/(s)Ã©nek@sumer/cegamag/srod@pers/song@kurd/â²â²¥â²™â²/canzone/ghanna/ngiynah/á¾ Î´Î®/á½•Î¼Î½/massa/zimrath
declaim,song ğŸ,è¯µ [èª¦] sÃ²ng
praise,song ğŸ,é¢‚ [é Œ] sÃ²ng,,,Ï«â²“â²›Ï©â²±â²¥
raise,ğŸŒ…,è€¸ [è³] sÇ’ng,,,vs ğŸŒ… sunk ğ“Šµ ç»¥ ç«– shÃ¹ ç– shÅ« æŸ sÇ”n
loosen,ğ“¿,æ¾ [é¬†] sÅng,,ğ“¿ vs ğ“Šƒ syn, sag/slack/schlaff- vs song@kurdğ“Šƒ
	 ,schenken,	é€ [é€] sÃ²ng	 	 	
send,schicken ,é€ [é€] sÃ²ng
	 	,sue,è®¼ [è¨Ÿ] sÃ²ng
,schreckenğŸ,æ€‚ [æ…«] sÇ’ng 


search,such,æœ [æœ] sÅu
,sausend  ,é£• [é¢¼] sÅu ,,,	 	è’ [è’] sÅu Jagt
ship/shuttle,,â€‹è‰˜â€‹ sÅu 
 	,sauern,é¦Š [é¤¿] sÅu 
sour,sauern,é…¸ [é…¸] suÄn,,,pain/ huÃ¡ngguÄ é»„ç“œ %-Gurke
knobi,--, 	è’œ [è’œ] suÃ n 
GemÃ¼se,soup--,è”Œ [è”Œ] sÃ¹,,è‰cÇo
Hirse/millet,ğ“‡“,é» [é»] shÇ”,ğ“‡“ğ“‡”ğ“‡—,ç²ŸsÃ¹ å‡ºchÅ«~æ‰‹,è‰cÇo å‰hui
Hirse/millet,ğ“‡“,ç²Ÿ [ç²Ÿ] sÃ¹,ğ“‡“ğ“‡”ğ“‡—,é» shÇ” å‡ºchÅ«~æ‰‹,è‰cÇo å‰hui èŒ¶chÃ¡  è¥¿xÄ« vs ç²Ÿ ğ“‡”!
tree,bush*,æ ‘ shÃ¹,ğ“‡— 
stromaufwÃ¤rts ,,æº¯ [æº¯],,ç²Ÿ ğ“‡”
schnell,*schwind,é€Ÿ [é€Ÿ] sÃ¹

shape,,å¡‘ [å¡‘] sÃ¹,,ğ“†£,ğ“ğ“Šªğ“‚‹ğ“…±ğ“›ğ“¥  KÃ¶rper! 

inform...,SAY,è¯‰ [è¨´] sÃ¹,,è¯´,an-schuldigen

re-surrect,,è‹ [è˜‡] sÅ«,,,con-scious <> scire:sir
schlicht,,ç´  [ç´ ] sÃ¹
solemn,,è‚ƒ [è‚…] sÃ¹,,,silent
sowjet,SU,è‹ [è˜‡] SÅ« 

crisp,--,é…¥ [é…¥] sÅ«
custom,--,ä¿— [ä¿—] sÃº





years of life,ğ“‡³ Zeit,å² [æ­²] suÃ¬ 
,die Shui,æ°´æ— [æ°´æ—] shuÇzÃº		 	,,, Ethnische Gruppe
,Splitter,ç¢ [ç¢] suÃ¬
Signalfeuer,signal,ç‡§ [ç‡§] suÃ¬ 
evil spirit,jin,ç¥Ÿ [ç¥Ÿ] suÃ¬ 
Ã„hre/Bommel,ğ“‡“ğ“‡”,ç©— [ç©—] suÃ¬,,shÇ”
follow,suite,éš [éš¨] suÃ­
come-true,suite/sweet dreams,é‚ [é‚] suÃ¬
zer-brechen,zer--,ç¢ [ç¢] suÃ¬		 	
though sei,zwar,è™½ [é›–] suÄ«
ğ“Šµ,sÃ¤nft,ç»¥,,ğ“‹´ğ“Šµğ“ğ“Šª,ç«– shÃ¹ ç– shÅ« æŸ sÇ”n
lessen,schaden,æŸ [æ] sÇ”n


grandson,Sohn,å­™ [å­«] SÅ«n
Zapfen,cone?,æ¦« [æ¦«] sÇ”n 
Bambussprosse,shootn--,ç¬‹ [ç­] sÇ”n

,Seil/Strick/Tau,ç´¢ [ç´¢] suÇ’,ğ“¿
lock,Schloss,	é” [é–] suÇ’,ğ“Šƒ
house/office,Sitz/Stelle,æ‰€ [æ‰€] suÇ’,ğ“Š¨
shuttle,,	æ¢­ [æ¢­] suÅ 
umstÃ¤ndlich  ,--, 	 		 ç [ç‘£] suÇ’	 	 	

not-,mano Â¬ mo-,æ²¡ [æ²’] mÃ©i,ğ“‚œ ,,æ²¡â€‹äºº mÃ©irÃ©n niemand vs æ¯â€‹äºº mÄ›irÃ©n jemand  mini vs magna
je,ğ“¹make ğ“‚‹ ğ“ ğ“‚£,æ¯ [æ¯] mÄ›i,meje,,ğ“ Menge ...
Medium,media,åª’ [åª’] mÃ©i	  
Zew. fÃ¼r kleine Dinge,mini ğ“…±,æš [æš] mÃ©i,,, <> ğ“ ğ“ˆ– Menge  
Zew. fÃ¼r Marken,mark,æš [æš] mÃ©i  
Zew. fÃ¼r MÃ¼nzen,mÃ¼nz,æš [æš] mÃ©i ,,,Medaille 
coal,chemie/khem,ç…¤ [ç…¤] mÃ©i ,,, éœ‰ mÃ©i [BIOL.] der Kahm  
Schimmel  ,,éœ‰ [éœ‰] mÃ©i	 	 	
Enzyme,,é…¶ [é»´] mÃ©i 
Magnesium,,é• [é‚] mÄ›i 
Moder,,éœ‰ [éœ‰] mÃ©i	 	 	
Anmut,,ç¾ [ç¾] mÄ›i	 	 	
young sis,magd,å¦¹ [å¦¹] mÃ¨i		 	
DÃ¤mon,dei'mon,é­… [é­…] mÃ¨i	 	 	
Europa & Amerika,EU+aMei, 	æ¬§â€‹ç¾ [æ­â€‹ç¾] ÅŒu MÄ›i 
ç« [ç«] mÃ©i   - è§â€‹ç«ç‘° [è¦‹â€‹ç«ç‘°] jiÃ n mÃ©iguÄ«			nur in Komposita
Zew. fÃ¼r BlÃ¤tter,?,æš [æš] mÃ©i  zew. [BOT.]			
Mume-Pflaume   ,,æ¢…æ¢… mÃ©imÃ©i
berry,*MaiBeere,è“ [è“] mÃ©i 
Augenbrauen,,çœ‰ [çœ‰] mÃ©i
Ufer,?,æ¹„ [æ¹„] mÃ©i 
Mei   - Familienname,,æ¢… [æ¢…] MÃ©i		 	

low/little,base,å‘ bÄ“i
,base,å‘é„™  bÄ“ibÇ 
Sand/Strand/Stand,, 	æ‘Š tÄn
Krebs,Sartan ×¡×¨×˜×Ÿ,èŸ¹è‚‰ xiÃ¨rÃ²u