â„–		English	Egyptian many variants, often sign value implicit, better see Egyptian.all.tsv!		Dictionary leeway		
1		I	ğ“…± ğ“‡‹ ğ“€€		â€˜ I, we, ğ“€€, ğ“€­, IA, â€˜mon ğ“€»  Îµá¼¶Î½Î±Î¹ eÃ®nai Îµá¼°Î¼Î¯ â€œI amâ€.â€˜		
2		you	ğ“ğ“…±, ğ“ğ“ˆ–, ğ“ˆ–ğ“ ğ“, ğ“ˆ–ğ“ ğ“¿ğ“ˆ–ğ“¥, ğ“¿ğ“ˆ–ğ“®, ğ“ğ“…±ğ“¡, ğ“ğ“…±ğ“¿ğ“ˆ–ğ“¥		 you	tu, thy, ton, Dein, ante te, ante Ã§u, thine, Dich
3		he	ğ“‡“ğ“…±, ğ“‡“ğ“…±ğ“, ğ“†‘, ğ“Šªğ“ˆ–		 he, him, his, it, its	#sw, su, she, es, cet, #swt, sind, whon, who, #Æ’, von, phon, #pn
4		we	ğ“ˆ–ğ“¥, ğ“‡‹ğ“Œğ“ˆ–ğ“¥, ğ“‡‹ğ“€ğ“ˆ–ğ“ˆ–ğ“¥		 we, us, we two, our	nous, our-nous, man, men, min
5		you	ğ“ğ“ˆ–ğ“¥, ğ“ˆ–ğ“ ğ“ğ“ˆ–ğ“¥		 you, your	thine, Dein, sen@Turk,Pers ante thine	
6		they	(ğ“ˆ–ğ“) ğ“Šƒğ“ˆ–, ğ“‹´ğ“ˆ–ğ“¥, ğ“ˆ–ğ“¥, ğ“ˆ–ğ“®, ğ“…±ğ“¥, ğ“‹´ğ“ª, ğ“‹´ğ“ğ“¥		 they	ante zem, sen@Pers, Å¡an,  Ø§ÛŒØ´Ø§Ù† ishÃ¥n, 2.  man, namâ€¦?, sey, Äet	
7		this	ğ“ğ“„¿, ğ“ğ“…±, ğ“ğ“…±ğ“‡‹ğ“‡‹, ğ“ğ“ˆ–, ğ“¿ğ“ˆ–, ğ“…®, ğ“…®ğ“„¿, ğ“‡‘ğ“‡‘, ğ“‡‘ğ“‡‘ğ“ˆ–, ğ“ˆ–ğ“„¿, ğ“‰, ğ“Šªğ“…®ğ“„¿, ğ“Šªğ“…±, ğ“Šªğ“…±ğ“‡‹ğ“‡‹, ğ“Šªğ“ˆ–		 this, the	theâ€¦, deâ€¦, dar, der, dor ğ“‰, die, den, Î±Ï…Ï„ÏŒ aftÃ³ of Ï€Î¿Î¹Î¿Ï‚ poios who whon whom wer welcher, é‚£ nÃ , nam, (nÃ¤mlicher) , Ø§ÛŒÙ† in(a) Ø£ÙÙ†ÙÙ‘â€ Ê¾anna	
8		that	ğ“ğ“†‘ğ“„¿,ğ“ğ“†‘,ğ“ğ“…±,ğ“ğ“…±ğ“‡‹ğ“‡‹,ğ“ˆ–ğ“†‘,ğ“Šªğ“…±ğ“‡‹ğ“‡‹,ğ“Šªğ“†‘ğ“®,ğ“Šªğ“†‘ğ“„¿ğ“ˆ,		 that, those	#twa Ø¢Ù† Ã¥n à¤µà¤¹ vah, #pwy, Ï€Î¿Î¹Î¿Ï‚ poios, whose, whon  	 
9		here	ğ“ˆ–ğ“„¿, ğ“‚§ ğ“® ğ“ˆ, ğ“‰» ğ“‚ ğ“ˆ, ğ“‰» ğ“‚ ğ“„¿ ğ“‡‹ğ“‡‹ ğ“ˆ		here, there 	nah, é‚£ nÃ , da / dort! there++ ğ“‰<>ğ“‰»	
10		there	ğ“‚§ ğ“® ğ“ˆ, ğ“‰» ğ“‚ ğ“„¿ ğ“‡‹ğ“‡‹ ğ“ˆ, ğ“‡‹ğ“…“,		here, there	there / da, dort, im	
11		who	ğ“Šªğ“…±, ğ“Šªğ“ğ“‚‹, ğ“…“ ğ“‚Ÿ, ğ“…“ ğ“‚, ğ“ˆ–ğ“…“ğ“‚,ğ“Š„ ğ“‡‹ğ“‡‹, ğ“‹´, ğ“¶		 who ?, what ?	mwho? / mwa?  Ï€Î¿Î¹Î¿Ï‚ (poios)  2. qui? che? que?	
12		what	ğ“Šªğ“…±, ğ“Šªğ“ğ“‚‹, ğ“…“ ğ“‚Ÿ, ğ“…“ ğ“‚, ğ“ˆ–ğ“…“ğ“‚,ğ“Š„ ğ“‡‹ğ“‡‹, ğ“ ğ“®, ğ“‹´, ğ“¶, ğ“ğ“Šªğ“® ğ“†µ ğ“€		 who ?, what ?	mwho? / mwa?  Ï€Î¿Î¹Î¿Ï‚ (poios) Ñ¥i  2. qui? che? que?	
13		where	ğ“ğ“ˆ–ğ“®ğ“Œ™ğ“…¯ ğ“ˆ, ğ“ğ“ˆ–ğ“Œğ“…±ğ“Œ™ğ“…¯		 where ?, whence ?	~donde	
14		when	ğ“ğ“†‘ğ“, ğ“ğ“ğ“†‘, ğ“ğ“†‘, ğ“…¯ğ“…¯, ğ“…“		when, according to, at the time of	quando, qÅ©d@SUMER kuwati@Luwian ĞºĞ°Ğ¹ Ñ…ÑĞ·ÑÑ Ã§Ä±weÄŸt <> question +++ 	
15		how	ğ“…±,ğ“…±ğ“®,ğ“‡ğ“‡‹ğ“…“ğ“‚		how, how!	 	
16		not	ğ“‚œ, ğ“‚œğ“ˆ–,ğ“‚œğ“,ğ“‡‹ğ“‚‹ğ“†‘,ğ“„¤ğ“Šªğ“…±, ğ“…±, ğ“…“, ğ“…“ğ“‚, ğ“…“ğ“‚Ÿ, ğ“…±ğ“‚œ, ğ“‚œğ“‡‹ğ“‡‹		not	no,none,not,nay â€¦, but, bu ä¸  2.  mei æ²’ mÃ©i ! â‡” è« mÃ² = no Â¬ MANU@celtic	
17		all	ğ“Ÿ, ğ“‚‹ ğ“‹´ ğ“‹´, ğ“…“ ğ“ƒ€ ğ“…±ğ“Œ¡ ğ“¤, ğ“‡¾ ğ“…“ ğ“…±ğ“€€ ğ“¥ ğ“, ğ“‡¾ ğ“ƒ ğ“…“ ğ“¥, ğ“‡¿ ğ“‡¿ ğ“ˆ… ğ“ˆ… ğ“ğ“ƒ ğ“€€ ğ“¥ ğ“, ğ“ ğ“ ğ“ 		any, every, all	all < kall < â€¢kwhol / kwr > whole, her	
18		many	ğ“…¨ ğ“‚‹, ğ“¨ ğ“ˆ–, ğ“‚ ğ“ˆ™ ğ“„¿ ğ“†ˆ, ğ“†ˆ ğ“„¿ ğ“ğ“€€ ğ“¥, ğ“‰» ğ“ğ“¯ ğ“ˆ™ ğ“¥		many	very, many, exaâ€¦	
19		some	ğ“ˆ– ğ“‰” ğ“…ª ğ“ˆ’ ğ“¥, ğ“ˆ– ğ“¡ ğ“ ğ“´ ğ“›		some, a little, a few	nonulli, nicht wenige, noen   nÄ›jakÃ½ <> Î¼ÎµÏÎ¹ÎºÎ¬ merikÃ¡ 	
20		few	ğ“‚ ğ“ˆ– ğ“‚§ ğ“ ğ“…ª		few, scarcity, fewness, be diminished 	scant? / handvoll / weniá¶ge?	
21		other	ğ“¡ ğ“, ğ“¡ ğ“®		 other, another	cÄ“tera 	
22		one	ğ“¤, ğ“Œ¡ , ğ“ ğ“…±		one	×”poon â€œharpoonâ€ â‰  two!	
23		two	ğ“Œ¢ ğ“Œ ğ“®, ğ“Œ¢ ğ“ˆ– ğ“Œ ğ“² ğ“®		two	twinur  <> ğ“‹´ğ“ˆ–ğ“®   they two, them two  ğ“¿ğ“ˆ–ğ“® you two, your	
24		three	ğ“ ğ“‚¸ ğ“		three	cird ğ˜ğğ˜ circ shamnğ“ Ï¢omte@COPT â‡” Î Î¾an san ä¸‰ theen <> ğ“ ğ“‚‹ ğ“…± ğ“†µ	
25		four	ğ“†‘ ğ“‚§ ğ“…± ğ“¤ ğ“¤ ğ“¤ ğ“¤, ğ“‡‹ ğ“†‘ ğ“‚§ ğ“ ğ“¥, ğ“†‘ ğ“‚§ ğ“¤ ğ“ ğ“¤ ğ“¤ ğ“¤		four, a four, quartette 	ğ†ğŒ¹ğŒ³ğ…ğ‰ğ‚  Ğ§â²¦â²â²â²¨ < â€¢qvtoor > Ñ‡ĞµÑ‚ê™‘Ñ€Ğµ  Äetyre quadro fourth quartetre	
26		five	ğ“¥ ğ“® ğ“ğ“…±ğ“‚»		five parts	penta tome / dom@Pers â€¢teilma	
27		big	ğ“…¨ ğ“‚‹ ğ“ˆ‰		very, hugely, big	ÎµÏ…ÏÏÏ‚ evrÃ½s : wide,   ğ“…¨ ğ“‚‹ ğ“ great	
28		long	ğ“„« ğ“…±, ğ“¯ ğ“„¿ ğ“ˆ, ğ“ˆ, ğ“‡¥ ğ“‚‹ ğ“‚ ğ“¤		long, length 	span â† !! ?	
29		wide	ğ“‹´ ğ“ ğ“º, ğ“…± ğ“‹´ ğ“ ğ“¸ ğ“›,		broad, wide, extensive, breadth	scope <> Îµá½Ïá¿ ÌÏ‚ <>  áƒ¡áƒ¥áƒ”áƒšáƒ˜ (skeli) thick	
30		thick	ğ“ƒ€ ğ“…¡ ğ“„¿ ğ“¼ ğ“ˆ—, ğ“…± ğ“‚¸ ğ“ ğ“›		thick 	Ï€Î±Ï‡ÏÏ‚ pakhÃºs Ã¾icceğ“ƒ€ pthick broad  breit Ï€Ï…ÎºÎ½ÏŒÏ‚ puknÃ³s phatâ„¢ #wt <> wide	
31		heavy	ğ“†“ğ“ˆ–ğ“‹´ğ“˜ğ“œ, ğ“‚§ğ“ˆ–ğ“‹´ğ“– ğ“ŠŒ, ğ“…±ğ“‚§ğ“ˆ–ğ“– ğ“ˆ’ ğ“¥		heavy, irksome, burdened, weighty	dense, Ğ´ÑĞ½Ñ, weightens, tingÃ¹s Î¸anÇ°Ã¡yati 	
32		small	ğ“¡ ğ“ ğ“ ğ“…ª, ğ“ˆ–ğ“†“ ğ“‹´ ğ“…ª, ğ“ˆ– ğ“ ğ“…ª, ğ“€” ğ“¥ ğ“ˆ–ğ“‚£		little / small, youthful, dim, dull, poor 	cute, nietlich, niedrich, nichtig, mickrig  Î½ÎµÎ±Î½Î¯Î±Ï‚ youth neo.niÃ±as	
33		short	ğ“…ª, ğ“ˆ™ ğ“‚‹ ğ“‚‹ ğ“…ª, ğ“› ğ“‚ ğ“…ª, ğ“›ğ“…±ğ“‚ğ“…ª		little, meagre, younger, junior, short 	sorry <> short	
34		narrow	ğ“¼ ğ“„¿ ğ“£ ğ“…ª, ğ“¼ ğ“„¿ ğ“ ğ“…ª, ğ“› ğ“†° ğ“ˆ– ğ“‹´ ğ“…ª		narrow, constricted 	~ constricted, ğŒ°ğŒ²ğŒ²ğ…ğŒ¿ğƒ <> eng 	
35		thin	? <> ğ“Šª ğ“ˆ ğ“—, ğ“† ğ“ˆ ğ“—ğ“Šª, ğ“…® ğ“ˆ ğ“—, ğ“…® ğ“„¿ ğ“ˆ ğ“ ğ“‚‚		flat cake, flat bone	flach	
36		woman	ğ“Šƒ ğ“ ğ“, ğ“ˆŸ ğ“ ğ“, ğ“Šƒ ğ“ ğ“ ğ“ˆ ğ“ ğ“, ğ“ƒ€ ğ“‚“ ğ“ ğ“‘		woman, wife, (pregnant) ğ“Œ¢ ğ“ˆ– ğ“ ğ“	 zantiy <> aÅ¡Å¡atu ğ’® ğ“ŠƒDame  Ø²Ù”Ù†Ø â€ záº¡nâ€˜  Ø³Øªâ€ f sitt áˆ´á‰µ set  < áˆ°á‰ á‹­á‰² sÃ¤bÃ¤yti sÃ¡pat sytu, suto Ø²ÙÙˆØ¬ÙØ©â€ Ğ·ÑƒĞ´Ğ° zuda Chechen xotin catin Ò¡Ğ°Ñ‚Ñ‹Ğ½ qatÃ¯n => Gattin ğ“ˆğ“ğ“	
37		man	ğ“Šƒ ğ“€€, ğ“€€ ğ“€€ ğ“€€, ğ“‚‹ ğ“ƒ ğ“€€ ğ“¥, ğ“‚‹ ğ“ ğ“€€ ğ“¥ ğ“, ğ“‚‹ ğ“¿ ğ“€€, ğ“‚‹ ğ“ ğ“› ğ“€€, ğ“‚‹ ğ“¿ ğ“ ğ“€€ ğ“¥, ğ“‚‹ ğ“ ğ“¿ ğ“€€ ğ“, ğ“†‚ ğ“ ğ“¥, ğ“…“ ğ“ ğ“€, ğ“…· ğ“„¿ ğ“‡‹ğ“‡‹ğ“‚º ğ“€€, ğ“¿ğ“ˆ–ğ“‡‹ğ“€˜, ğ“€™, ğ“› ğ“ƒ¹ ğ“ˆ– ğ“€”, ğ“· ğ“‚‹ ğ“‡¯ ğ“€€, ğ“„Š ğ“‚‹ ğ“€€		man, men, mankind, Egyptians, wise man, mortal, male man, senior, sir	ğ“€€ mein=man@Pers ğ’Œ‹ğ’Œ‹ğ’Œ‹ <> young man, child, head man, wealthy man	
39		child	ğ“„¡ ğ“‚‹ ğ“‚§ ğ“€€, ğ“ ğ“¤ ğ“€”, ğ“€– ğ“, ğ“ ğ“‡‹ ğ“‡‹ ğ“€”, ğ“ ğ“ˆ– ğ“Œ ğ“…± ğ“€”, ğ“› ğ“ƒ¹ ğ“ˆ– ğ“€”, ğ“ˆ– ğ“ ğ“ˆ– ğ“…± ğ“€”,ğ“„Ÿ ğ“‹´ ğ“¯, ğ“„Ÿ ğ“…± ğ“ ğ“ ğ“€”, ğ“‹´ ğ“†“ ğ“, ğ“‡‹ ğ“ˆ– ğ“Šª ğ“…‚		child, infant	scrdâ™chard child Ñ¥ti: kid  gyrd  Kinneren / Kinder\	kin Hannes < Kind <> Sohn, Â«MÃ¤uschenÂ» Maise, Mesut, infant	
40		wife	ğ“Œ¢ ğ“ˆ– ğ“ ğ“, ğ“Šƒ ğ“ ğ“, ğ“Šƒ ğ“ ğ“ ğ“ˆ ğ“ ğ“, ğ“ˆŸ ğ“ ğ“, 2. ğ“Œ¸ ğ“‚‹ ğ“, 3. ğ“Ÿ ğ“ ğ“‰ ğ“¤		wife, woman  	zantiy zan@Pers + à¤¤à¤¿à¤¯ tiy  <> ä¸ˆå¤« zan fu  â€˜Ø®Ø§Ù†ÛÙ• Ø¯Ø§Ø±ÛÙ†Ø â€â€ (xÄná»¥dÄrenâ€˜), Ø²ÙÙ†Ø§Ù†â€â€â€ (zanÄnâ€â€),â€˜ Ø³Øªâ€ f sitt áˆ´á‰µ set  < áˆ°á‰ á‹­á‰² sÃ¤bÃ¤yti sÃ¡pat sytu, suto Ø²ÙÙˆØ¬ÙØ©â€, Ğ·ÑƒĞ´Ğ° zuda Chechen xotin catin Ò¡Ğ°Ñ‚Ñ‹Ğ½ qatÃ¯n => Gattin ğ“ˆğ“ğ“ ğ€ğ˜ğš áº£á¹¯t ğ’® aÅ¡Å¡atu ğ’Š© sinniÅ¡tu <> Î³Î±Î¼ÎµÏ„Î® gametá¸—	
41		husband	ğ“‰” ğ“‚¸, ğ“Ÿ ğ“€€, ğ“Œ¢ğ“ˆ–ğ“€€		husband	house+penit, Ï©â²â²“ hai <> Heimâ€¦, Ó„Ñ‹Ğ»Ğ°Ğ²ÑƒĞ» qÉ™lavul Kulti >  Gatte > Ï©â²â²“ , kin, ğ’‡½ğ’€¸	
42		mother	ğ“… ğ“ ğ“, ğ“„Ÿ ğ“‹´ ğ“ ğ“’, ğ“‚  ğ“ ğ“, ğ“‚¸ ğ“ ğ“		mother	mother / mesther / mistress áˆšáˆµá‰µ mist   2. parent	
43		father	ğ“‡‹ ğ“ ğ“†‘ ğ“€€		father	jtf/atf (sic) attav Æ’tv fatav     <> feather python ğ“‡‹ğ“‡‹ğ“†‘ <> ğ“Šª ğ“ ğ“‡¯ ğ“€­ Ptah sky father pater Petrus  	
44		animal	ğ“„›   <> ğ“‚§ğ“‚‹ğ“„› 		animal, leather	Tier Î¸Î®Ï deer ğŒ³ğŒ¹ğŒ¿ğƒ tsir@Bantu ğ“…‚ tywÂ® Ø·ÙŠØ±â€ á¹­Ä«r   ğ“‚§ğ“·ğ“‚‹ğ“„› le'der Ñ‡ĞºÑŠĞ¾Ñ€ dÃ§er ğ“†“ğ“›ğ“‚‹ğ“„œ 	
45		fish	ğ“‚‹ ğ“…“ ğ“†› ğ“‚», ğ“…± ğ“› ğ“‚ ğ“†Ÿ, ğ“†‘ ğ“ ğ“ ğ“…±		fish  	â²£â²â²™â²“ rami yiram > arrain @ Rhein rhaimba  Ñ€Ğ¸ÌĞ±Ğ° rÃ­ba @ river  (ğ“…“ ambi)	mackerel ğ“‚‹ğ“†›ğ“‚» á‹“áˆ£ Ê¿aÅ›a (os) á¼°Ï‡Î¸ÏÏ‚
46		bird	ğ“„¿ ğ“¤, ğ“„¿ ğ“Šª ğ“‚§ ğ“…¬, ğ“‚§ ğ“¼ ğ“‡‹ ğ“‡‹ ğ“ ğ“€ƒ ğ“…­, ğ“…­, ğ“…¿		bird, vulture, duck 	Aar â‡” optero avis	<> ğ“‚‹ ğ“Šª ğ“…¯ Erpel <> ğ“…¨ <> ğ“‡¥ ğ“‚‹ ğ“ ğ“…ƒ kite ğ“‡¥ ğ“‚‹ ğ“‡‹ ğ“‡‹ ğ“ ğ“…­ ğ“‡‹ ğ“ƒ€ ğ“ ğ“Œ¦ bird - trap
47		dog	ğ“¿ ğ“Šƒ ğ“…“ ğ“ƒ¡, ğ“ƒ› ğ“…± ğ“ƒ¡, ğ“ƒ› ğ“…± ğ“® ğ“Š— ğ“„›		hound, dog	chzyem â‡” chien çŠ¬ quÇn â‡” canis â‡” ÎºÏ…Î½Î·  áµhound Hund    ç‹— gÇ’u   2.  KlÃ¤ffer ×›Ö¶Ö¼×œÖ¶×‘â€ kÃ©lev KlÃ¤pper <> Kalbâ„¢ ğ“ƒ›  ÙƒÙÙ„Ù’Ø¨â€  ğ’Œ¨ kalbu áŠ¨áˆá‰¥ kÃ¤lb	
48		louse	ğ“¡ ğ“ ğ“ ğ“†¨		cootie (louse)	Kitlaus â²•â²â²•â²‘â²“ áƒ¢áƒ˜áƒšáƒ˜ á¹­ili, ma.got : [[ma]]ggot	 â‰  ğ“†£
49		snake	ğ“†‘ ğ“ˆ– ğ“ ğ“†™, ğ“†‘ ğ“ˆ– ğ“¿ ğ“†™, ğ“…­ ğ“‡¾ ğ“†™, ğ“†“ ğ“‚§ ğ“†‘ ğ“ ğ“†™, ğ“‹´ ğ“‹ ğ“ƒ€ ğ“ ğ“†™, ğ“› ğ“†‘ ğ“„« ğ“…± ğ“†™, ğ“‚‹ ğ“‚‹ ğ“¡ ğ“¡ ğ“†™		snake, worm, maggot(y) 	Æ’.natter Æ’nace snake  son.acker hernyÃ³â„¢ > á¼•Î»Î¼Î¹Ï‚   ğ“‹´ ğ“‹ ğ“ƒ€ ğ“ ğ“†™ serpent <> bunt, bent  ğ“ˆ ğ“„¿ ğ“ƒ€ ğ“…± ğ“†™ ğ“†™ ğ“†™ coils <> kurven bent	
50		worm	ğ“†‘ ğ“ˆ– ğ“¿ ğ“†™, ğ“†“ ğ“‚§ ğ“†‘ ğ“ ğ“†™		worm, snake	Schnecke <> snake^^ Ñ‡ĞµÌÑ€Ğ²ĞµĞ¹ ÄÃ©rvej ! Ò¡Ğ¾Ñ€Ñ‚ qort  <>  ğ…ğŒ°ğŒ¿ğ‚ğŒ¼ğƒ  krumm > à¤•à¥€à¤¡à¤¼à¤¾ kÄ«á¹›Ä  à¦•à§€à¦Ÿ kiá¹­   2.  Ø¯ÙˆØ¯Ø© â€dÅ«da  ma.dud : ğŒ¼ğŒ°ğŒ¸ğŒ° maÃ¾a  Made 	hernyÃ³â„¢ > á¼•Î»Î¼Î¹Ï‚ hÃ©lmis
51		tree	1. ğ“² ğ“ˆ– ğ“†­, 2. ğ“™ ğ“ˆ, 3. ğ“‚§ ğ“ˆ ğ“‚‹ ğ“‚· ğ“ˆ’ ğ“¥, 4. ğ“…¡ ğ“ˆ ğ“†­ 5. ğ“†­ ğ“…“ ğ“†­ 6. ğ“†± ğ“ ğ“¤ 7. ğ“ˆ ğ“ƒ€ ğ“†­		tree, fruit-tree	1. dendron, 2. terek Ø¯Ø±Ø®Øªâ€ daraxt tree 3. daqr dattel 4. ğŒ±ğŒ°ğŒ²ğŒ¼ğƒ > Baum (ğ“ˆ TAR <> tree) 6. æœ¨çš„ Ğ¼Ğ¾Ğ´ mod  > wood ğ“†±ğ“ğ“¤ 7. girbush > giÅ¡ kirsch á¶œarboretum	
53		stick	ğ“†± ğ“ ğ“¤, 2. ğ“‚ ğ“…“ ğ“‚ ğ“„¿ ğ“ ğ“Œš		wood, timber, tree, woodland, mast, stick, pole, rod 	2. bu.umerang	
54		fruit	ğ“‰ ğ“‚‹ ğ“ ğ“¯ ğ“Œ¾ ğ“¥, ğ“‰ ğ“‚‹ ğ“ ğ“‚º ğ“ˆ“, ğ“‰ ğ“‚‹ ğ“ ğ“ ğ“ˆ“, ğ“ ğ“‚‹ ğ“ , 2. ğ“‚‹ ğ“‚‹  3. ğ“™ ğ“ˆ\	4. ğ“‚§ ğ“„¿ ğ“ƒ€ ğ“†³ 5. ğ“‡­ ğ“ˆ’ ğ“¥fruit, seed 		fruit, seed	PRT> BRUT berries > fruit phytoÂ®\	2. ğŒ°ğŒºğ‚ğŒ°ğŒ½ akran\	<> ğ‚“  ğ€ğ€¡ ka-po  áƒœáƒáƒ§áƒáƒ¤áƒ˜ na.qÌ‡opi  4. Trauben	
56		leaf	ğ“‡¥ ğ“‚‹ ğ“†“ ğ“„”, ğ“‚ ğ“‚‹ ğ“‡‹ ğ“‡‹ ğ“ ğ“†±, ğ“„” ğ“¤, ğ“‹´ğ“Ÿ ğ“„¿ ğ“Šªğ“ğ“†°		leaf	ĞºĞ¾Ñ€ kor >  Ú¯Û•ÚµØ§â€ gella	 <> phyto, Blatt <> ÙˆÙØ±ÙÙ‚ÙØ©â€ waraqa <> Ø¨Ø±Ú¯â€ barg à¤ªà¤°à¥à¤£ pará¹‡Ã¡ à¤ªà¤¤à¥à¤° patra <> Ã„hre <> Ohr
57		root	ğ“¯ ğ“„¿ ğ“ƒ€ ğ“†°, ğ“ ğ“ˆ–ğ“‡‹ğ“‡‹ğ“ğ“†±, ğ“†±ğ“‡›, ğ“‡¡ 		root, socket, â€¦? 	roopt â‡” rupf root	
58		bark					
59		flower	ğ“†¸ â‹ ğ“†¹,  ğ“‡‡ğ“†°, ğ“‡¬ğ“ˆ–ğ“ƒ€, ğ“ƒ¹ğ“ˆ–ğ“ƒ€ğ“†°, ğ“· ğ“‚‹ ğ“‚‹ ğ“ ğ“†°, 		bud, â€cannabisâ€œ flower	ğ“ƒ€ğ“[[ğ“†¸]] BlÃ¼te Blume ğ“ƒ€ğ“[[ğ“†¹]] bud Blatt ğ“Šªğ“[[ğ“†°]] phyte botany biotic plant à¤ªà¤¦à¥à¤® padma à¦ªà¦¦à§à¦® podum Ğ±Ğ°Ğ´Ğ¼Ğ° badma (lotus flower)   ğ“ƒ€ğ“†° phyto <> fruit herb? èŠ±åŒ• huanbi flower Sonnenblume	
60		grass	ğ“¸  ğ“¥  2.  ğ“² ğ“ˆ– ğ“Œ ğ“² ğ“¸, ğ“² ğ“ˆ– ğ“® ğ“¸ ğ“¥ 		hair, grass	1. hair, herb 2. SchnÃ¼re 3. Schnitter	<> ğ“² ğ“ˆ– grÃ¼n, jaune?
61		rope	ğ“· ğ“¤ ğ“¢, ğ“‚ ğ“› ğ“¢, ğ“‡‹ ğ“› ğ“¢, ğ“± ğ“‹´ ğ“¢ 2. ğ“ˆ– ğ“‡ ğ“Œ ğ“…± ğ“› ğ“¢ 		rope	igiya @ Hausa  2. Netzer <> cords ğ“¯ ğ“ ğ“¢,  ğ“ˆ ğ“„¿ ğ“‹´ ğ“¢,  ğ“‚ ğ“ˆ ğ“„¿ ğ“‚­ ğ“‚­ ğ“¢ ğ“¤	
62		skin	ğ“„›, ğ“„š ğ“ˆ– ğ“ ğ“„›, ğ“„ ğ“‚§ ğ“…±, 2. ğ“„Ÿ ğ“‹´ ğ“‚“ ğ“„› 3. ğ“ƒ€ ğ“…¡ ğ“„‡ ğ“„›  		skin, leather, hides	xinde = skin, hÄ«de sheath <> Haut 2. mask 3. pelts	
63		meat	ğ“„¹, ğ“‡‹ ğ“†‘ ğ“„» ğ“¥, ğ“‡‹ ğ“…± ğ“†‘ ğ“„¹ ğ“„¹ ğ“„¹, ğ“„¿ ğ“ˆ™ ğ“‚‹ ğ“„¹, ğ“…¨ ğ“‚‹ ğ“‡‹ ğ“„¹		meat, flesh, roast, portion	 <> ğ“ƒ‚ ğ“ˆ— ğ“…± ğ“„¹ ğ“¥ ğ“	
64		blood	ğ“‚, 2. ğ“‚§ ğ“ˆ™ ğ“‚‹ ğ“‚, ğ“‚§ ğ“ˆ™ ğ“‚‹ ğ“…± ğ“¯ 3. ğ“Šƒ ğ“ˆ– ğ“†‘ ğ“…± ğ“‚		blood	2. dasherÂ® *Ã©sHrÌ¥ PIE dash=red 3. Î´anu â‡” dyn.astie dam=blood@SEM zen, dome â‡” gen same! blood *dam- damu dam- dÄm	
65		bone	ğ“ŒŸ ğ“¤, ğ“ˆ ğ“‹´ ğ“ŒŸ		bone	keros = horn!	<> ğ“ƒ€ğ“„¹, ğ“„º, ğ“ ğ“ƒ€ ğ“ˆ– ğ“,  ğ“„¿ ğ“…“ ğ“‚ ğ“…± ğ“ ğ“‚¡
66		fat	ğ“†“ ğ“‚§ ğ“‚‰, ğ“™ ğ“‚§ ğ“Œ ğ“¥\	, ğ“‚ ğ“†“ ğ“™ ğ“Œ ğ“¥\	, ğ“™ ğ“†“ ğ“ŠŒ ğ“¥, ğ“†“ ğ“‚§ ğ“„¿ ğ“„ƒ\	, ğ“„ ğ“‚§ ğ“, ğ“ˆ ğ“ˆ– ğ“, ğ“„¡ ğ“Šª ğ“ˆ– ğ“ƒ¾ â€¦				
67		egg	ğ“ ğ“¥, ğ“‹´ ğ“…± ğ“› ğ“ ğ“†‡ ğ“		egg,  (those who are in the) egg	 <> Schutz Schale? ğ“…­ ğ“ ğ“’	
68		horn	ğ“„ ğ“¤, ğ“› ğ“†° ğ“ˆ–ğ“„, ğ“› ğ“†± ğ“ˆ– ğ“Œ ğ“ 2. ğ“‚§ ğ“ƒ€ ğ“„ ğ“‚ ğ“ƒ€ ğ“„ ğ“¤		horn, wing(2)	horn ×§Ö¶×¨Ö¶×Ÿâ€ qÃ©ren <> ğ“ˆ ğ“‹´ ğ“ŒŸ ÎºÎ­ÏÎ±Ï‚ keros <> bone  2. shabbur / dabbur : hornet Ï£â²Ÿâ²¡ Å¡op ğ’€‰ = ğ’•+[[ğ’Šº]] Å E ğ€® se æ‰‹ shÇ’u [[ğ’‹—]] ğ’€‰ğ’Œ‹ğ’†¤ /sappartu/	
69		tail	1. ğ“„œ 2. ğ“‹´ ğ“‚§ ğ“„¢ 3. ğ“ ğ“ƒ€ ğ“‹´ ğ“‡‹ ğ“‡‹ ğ“ ğ“¥ , ğ“ ğ“ƒ€ ğ“Šƒ ğ“ ğ“„¢  Ø§Ù„Ø°ÙŠÙ„ Ø°ÙÙŠÙ’Ù„ á¸ayl â‹ tail ğ“„œ â‹ ğ“„› tier 2. Sterz 3. â€˜×—×¦×¥ chaÌ‚ptsats ?				
70		feather	ğ“†„ ğ“…± ğ“ ğ“¸ 2. ğ“†… ğ“ ğ“¤ ğ“¸		feather	1. ÃŸvthair 2. Î²ta <> ğ“‡‹	
71		hair	 ğ“›, ğ“¸ğ“¥, ğ“² ğ“ˆ– ğ“Œ ğ“² ğ“¸, ğ“² ğ“ˆ– ğ“® ğ“¸ ğ“¥, ğ“ƒ€ ğ“¡ ğ“¡ ğ“¸, ğ“ƒ€ ğ“‚“ ğ“¸ 		hair, grass	1. hair, herb 2. SchnÃ¼ren 3. Schnitter	<> ğ“² ğ“ˆ– grÃ¼n, jaune?  2. Pickel(haube) > pil@Latin Ù¾Ù„Ù›â€ peÅ‚ â€œtressâ€  <> ğ“„‹ ğ“Šª ğ“ <> ğ“‚§ ğ“ƒ€ ğ“ˆ– ğ“ ğ“¸
72		head	ğ“¶ ğ“Šª, ğ“¶ ğ“¤, 2. ğ“· ğ“‚‹ ğ“‡¯ ğ“€€		head, tip, top  	2. Ober / Herr  <> ğ“‰” ğ“‚§ ğ“€ bregma HEAD/Scheitel	
73		ear	1.ğ“„” 2.ğ“„• 3.ğ“‚ˆ ğ“¤         1. ğ“„Ÿ ğ“‹´ ğ“‡¥ ğ“‚‹ ğ“„” 2. ğ“‡‹ ğ“‚§ ğ“„” 3. ğ“‡¥ ğ“‚‹ ğ“†“ ğ“„”		ear	#msá¸r â²™â²Ï£Ï« maÅ¡Ä\	â²™â²â²Ï«â²‰ ma.oschen\	2. á½ Ï„Î¯Î¿Î½ < ğ“ƒ¾ğ“„• á¼€Ï†Ï„Î¯Î¿Î½ 'Oschen' [[ğ“ƒ¾]] á½ Ï„Î¯Î¿Î½ <> ğœğ„ğ widna á»§.d.n ğ©±ğ©¹ğ©¬â€ Ê¾á¸n ÜÜ°Ü•İ‚Ü¢Üâ€ aá¸no ××•×–×Ÿ Ã³zen áŠ¥á‹áŠ• Ê¾É™zn áŠ¡á‹™áŠ• Ê¾uzun ğ’‰¿ uznum 3.\	ğ“‡¥ ğ“‚‹ ğ“†“ ğ“„”\	\	ear\	áŒ†áˆ® Ç§oroáµ“ <> GehÃ¶hr(tum) Ò¡Ğ¾Ğ»Ğ°Ò¡ <>\	ğ“…± ğ“ˆ™ ğ“„¿\	\	ear of corn\	<> Osche\		ear
74		eye	1a. ğ“¹ 1b. ğ“‚ ğ“ˆ– ğ“¹ 2. ğ“¹ ğ“ ğ“® , ğ“…œ ğ“ ğ“ ğ“», ğ“‹¹ ğ“ˆ– ğ“ ğ“ ğ“‚€  		eye	â²“â²£â²“,â²“â²‰â²£ (confused dual) 1a. voire eyer erst 1b ein Auáµen eyen á‹á‹­áŠ• Ê¿Ã¤yn yÇn çœ¼ ğ’…† IGI / Ä«nu 2 Eier 2. â²“â²â²§â³¼ eyeth ido@Hausa eye.duo <> ğ“ƒ€ ğ“‚‹ ğ“‚‚ ğ“‚‚ eye â€¢balls â²ƒâ²â²— Ğ±ĞµÑ€ > â²“â²‰â²£ â‹ â²“â²£â²“ ber@Avar ball bi[[2]] Ğ±ÓĞ°ÑŒÑ€Ğ³ bÊ¿Ã¤rg@Chechen > bir [[1]] bÄ«r ğ°‹ğ°ƒğ°¼â€ bir Blicker bright voiÃ©r <>ğ“” ğ“ ğ“ ğ“‚‚ the complete eye 	Acht Auge Ã„ugt <> ğ“†“ ğ“†‘ ğ“‚§ ğ“‚‚
75		nose	ğ“‚Š, ğ“‚‰ ğ“¤, ğ“ˆ™ ğ“‚‹ ğ“ ğ“‚‰ ğ“„¹, ğ“†‘ ğ“ˆ– ğ“‚§ ğ“‚‰, ğ“†‘ ğ“ˆ– ğ“†“ ğ“© ğ“‚‰		nose	<> Ï£â²â²›â²§â³¼ snout â‹ ğ“ˆ™ğ“‚‹ğ“ğ“‚‰ <> ğ“Œ¢ğ“ˆ–ğ“‚‰ sentir <> Schnute ğ“‚Š nÃ¢Å¡am ğŸ‘ƒ nÅ¡am Ê¾anfasa ØªÙ†ÙØ³â€   nÃ¡ffasa napÄÅ¡u  áŠ áŠ•áˆáˆ°    arr nnÉ™fs   yÃ­ nÃºmfÃ¡ashÃ­i neefso (breathe) Æ’noÎ´e <> ğ“„¤ nefes groten, numfashi = breathe  <> ğ“ˆ– ğ“†‘	blow nose = niesen 
76		mouth	ğ“‚‹		â²£â²±â³¼ rota (russian Ñ€Ğ¾Ñ‚) â‡” red ğ‚ğŒ°ğŒ¶ğŒ³ğŒ° Rede Rachen		
77		tooth	1. ğ“„‘ ğ“¤, 1b. ğ“¿ ğ“Šƒ ğ“ ğ“„‘ 2. ğ“‡‹ ğ“ƒ€ ğ“› ğ“„‘ ğ“¤ 3. ğ“ˆ– ğ“…˜ ğ“› ğ“‚§ 		tooth	Zahn ×©Ö´×× Ö¸Ö¼×â€ Ø³ÙÙ†Ù‘â€ sinn a. cznt ~ dents Ø¯Ù†ØªØ§Ù†â€ dantÃ¡n à¦¦à¦¾à¦¨à§à¦¦à¦¾à¦¨ dandan dzino b. czth ~  Å›ade ğ• ğ¤‘ ~ tooth áŒ¥áˆ­áˆµ á¹­É™rs á½€Î´Î¿ÏÏ‚ odoÃºs <> tusk â€¦ å–™ chhÃ¹i 2. ivory, tusk	
78		tongue	ğ“„“, ğ“„“ ğ“„» ğ“¤, ğ“ˆ– ğ“„“ ğ“‹´ ğ“„», ğ“ˆ– ğ“„“ ğ“‹´ ğ“„» 2. ğ“Šƒ ğ“ˆ– ğ“¡ ğ“„“, ğ“Šƒ ğ“ˆ– ğ“¡ ğ“„“ 2b. ğ“ˆ™ ğ“‹´ ğ“Ÿ ğ“„¿ ğ“…± ğ“„“ ğ“¤ 2c. ğ“± ğ“Šƒ ğ“‚‹ ğ“„“		tongue	'NG unge : la'ingua, the'ongue, the'unge 2. Zunge	(<> Zank, Zinken) 2b. shsawnğ“„“~Î“ => zunge 2c. ğ“±zyná¶œr Zunger ğ“Šƒ ğ“± ğ“‚‹ğ“„“
79		fingernail					
80		foot	ğ“ƒ€, ğ“‚¾, ğ“‚¾ğ“ğ“„¹, 2. ğ“‚‹ ğ“‚§ ğ“‚¾ ~ ğ“…± ğ“‚ ğ“‚‹ ğ“ğ“‚¾ 	foot, leg Æ¥oeÄ‘ bâ€¦	see https://github.com/pannous/hieros/wiki/%F0%93%83%80	Ù¾ÙØ§â€ pÄ| Persian  \
pÄy, padistÄn | Persian  \
ğ’‰½ğ’„¬Paâ€¦ | Sumerian  â‡” [ğ“¶](ğ“¶)ğ’ˆ¦+ par  \
pod Ï€Î¿ÏÏ‚ poÃºs Î²Î¬ÏƒÎ¹Ï‚| Greek (basis, FuÃŸ)  \
â²«â²â²§ [[â²£]]â²â²§ [phret](tret)| Coptic  \
Ø¨ÙØ·ÙØ©â€ baá¹­a | Arabic : ğ“ƒ€ ğ“› ğ“„‘ ğ“‹´ calf  \
pieds | French  \
Õ¸Õ¿Ö„ vÉ”tkÊ° foot| Armenian â‡” ĞºĞ¾Ğ³  \
punro pa Ğ¿Ğ¾ à¦ªà¦¾ |Romani  \
perna| Latin  \
la pierna | Spanish  \
lÃ¡b | Hungarian  \
Bein | German â‡” Pfote  \
ğ”ğ“ğ pÊ¿n | [[Ugaritic]]  \
ğ’‰ºğ’‹« pata| Hittite  \
[[ğ’‰º]][[ğ’…]][[ğ’‡·]] paâ€¦  | Babylonian  \
[[ğ’‰]]ğ’„¿ğ’‹— pÃ­-i(Å¡u) | Babylonian  \
É‘ÊƒÉ‘pÊ¼É¨   É‘ÊƒÉ‘.pai|NW [[Caucasian]]  \
ğ“‹´ğ“ƒ€ğ“˜ Å¡epÃ­ke|Egyptian â‡” Pike  \
Ï£â²Ÿâ²¡ [Å¡op](sport) phus | Coptic [[reverse]]  \
ğ’Šºğ’‰ğ’„¿ Å¡epÃ­ [Å¡ap](spazier) | [[reverse]]  \
áƒ¤áƒ”áƒ®áƒ˜  pÊ°É›xi| SW [Caucasian](Kartvelian)  \
à¤ªà¤—à¥ pagu àªªàª— pag|Hindi â‡” à¤ªà¤¾à¤¯à¤¾ pÄyÄ  \
pai[yy](silence)e|Tocharian B  \
Ù¾ÛŒØ±â€ pair|Urdu â‡” ë°œ bal Ballen  \
à¤ªà¥ˆà¤° [[pair]]|Hindi â‡”  à¤ªà¤¾à¤‚à¤µ pÄmv  à¤ªà¤¾à¤à¤µ pÄÌƒv  \
×¤Ö¸Ö¼×¨Ö·×¡â€ parsa | [[ğ“„™]] Ferse (hoof) âˆš[[part]]  \
pata Hungarian | [[ğ“„™]]  \
à¤ªà¤¾à¤¦ pÄd|Hindi â‡”  à¤ªà¤¾ pÄ  à¤ªà¤¾à¤ pÄÌƒ à¤ªà¤¾à¤¯ pÄy  \
à¤ªà¤¦à¤° padara|Sanskrit â‡” [[part]]  \
Ø¨ÙÙˆØªÙ’â€ Ğ±ÑƒÑ‚ Ğ±Ğ¾Ñ‚ bÅ«t| Turk  \
à¤ªà¤¾à¤¦ pÄda à¤ªà¤¦à¥ pÃ¡d|Sanskrit  \
bethe bacak|Manchu  \
bitis bikking binti paa|Austronesian  \
	
81		leg	ğ“ƒ€, ğ“‚¾, ğ“ƒ› ğ“‚ ğ“„¯, ğ“ƒ› ğ“…± ğ“‚ ğ“…± ğ“„¯ ğ“„¹		leg, thigh 	calf Schenkel <> ğ“‹´ ğ“ƒ€ ğ“ˆ ğ“‚¾	<> calf \	Å¡epÃ­ke <> pike Ï£â²Ÿâ²¡ Å¡op ğ’Šºğ’‰ğ’„¿ Å¡epÃ­ Å¡ap spazier
82		knee	ğ“Šª ğ“‚§ ğ“‚¾ ğ“„¹, 2. ğ“Œ³ ğ“‹´ ğ“ğ“‚¾ ğ“Œ³ ğ“„¿ ğ“Š¨ ğ“ğ“‚¾		knee	âˆšpod fuÄ‘, afuá¸ @ Berber  2. knisit?	
83		hand	ğ“‚ ğ“¤, ğ“‚§ ğ“ ğ“¤, ğ“‡¥ ğ“‚‹ ğ“ ğ“‚§, ğ“‘ ğ“ ğ“‚©		arm, hand, forearm	many words and roots ğ“‚ [[ğ“‚]] [[ğ“‚ ]] [[ğ“‚Ÿ]] [[ğ“‚¦]] [[ğ“‚¡]] [[ğ“‚¢]]  â€¦ see https://github.com/pannous/hieros/wiki/arm <> ğ“Š ğ“Šª ğ“‡¹ palm 	
84		wing	ğ“‚§ ğ“ˆ– ğ“› ğ“†ƒ, ğ“‚§ ğ“Œ³ ğ“ ğ“†ƒ, ğ“†“ ğ“ˆ– ğ“› ğ“†ƒ, ğ“‚§ ğ“ƒ€ ğ“„		wing	â²§â²‰â²›Ï© Ñ‚Ğ°Ğ¼Ñ tÄmÄƒ Ğ´Ğ°Ğ¼Ñ dÄmÄƒ à¦¡à¦¾à¦¨à¦¾ á¸ana djanat Ø¬ÙÙ†ÙØ§Ø­â€ janÄá¸¥ <> "Daunen" down feather qanat ĞºĞ°Ğ½Ğ°Ñ‚ ganat ÙƒÙÙ†ÙÙâ€ kanaf Ò›Ğ°Ğ½Ğ°Ñ‚ kanat ×›Ö¸Ö¼× Ö¸×£â€ kanÃ¡f áŠ­áŠ•á kÉ™nf ğ‹ğğ” knp shabbur@AR dabbur : hornet <> qanat <> qarn > horn ğ“›ğ“†°ğ“ˆ–ğ“„ 	
85		belly	ğ“„¡, ğ“„¡ ğ“ ğ“¤\	, ğ“„¡ ğ“‚‚ ğ“		belly, womb, body	â€˜askamb scrotch / scrotum <> KÃ¶rper	
86		guts 	ğ“„¤?				
87		neck	ğ“„ˆ, 2. ğ“ ğ“ ğ“„ˆ, 3. ğ“„Š ğ“ ğ“¤ ğ“„»  4. ğ“‹­ ğ“…¿\	 5. ğ“ƒ€ ğ“‚ ğ“ˆ– ğ“ ğ“„»  ğ“…¿  		neck	Ï§â²Ï§ Gurgel na.xux nexus neck  3. â²™â²Ÿâ²©â²§ â²™â²ŸÏ¯ 4. ? 5. neckbi â²›â²Ï©â²ƒâ²“ â†” â²›â²ŸÏ©â²‰â²ƒ ğ“ƒ€ ğ“‚ ğ“ˆ– ğ“ ğ“„» <> ğ“‚ ğ“ ğ“…“ ğ“„ˆ, throat 	
88		back	ğ“Šª ğ“Šƒ ğ“‚§, ğ“„» ğ“„© ğ“„¦ ğ“„¹, ğ“Šª ğ“‹´ ğ“†“ ğ“„ª ğ“„ª ğ“„ª, ğ“Šª ğ“‚§ ğ“‹´ ğ“…± ğ“„ª ğ“¤, ğ“‡‹ ğ“„¿ ğ“ ğ“„¦ ğ“ ğ“„», ğ“Ÿ ğ“¤, ğ“  ğ“¤		back, spine  	paÅ›Î´ <> past pazch pacÄ > back <> posterior	
89		breast	0. ğ“ğ“ 1. ğ“ƒ€ ğ“ ğ“„¹, ğ“ƒ€ ğ“…Œ ğ“,  ğ“…Œ ğ“, 2. ğ“ˆğ“„¿ğ“ƒ€ğ“ğ“„¹, 3. ğ“² ğ“ˆ– ğ“ƒ€ ğ“ ğ“„¹, ğ“² ğ“ˆ– ğ“ƒ€ ğ“…Œ ğ“ ğ“‚’, 4. ğ“  ğ“ˆ– ğ“‚§ ğ“‚’		breast	0. tits 2. BÃ¼ste breasts 2. Kurven? 3. Scham? SchÃ¶n? Gyne- gymnaÎ´ ğ“  ğ“ˆ– ğ“‚§ ğ“‚’ 4. Åˆadra@CES  <> ğ“  ğ“ˆ– ğ“‚’ Ammen mammal ?	
90		heart	ğ“› ğ“„¿ ğ“ ğ“® ğ“„£, ğ“„‚ ğ“ ğ“® ğ“„£, ğ“‡‰ ğ“ ğ“„£, ğ“„£ ğ“¤, ğ“„¤ ğ“¤		heart, chest, thought	Ï©â²â²§ heart <> ğ“„¤ ğ“¤	guts <> mind
							
147		sun	ğ“Šƒ ğ“…± ğ“‡³, ğ“†„ ğ“…± ğ“‡³, ğ“‚‹ ğ“‚ ğ“‡³ ğ“¤, ğ“‚‹ ğ“‚ ğ“ ğ“‡³ ğ“, 2. ğ“‡‹ ğ“ ğ“ˆ– ğ“‡³		sun, sunlight	 â€¢zora solar Sarah < Sandra  ğ“†„ ğ“…± ğ“‡³ sun, sun shine vs shade ğ“†„ ğ“…± ğ“‡‹ ğ“‡‹ ğ“ ğ“‡³ ğ“‹º   sun ray ğ“‡¶ vs sun rad ğ“‡³ RA,Re,Ray,Roi,rÃ¬,æ—¥   2. Patna > Aten Ra?	ğ“‹´ ğ“…± ğ“‡³ ğ“¥ <> ğ“‹´ ğ“‹´ ğ“‹´ ğ“…± ğ“‡³ ğƒğŒ¹ğŒ½ğ„ğŒ´ğŒ¹ğŒ½ğƒ daily <> ğ“‹´ ğ“ ğ“…± ğ“ ğ“‡¶ shoots (rays) 2. Stunden
148		moon	ğ“‡‹ ğ“‚ ğ“›, ğ“‡‹ ğ“› ğ“…†, ğ“€­		moon	#jaá¸« YHWH yuÃ¨ æœˆâº < á ªá¡³á ¶á   biya@Manchu > Ğ°Ğ¹ ay @ Turk   <> year	
149		star	ğ“‡¼ ğ“¤, ğ“‹´ ğ“ƒ€ ğ“„¿ ğ“‡¼ ğ“‡³, 2. ğ“¼ ğ“ˆ– ğ“„¡ ğ“ ğ“‡¼		star	sphere spika <> spike Ğ·Ğ²ĞµĞ·Ğ´Ğ°Ì stu.an / stu.arn / du.an / ahn.star  <> ğ“‚§ ğ“¯ ğ“…± ğ“‡¼ dawn ğ“‡½ Î´ern stern  2. gÃ¼n â˜¼ â€œsun childâ€ â‡” æ˜Ÿ xÄ«ng â‹ æ—¥ç”Ÿ 	<> ğ“‹´ ğ“ƒ€ ğ“‡¼ ğ“¤ ğ“‚§ ğ“¯ ğ“…± ğ“‡¼
150		water	ğ“ˆ—, ğ“› ğ“ƒ€ ğ“ƒ€ ğ“ˆ… ğ“ˆ—, ğ“› ğ“ƒ€ ğ“ƒ€ ğ“ ğ“ˆ—  2. ğ“‡ ğ“Œ ğ“‡‹ ğ“‡‹ ğ“ˆ˜,  ğ“ˆ– ğ“ ğ“¯ ğ“ˆ—  3. ğ“ˆ—, ğ“ˆ— ğ“‡‹ ğ“‡‹ ğ“ˆ—		water 	PIE *hâ‚‚ep-, hbbta HwabbterÂ³  water  2. nÃ¤sserâ€¦  Ù†Ù‡Ø± nahr nÄru ğ“ˆ– à¤¨à¤¾à¤²à¤¾ nÄlÄ à¤¨à¤¾à¤¡à¥€ nÄá¸Ä« âˆšnaut ğ“ˆ– ğ“ ğ“¯ ğ“ˆ—  3. mare marine  ××™× maim â‡” memnon meander	ğ“ˆ ğ“ƒ€ ğ“ƒ€ ğ“‚ ğ“ ğ“ˆ—  aqvat <> ğ“‡‰ ğ“„¿ ğ“‡‹ğ“‡‹ ğ“ ğ“ˆ— <> ğ“Šª ğ“…® ğ“Šƒ ğ“‹ <> rain
151		rain	ğ“‡‹ ğ“„¿ ğ“‚§ ğ“ ğ“¯ ğ“‡², ğ“‡‹ ğ“‚§ ğ“ ğ“‡², ğ“‡¶, ğ“ˆ—, ğ“› ğ“€œ ğ“· ğ“€œ ğ“ˆ—, ğ“› ğ“€ ğ“‡‹ ğ“‡‹ ğ“ ğ“ˆ—, 		pouring rain, surge up, overflow, water, rain, semen	#Æ’jadta âˆšwater	
152		river	ğ“‡‹ ğ“ ğ“‚‹ ğ“…± ğ“ˆ™ ğ“¥, ğ“‡‹ ğ“ ğ“‚‹ ğ“ƒ­ ğ“ˆ˜ ğ“ˆ… ğ“¤, ğ“‡‹ ğ“ ğ“‚‹ ğ“ˆ˜ ğ“ˆ— â€¦		river	#Æ’jtr âˆšwater	
153		lake	ğ“ˆ™ ğ“ˆ‡ ğ“¤, ğ“ˆ˜ ğ“ˆ… ğ“¤, ğ“„ ğ“‚§ ğ“ˆ˜ ğ“ˆ… ğ“¤, ğ“› ğ“†° ğ“ˆ– ğ“ ğ“¯ ğ“ˆ˜ ğ“ˆ‡		lake, pool, garden, basin, sea, canal, artificial lake, swampy lake, watercourse	ğ“ˆ™ See <>   ğ“ˆ˜  à¦¹à§à¦°à¦¦ hrÃ´d    thalassa â²‘â²â²—â²â²¥â²¥â² the lake <> ğ“ˆ—	See! â‡” swamp, Shad
154		sea	ğ“ˆ™, ğ“ˆ™ ğ“ˆ‡ ğ“¤  2. ğ“‡… ğ“†“ ğ“…¨ ğ“ˆ— ğ“ˆ˜, ğ“‡† ğ“…¨ ğ“‚‹ ğ“‡‹ğ“ˆ— ğ“ˆ˜ ğ“ˆ… ğ“¤, ğ“‡‹ğ“‡‹ğ“² ğ“…“ ğ“‚ ğ“ˆ— ğ“ˆ˜ ğ“ˆ‡		sea, ocean, lake, pool, garden, basin, the sea	ğ“ˆ™ See, sea, ocean  (ğ“ˆ™ letter S/Å )  a'sea / o'sean ocean (1) ğ“ˆ™ğ“ˆ‡ Ø´Ø· Shatt Shad Chad ğ“†·ğ“‡ sweat æ°´ shuÇ 	
155		salt	ğ“› ğ“Œ³ ğ“„¿ ğ“ğ“– ğ“ˆ’ ğ“¥,  ğ“› ğ“Œ´ ğ“ğ“ˆ’ ğ“¥		salt	â€˜Halaitz á¼Î»Î¯Î¶ shalis saletz Ø§Ù„.ØµÙ„Øª=salt,Salz +++ N !! halltu@cym solit@CES â‡” naâ€˜solenÃ½â€˜	
156		stone	ğ“ŠŒ  2. ğ“‡‹ ğ“ˆ– ğ“‚‹ ğ“ŠŒ 3. ğ“ƒ€ ğ“‡‹ ğ“ ğ“ŠŒ 		stone, rock, slab, block	1. ğ“ŠŒ <> ğ“ˆ™ short Å¡, cut sh  chert?  2. ein-rock?   3. ğ“ƒ€ ğ“‡‹ ğ“ ğ“ŠŒ  petra <> ğ“ƒ€ ğ“‡‹ ğ“ ğ“ˆ ğ“ˆ‰ quarry   4.  ğ“ ğ“ˆ–ğ“Œğ“ŠŒ maen Marmor Mauern <> masons    ğ“ŠŒğ“ˆ™ dash Ñ‚Ğ°Ñˆ taÅŸ T-S | S-T ğ“ˆ™ğ“ŠŒ stone  <> ğ“‡‹ ğ“Šƒ ğ“ ğ“‡¤ a stone	ğ“…™ ğ“ƒ€ ğ“ ğ“ŠŒ |brick| ğğğğš lbnt > ğ’‹ libittu Ü Ü’Ü¬Üâ€ lÉ™á¸‡ettÄ bata@Malay @ [[Baut]]
157		sand	ğ“ˆ™ ğ“‚ ğ“® ğ“ˆ’ ğ“¥, ğ“ˆ™ ğ“‚ ğ“ˆ’ ğ“¥		sand	s+hand  <> ğ“…­ ğ“ğ“…±ğ“ˆ… ğ“¥ earth?	
158		dust	ğ“ ğ“…“ ğ“…± ğ“Š¡ ğ“ª		dust	Krume? crumble grains? â€¢qbar 	
159		earth	ğ“› ğ“„¿ ğ“ ğ“ˆ… ğ“¥, ğ“„¿ ğ“› ğ“ ğ“ˆ‡, ğ“„¿ ğ“¡ ğ“‚‹ ğ“€­ ğ“ª, ğ“„¿ ğ“¡ ğ“‚‹ ğ“†™, ğ“…±ğ“‚ ğ“›  2. ğ“‡¾ ğ“ˆ‡ ğ“¤  3. ğ“…­ğ“ğ“…±ğ“ˆ… ğ“¥ , ğ“…­ğ“ğ“®ğ“ŠŒ ğ“Šƒ ğ“…­ ğ“„¿ ğ“ğ“…±ğ“ˆ‡ ğ“¥  4. ğ“¤ ğ“ƒ€ ğ“ƒ€ ğ“ˆ… ğ“¥		fields, arable lands, earth, mould	earth <> aHrth <> acres   Aker, the earth, earth-gods <> agro agrar  fld: field  Aiker- / Gaia  <> ğ“„¿ ğ“¡ ğ“‚‹ ğ“†™ ground âˆšcurve   2. terrain 3. ğ“…­ ğ“ğ“…±ğ“ˆ… ğ“¥ <> sand? stone?  4. Geb <> Geo orbit?	ğ“‡¾ ğ“‡¾ ğ“‚‹ ğ“ ğ“ğ“Š– ğ“, ğ“‡¹ ğ“ˆ’ ğ“¥  ğ“‡¹ ğ“›?
160		cloud	ğ“ˆ ğ“‚‹ ğ“‡‹ ğ“‡², ğ“ˆ ğ“‚‹ ğ“‡‹ ğ“ƒ« ğ“€œ, ğ“ˆ ğ“‚‹ ğ“‚‹ ğ“Š¡, ğ“ˆ ğ“‚‹ ğ“Š¡   2. ğ“² ğ“ˆ– ğ“‚ ğ“ ?		storm, storm - cloud	áƒ¥áƒáƒ áƒ˜ kÊ°É‘ri à¤•à¥‹à¤¹à¤°à¤¾ kohrÄd coort@LAT Ú¯ÙˆØ§Øªâ€ gwÃ¡t gÃ¡eth ĞºÑ‹Ñ‚ÑĞ³ kÉ™teÉ£  > áƒ°áƒáƒ”áƒ áƒ˜ hÉ‘É›ri [[air]]  	
161		fog					
162		sky	ğ“‡¯, ğ“Šª ğ“ ğ“‡¯, ğ“· ğ“ ğ“‡¯, ğ“„¿ ğ“‚‹ ğ“ ğ“‡¯, ğ“„¿ ğ“Šƒ ğ“‚‹ ğ“ ğ“‡¯  2. ğ“ˆ ğ“ƒ€ ğ“› ğ“…‚ , ğ“ˆ ğ“ƒ€ ğ“› ğ“…±ğ“ ğ“…­ ğ“¥ ğ“ˆ‰ 3. ğ“Œ ğ“Œ ğ“ ğ“Œ ğ“‡¯ ğ“ 		sky, heaven	Æ¥otair Pater Petrus Photon Votan Ether Air!  2. âˆšKippen?  qurbit > orbit?  3. ğ“„¿ ğ“‚‹ ğ“ ğ“‡¯ <> ğ“Œ ğ“Œ ğ“ ğ“Œ ğ“‡¯ ğ“ Nut, the sky (sic)	ğ“†¼ ğ“ƒ€ ğ“‹´ ğ“…±ğ“‡¼ ğ“¥
163		wind	ğ“Š¡, ğ“…± ğ“ ğ“Š¡, ğ“Š¡ ğ“…±   2.  ğ“‹´ ğ“…± ğ“› ğ“Š¡, ğ“†“ ğ“‚ ğ“Š¡  ğ“‹´ ğ“² ğ“˜ ğ“ƒ€ ğ“„² ğ“›  3.  ğ“ˆ– ğ“†‘ ğ“ ğ“Š¡ ğ“²		wind, storm - wind	wnd = wind 2. storm 3. northerner na.vind <> breath  ğ“” ğ“ ğ“Š¡ <> ğ“‹ ğ“ƒ€ ğ“ ğ“Š¡ the east wind	
164		snow					
165		ice					
166		smoke	ğ“› ğ“ ğ“® ğ“Š®		smoke	â²­â²£â²‰â²™â²§â²¥ khremts <> cremationsa  ğ’†ªğ’Œ“ğ’Š’ quâ‚‚-ut-ru /qutru/	
167		fire	ğ“Š®, ğ“ ğ“ ğ“Š®, ğ“´ ğ“ ğ“Š®, ğ“ˆ ğ“‚‹ ğ“‚‹ ğ“Š®, ğ“‹´ğ“†“ ğ“ğ“Š®		fire, broil, flame	â€˜khat heat qaÌ‚dach kaw-dakhâ€˜ ×§×“×— burn, kindle Kerzeâ€˜  qur@Thai > koch, cook <> charm : warmth	ğ“‘ ğ“¤ fire drill
168		ash	ğ“‡‹ ğ“ ğ“ˆ– ğ“Œ ğ“¢ ğ“‚Š 		ash 	athnâ€¦ asÄ‹an ashen Ø³ÙÙƒÙÙ†â€ a'sakan +++ ğŒ°ğŒ¶ğŒ²ğ‰ Ğ°Ñ†Ñ†Ñ‹ÑˆÓ™ ash.can <> canaisa	
169		to					
170		road	ğ“…“ ğ“‚ ğ“¿ ğ“‡±, ğ“ ğ“‚ ğ“ ğ“ˆ– ğ“Œ™ ğ“ˆ ğ“‚», ğ“…“ ğ“¿ ğ“ƒ’  2. ğ“¯ ğ“„¿ ğ“ ğ“ˆ , ğ“¯ ğ“ ğ“ˆ ğ“ˆ˜  3. ğ“‚¸ ğ“ ğ“ˆ– ğ“ˆ ğ“ˆ‡		road, way	à¤®à¤¾à¤°à¥à¤— mÄrga  é©¬è·¯ mÇlÃ¹ |áˆ˜áŠ•áŒˆá‹µ mÃ¤ngÃ¤d  ma.road  <> march  2. road (ğ“¯ rho) <> ğ“¯ ğ“ ğ“ˆ ğ“ˆ˜ rod = river   3. path, post, part / Ø·Ø±ÙŠÙ‚ ptaryaÉ  *ptharoadg ++ / Ğ´Ğ¾Ñ€Ğ¾Ğ³Ğ° doroga ?	
171		mountain	ğ“ˆ‰ ğ“¤, ğ“ˆ‹ ğ“¤, ğ“ˆ‹ ğ“…± ğ“ŠŒ		mountain	ğ“ˆ‰ Schanze å±± shÄn Ğ¨ Shin Ğ¨ Sha 2. dual ğ“ˆ‹ğ“ˆ‹ Tal / tell  see https://github.com/pannous/hieros/wiki/%F0%93%88%8B	<> ğ“‚§ ğ“‰” ğ“ˆ– ğ“ ğ“¶ ğ“ŠŒ  mountain - top\	DOME-top domount 
172		red	ğ“ ğ“„Ÿ ğ“‹´ ğ“ ğ“œ, ğ“˜ ğ“…“ ğ“‹´ ğ“, ğ“¿ ğ“…“ ğ“‹´ ğ“ ğ“‚§ ğ“‡‹ ğ“‡ ğ“‹³ <> 2. ğ“‚§ ğ“ˆ™ ğ“‚‹ ğ“…Ÿ		red, ruddy, violet, reddening	â€¢thyrmis <> qÄ±rmÄ±zÄ± kirmes/kirsch crimson    ğ“ğ“…“ğ“‹´ğ“ğ“œ `red` â‹ à¤¤à¤¾à¤‚à¤¬à¤¡à¤¾ tÄmbá¸Ä â‡” ×Ö¸×“×•Ö¹×â€ adom ğ“‹´ğ“ > ä¸¹ dan1 tan tin Ton taint > à»àº”àº‡ dÇ£ng  2. dashred â‡” desert	<> ğ“Šª ğ“‚‹ ğ“ˆ™ ğ“ˆ’ ğ“¥\	purpur / minium  ğ“  ğ“ˆ– ğ“ˆ™ ğ“ğ“ˆ’ ğ“¥ (Bleirot) ochre  <> ğ“‡‹ ğ“†› ğ“ˆ– ğ“Šƒ ğ“® ğ“‹³
173		green	ğ“¡ ğ“„¿ ğ“…±, 2. ğ“‡† = ğ“‡… ğ“†“ ğ“›		green	ğ“¡ ğ“„¿ ğ“…± Ã§arun  GREEN GRÃœN/ğ’Š¬kiri*/ÎºÏá¿‘ÌÎ½Ï‰/ğ’Š¬Å¡ar/sharun ğ“†¶/ğ“†´!ğ“‡…ğ“‡† rejuvenate â‹ ğ“¯ğ“†“ğ“‡…ğ“…± â‹ ğ“±ğ“‡† !?  ğ“‹´ğ“‡…ğ“†“ â‡¨ REIN  ğ“…±ğ“„¿ğ“¡ verdge viridis (old ğ“¡ Tasse)   2. ğ“‡… ğ“†“ ğ“› <> verdge? â‰  ğ“ŒŒ ğ“ ğ“‡¶ white	
174		yellow	ğ“ˆ ğ“ˆ– ğ“‡‹ ğ“‡‹ ğ“, ğ“ˆ ğ“ˆ– ğ“‡‹ ğ“‡‹ ğ“ ğ“Š		be yellow, a yellow pigment, orpiment	quince yellow, das Quittegelb <> gold, green?	<> ğ“  ğ“ˆ– ğ“ˆ™ ğ“ğ“ˆ’ ğ“¥ ocre â€œMenschitâ€
175		white	ğ“Œˆ, ğ“Œˆ ğ“‚‚,  ğ“Œˆ ğ“†“ ğ“‡³, ğ“› ğ“Œˆ ğ“†“ ğ“‡¶  1. ğ“ƒ€ ğ“…¡ ğ“„¿ ğ“ˆ ğ“†­  2. ğ“Š ğ“Šª ğ“‡³, ğ“Š ğ“Šª ğ“‡¶ 3. ğ“‹´ ğ“ˆ™ ğ“Šª ğ“‡³ ğ“‹´ ğ“ˆ™ ğ“Šª ğ“‡¶		 white, bright	white? 1. bright 2.  Ø³Ù¾ÛŒØ¯â€ sapÃªd spyt àª¸àª«à«‡àª¦ saphed à¤¶à¥à¤µà¥‡à¤¤ Å›veta swhite Ø³ÙÛŒØ¯â€ safid à¤¸à¤«à¤¼à¥‡à¤¦ safed ÑĞ°Ñ„ĞµĞ´  <> saphir safran #sshap 3.	
176		black	ğ“€” ğ“ˆ‹ ğ“… ğ“ğ“¥ ğ“ˆ’		black eye paint	â€˜shieamâ€˜ = khem / ~Schminke, Schmutz, Maskara ğ“…ğ“ğ“¥â€˜	
176		black	ğ“† ğ“…“ ğ“¸, ğ“† ğ“› 2. ğ“ ğ“‹´ ğ“ƒ€ ğ“†“ ğ“‚‚  2b. ğ“†“ ğ“‚ ğ“Œ  ğ“ƒ€ 3. ğ“  ğ“		black 2. blue-black, blue	Black Khmer vs Red Khmer â„¢ chemo Kummer <> char gray 2. ğ“  ğ“ kaka kala colour  à¤•à¤¾à¤²à¤¾ à¤¶à¥à¤¯à¤¾à¤® kala 3. Kar-Schwarz ğ“‹´ ğ“ƒ€ ğ“‚§ ğ“ˆ’ ğ“¥ swarthy Ø³ÙÙˆÙ’Ø¯ÙØ§Ø¡â€ sawdÄÊ¾ svartur áƒ¨áƒáƒ•áƒ˜ Å¡avi  Kaspianâ„¢	<> ğ“„Ÿ ğ“†“ ğ“… ğ“ğ“¥ ğ“ˆ’  , ğ“„Ÿ ğ“‹´ ğ“‚§ ğ“… ğ“ğ“ˆ“ maskara
177		night	ğ“‰¸, ğ“‡°, ğ“¡ğ“¡ğ“‡°  2.  ğ“†¼ ğ“„¿ ğ“…± ğ“® ğ“‡°  ,  ğ“ ğ“†¼ ğ“„¿ ğ“…±ğ“‡°, ğ“¼ ğ“‚‹ ğ“› ğ“‡°  3.  ğ“…± ğ“ ğ“‡°  4. ğ“² ğ“„¿ ğ“†¼ ğ“‡°  5. ğ“‘ ğ“„¿ ğ“…±ğ“‡°		night	ğ’ˆª GIG Õ£Õ«Õ·Õ¥Ö€ É¡iÊƒÉ›É¾ <>  ğ“ ğ“ kaka kala color  à¤•à¤¾à¤²à¤¾ à¤¯à¤¾à¤® kala   2. Grauen <> gray  ğ“ 3. Âµnight  4. vhnight <> finite?	ğ“‹´ ğ“ˆ™ ğ“„ƒ ğ“ğ“‡¼ sunset<> ğ“ˆ™ ğ“‹´ ğ“Ÿ ğ“„¿ ğ“„ƒ ğ“ğ“‡°   <>  ğ“‹´ ğ“ƒ€ ğ“‚§ ğ“ˆ’ ğ“¥ swarthy Ø³ÙÙˆÙ’Ø¯ÙØ§Ø¡â€ sawdÄÊ¾     <> Ï‡Î¯Î»Î¹Î¿Î¹n~SchlÃ¤fe
178		day	ğ“‡³ ğ“¤, ğ“‹´ ğ“…± ğ“‡³ ğ“¥, ğ“‹´ ğ“‹´ ğ“‹´ ğ“…± ğ“‡³ ğ“¥, ğ“‰” ğ“‚‹ ğ“…± ğ“‡³ ğ“¤, ğ“Š„ ğ“…± ğ“‡³ ğ“¥		day, daytime	sun / ray / dayn / houra   gÃ¼n <> giorno <> journ <> youm    ğ“Š„ ğ“…± ğ“‡³ ğ“¥ <> Zeiten? Stunden?	
179		year	ğ“†³ ğ“ ğ“¤, ğ“ˆ– ğ“‚‹ ğ“‡‹ ğ“†µ ğ“‡³		year	new rayt ğ“ˆ– ğ“‚‹ ğ“‡‹ ğ“†µ ğ“‡³ <> return	
180		warm	ğ“Š®, ğ“‹´ ğ“ ğ“…“ ğ“…“, ğ“‹´ ğ“ˆ™ ğ“…“ ğ“…“ ğ“Š®, ğ“‹´ ğ“‚‹ ğ“†‘ ğ“Š®, ğ“ ğ“…“ ğ“Š®, ğ“ˆ™ ğ“…“ ğ“…“ ğ“Š®		warm, warmth, temperature, inflammation, fever, mood, be warm, hot, have fever, become feverish	charm <> chemie  ğ“ğ“…“ğ“Š® à¤˜à¤°à¥à¤® gharma warm   *gÊ·Ê°or-mÃ³s  *gÊ·Ê°er(ma)	
181		cold	ğ“ˆ ğ“ƒ€ ğ“‚, ğ“ˆ ğ“ƒ€ ğ“ƒ€ ğ“ˆ—, 2. ğ“› ğ“‹´  , ğ“› ğ“¿ ğ“‹´ ğ“Š¡		cool, cold	> quvl <> shiver aqua ğ“ˆ ğ“º   2. Â¬heiÃŸ : eis hr*s <> hoarse	kÃ¼hl â‡” KÃ¼bel  ğ“‚ <> Kipp  ğ“ˆ ğ“ƒ€ ğ“› ğ“¯  <>   ğ“› ğ“ƒ€ ğ“ƒ€ ğ“ˆ… ğ“ˆ— | water| PIE root *hâ‚‚ep-   VS pour <> pure
182		full	ğ“ ğ“ ğ“, ğ“ ğ“…± ğ“ ğ“€¾ ğ“œ, ğ“” ğ“› ğ“…“		full, entire	tout / total +	
183		new	ğ“ˆ– ğ“Œ³ ğ“„¿ ğ“…± ğ“ ğ“›, ğ“Œ³ ğ“„¿ ğ“…± ğ“® ğ“›, ğ“Œ³ ğ“ ğ“›		 new	nauy = new, neu	
184		old	ğ“‡‹ğ“„¿, ğ“‡‹ğ“„¿ğ“…±ğ“ğ“€—  1. ğ“¡ ğ“› ğ“¡ ğ“› ğ“€˜  2. ğ“‡‹ğ“‡© ğ“‹´ğ“†° ğ“›  3. ğ“ˆ–ğ“ ğ“		old, ancient, old-age	vhier / hiero <> 1. gero yeared  2. ancient? 3. â‡” negro nacht nioxe å¹´è¿ˆ niÃ¡n ?	
185		good	ğ“„¤, ğ“ƒ€ ğ“„¤, ğ“ƒ€ ğ“…±ğ“„¤ ğ“†‘ ğ“‚‹, ğ“„¤ ğ“†‘ ğ“‚‹		beautiful, good, fair	bien / bon / budha / fair vs bheart = bad : / blieb?	<> ğ“ƒ€ ğ“‡‹ğ“ˆ ğ“„‘ ğ“€\	\	good deed   <> ğ“Š¹ ğ“„¤ the Good God
186		bad	ğ“ƒ€ ğ“‡‹ğ“ˆ–ğ“…ª,  ğ“ˆ‹ ğ“…ª, ğ“ˆ‹ ğ“…± ğ“…ª, ğ“ˆ‹ ğ“´ ğ“…ª 3. ğ“ƒ›		 bad, evil   	bane = ruin   2. evil <> vale < toll      ğ“ƒ€ ğ“‡‹ğ“ˆ–ğ“…ª <> evil (xeno ğ“ˆ–~L!) <> fool, fowl ğ“…ª  <> phantasma?	<> ğ“ˆ–ğ“ƒ€ ğ“‚§ ğ“…±ğ“¸ ğ“ˆ“ ğ“ª ğ“‚§ ğ“‚‚ ğ“œ ğ“Œ™ ğ“¥ ğ“€€   Beduine? (bad character)<> ğ“› ğ“„¿ ğ“‚ ğ“¤ ğ“ƒ€ ğ“€œ
187		rotten	ğ“‚ ğ“¯ ğ“„¿ ğ“  		rot 	a'rot	
188		dirty					<> ğ“‚‹ ğ“ ğ“ ğ“‚ | wash (clothes) | rachats@HEB reinigen ^^rockâ†rage â‡” dirty regs 
189		straight	ğ“‚ ğ“ˆ ğ“„¿ ğ“‚­ ğ“‚­ ğ“œ,   ğ“‚¸ ğ“ğ“Œ™ ğ“Œ™ ğ“œ		accurate, straight forward, precise	accurate <> right	<> ğ“…“ ğ“‚§ ğ“ƒ¹ ğ“ˆ– ğ“‚»  mitten rein?  <> ğ“‹´ ğ“Œ— ğ“‚‹ ğ“— ğ“…±ğ“†“ ğ“›\	\	make secure, provide, set right, fulfil 
190		round	ğ“‚§ ğ“ƒ€ ğ“ˆ– ğ“‚‚ ğ“‚», ğ“„² ğ“‚», ğ“„² ğ“ˆ– ğ“‚», ğ“„· ğ“ˆ– ğ“‚», ğ“„² ğ“‡‰ ğ“Š— ğ“¤ ğ“¤ ğ“¤ ğ“¤, ğ“ª ğ“‚§ ğ“Œ ğ“‚», ğ“ª ğ“‚§ ğ“Œ ğ“›		go round	âˆšchurn âˆšbend  Î´Î¿Î¹Ï€Î¿Ïon trabail â‡” travaill â‡” á½Î´ÎµÏ Oden ! / â‡” á¼Î¼Ï€Î¿ÏÎµÏÎ¿ emporon â‡” empire? tÃ¶rn	
191		sharp	ğ“‚§, ğ“‡® ğ“œ, ğ“‹´ ğ“Šª ğ“‚§ ğ“‡®, ğ“‹´ ğ“‡® ğ“‚§ ğ“Œª   2.  ğ“‚§ ğ“ ğ“Œª ğ“‚¡, ğ“…“ ğ“‚  ğ“‚§ ğ“Šƒğ“›, ğ“…“ ğ“‚§ ğ“‹´ğ“Œª, ğ“†“ ğ“ ğ“Œª, ğ“‡® ğ“œ		sharp, acute, forceful 	cheiro â™ sharp <> spitz 2. Damasq 3. Messer, Machete, Metzger, wetzen	
192		dull	ğ“…ª, ğ“ˆ– ğ“†“ ğ“‹´ ğ“…ª		dim, dull, poor	<> nichtig niedrig â€¦	
193		smooth	ğ“‹´ğ“ˆ–ğ“‚ ğ“‚ ğ“ ğ“›, ğ“‹´ğ“Œ¢ ğ“‚ ğ“‚, ğ“ˆ– ğ“‚ ğ“‚ ğ“ ğ“›, ğ“‡‹ ğ“‚§ ğ“„¿, ğ“ ğ“›		smooth, make smooth, polish	smoother causative of mooth? +++ feder(weich)	
194		wet	ğ“ˆ–ğ“Šªğ“…¯ ğ“ˆ—		be wet	(pitsch)nass < nahepth   ğ“› ğ“ƒ€ ğ“ƒ€ ğ“ˆ… ğ“ˆ—  PIE  *hâ‚‚ep-   <> nwather wet  Ù…ÙØ¨Ù’ØªÙÙ„Ù‘â€ mubtall (ğ“ˆ–:mn  ğ“Šª:pb  ğ“ˆ—: thalasa)	
195		dry	ğ“‹´ ğ“†„ ğ“…±ğ“‡³, ğ“†„ ğ“…±ğ“‡³, ğ“…±ğ“ˆ™ ğ“‚‹ ğ“‡³, ğ“‹´ğ“² ğ“ˆ™ ğ“‚‹ ğ“‡³, ğ“‡¶,  5. ğ“ ğ“…“ ğ“Š¡		dry, dried	1. âˆšsun gÃ¼n > gÄn å¹²  2. dry <> 3ray ğ“‡¶  3. wÃ¤sher?  4. sunÎ´ry / alles sutscher 5. charm <> warm	
195		dry	ğ“‹´ğ“² ğ“ˆ™ ğ“‚‹ ğ“‡³		dry	sunÎ´ry / alles sutscher ++-	
196		right	ğ“†„, ğ“¦, ğ“†„ğ“†„ ğ“ ğ“¤, ğ“Œ· ğ“‚ ğ“ğ“†„ ğ“› ğ“¥	â€˜Maâ€˜atâ€˜	right - doing, righteousnessdoing, righteousness	moral, merits madar: order ÂµWahrheit,  math, maath, Maâ€˜at  mêœ£êœ¥t /ËˆmuÊ€Ê•at/     <> â²™â²‰ / â²™â²‰â²‰ â²™â²â²“ , â²™â²‰â²“ truth, justice	right <> straight <> ğ“‹´ ğ“‚‹ ğ“…± ğ“Œ— ğ“› set right
197		near	1. ğ“ ğ“‚‹  2.  ğ“‚‹ ğ“‰” ğ“…±ğ“¥, ğ“‚‹ ğ“¤ ğ“‚ ğ“¤,  3. ğ“š ğ“…±ğ“‚» ğ“†‘  4. ğ“ ğ“¡ ğ“ˆ–ğ“‚»		near	1. âˆšcare  2. Ã  home / ar huus <> nahr? 3. ? 4. attackin'  attached <> drÃ¼cken?	
198		far	ğ“¯ ğ“„¿ ğ“€œ, ğ“¯ ğ“„¿ ğ“ˆ, ğ“¯ ğ“ˆ,   3. ğ“› ğ“· ğ“‚‹ ğ“ˆ		far, long ago, for a long time past, go	â€˜rachiyq / rachowq @HEB ++ â€˜roadyâ€˜ / ruku rikhqa rahuqo distance, far reachâ€˜ing raqa@Assyr <> road vs 2. âˆšDURA	<> ğ“„– ğ“„– ğ“„– ğ“ˆ ğ“ˆ ğ“ˆ far north
199		right	ğ“Š¿, ğ“‡‹ ğ“  ğ“ˆ–ğ“Š¿, ğ“‹€ ğ“‚¢, ğ“…† ğ“ğ“®, 	â€˜Maâ€˜atâ€˜	right, right - side, the West 	mwahrheit maath, madar: order @P	
200		left	ğ“‹, ğ“‹ ğ“ƒ€, ğ“‹ ğ“ƒ€ ğ“ğ“® ğ“ˆ‡,  ğ“‹ ğ“ƒ€ ğ“® ğ“‚¢, ğ“‹ ğ“ƒ€ ğ“® ğ“‚¢  2. ğ“ ğ“‹ ğ“®		left, east, eastern, the left side of	left-hand  ğ“‚¢ @ Levante Libanon ğ“‹ ğ“ƒ€   2. Thai / the East	
201		at	ğ“‚‹, ğ“· ğ“¤, ğ“Œ¨ ğ“‚‹		at, through, subject,  upon, in, at, from, on account of, concerning, through, and, having on it, because	reâ€¦, Ã , âˆšcare	
202		in	ğ“ˆ–		in, on, an, upon		
203		with	ğ“› ğ“ˆ–ğ“‚, ğ“ ğ“‚‹, ğ“· ğ“¤, ğ“ ğ“ ğ“†‘		with, near, under, by, upon, in, at, from, on account of, concerning, through, and, having on it, according, because	ğ“›ğ“ˆ–ğ“‚ ~ CON  2. âˆšcare	
204		and	ğ“› ğ“ˆ–ğ“‚, ğ“ ğ“‚‹ ğ“€’		and, further	ğ“›ğ“ˆ–ğ“‚ > hand > and  2. car?   <> contra?	 
205		if	ğ“‡‹ğ“‚‹		as to, if	wÃ¤re / whether / Æ’yr fÃ¼r for fair ver vers fir ifr if ever are / in regards	<> ğ“…“ ğ“‡ ğ“‡‹ as if
206		because	ğ“·, ğ“· ğ“¤, ğ“‚‹ ğ“», ğ“ˆ–ğ“ˆ–ğ“ğ“, ğ“ˆ–ğ“®		ob,  upon, because of, in return for, in, at, from, on account of, concerning, through, and, having on it, because	ob (Plattdeutsch)   2. ğ“ˆ–ğ“® nam, nÃ¤mlich	
207		name	ğ“‚‹ğ“ˆ–ğ“€|ğ“‚‹ğ“ˆ–ğ“·		name	reunm : Reim / renem â™ nem -> name ? / krnen â‡” kennen / sÃ‹m:Sein:Reim:name! @Hausa / â‡”	
