â„– 	English 	Gothic 		PIE	Scots 	West Frisian 	Dutch 	Afrikaans 	Low Saxon 	Limburgish 	Central Franconian 	Luxembourgish 	German 	Yiddish 	Danish 	Swedish 	Faroese 	Icelandic 	Norwegian (bokmÃ¥l) 	Norwegian (nynorsk) 	Gothic 	Nr	English	Sranan @ Surinam
1	I 	ğŒ¹ğŒº (ik) 		IK	A 	ik 	ik 	ek 	ik 	ich 	ich, eich, ech 	ech 	ich 	××™×šâ€ (ikh) 	jeg 	jag 	eg, jeg (SuÃ°uroy) 	Ã©g 	jeg 	eg 	ğŒ¹ğŒº (ik) 	1	I 	mi
2	you (singular) thou (dialectal, literary, or archaic) 	ğŒ¸ğŒ¿ (Ã¾u) 		DU	thoo, you, ye 	do (dÃ») (informal), jo (formal 	jij, je (informal), u (formal) 	jy (informal), u (formal) 	du 	doe (informal), geer (formal) 	du, de 	du, de 	du 	×“×•â€ (du) 	du, De (formal) 	du 	tÃº 	Ã¾Ãº 	du, De (formal) 	du, De (formal) 	ğŒ¸ğŒ¿ (Ã¾u) 	2	you (singular) 	yu, i
3	he 	ğŒ¹ğƒ (is) 		ES, VS: whos!	he 	hy, er 	hij 	hy 	he 	hae 	hÃ¤, hÃ¤n, er, e 	hien, en 	er 	×¢×¨â€ (er) 	han 	han 	hann 	hann 	han 	han 	ğŒ¹ğƒ (is) 	3	he 	a, en
4	we 	ğ…ğŒ´ğŒ¹ğƒ (weis) (plural)	 ğ…ğŒ¹ğ„ (wit) (dual) 	Wes	we 	wy 	wij, we 	ons 	wi 	weer 	mir, mer 	mir, mer 	wir 	××™×¨â€ (mir) 	vi 	vi 	vit 	viÃ° 	vi 	vi, me 	ğ…ğŒ´ğŒ¹ğƒ (weis) (plural), ğ…ğŒ¹ğ„ (wit) (dual) 	4	we 	wi, unu, un
5	you (plural) 	ğŒ¾ğŒ¿ğƒ (jus) (plural)	 ğŒ¾ğŒ¿ğ„ (jut) (dual) 	Yous	you(se), ye(se) 	jimme, me 	jullie (informal), u (formal) 	julle (informal), u (formal) 	ji 	geer 	Ã¼hr, ihr, er, dir, der 	dir, der 	ihr 	××™×¨â€ (ir) 	I 	ni 	tit 	Ã¾iÃ° 	dere, De (formal) 	de, De (formal) 	ğŒ¾ğŒ¿ğƒ (jus) (plural), ğŒ¾ğŒ¿ğ„ (jut) (dual) 	5	you (plural) 	unu, un
6	they 	ğŒ´ğŒ¹ğƒ (eis) / ğŒ¹ğŒ¾ğŒ° (ija) / ğŒ¹ğŒ¾ğ‰ğƒ (ijÅs) 		(t)Heis	thay 	sy, hja 	zij, ze 	hulle 	se 	die 	sei, sie, se 	si, se 	sie 	×–×™×™â€ (zey) 	de 	de 	teir / tÃ¦r / tey 	Ã¾eir / Ã¾Ã¦r / Ã¾au 	de 	dei 	ğŒ´ğŒ¹ğƒ (eis) / ğŒ¹ğŒ¾ğŒ° (ija) / ğŒ¹ğŒ¾ğ‰ğƒ (ijÅs) 	6	they 	den
7	this 	ğƒğŒ° (sa) / ğŒ¸ğŒ°ğ„ğŒ° (Ã¾ata) / ğƒğ‰ (sÅ) 		ca	this 	dit, dizze 	deze, dit 	diÃ©, hierdie 	dÃ¼sse, dÃ¼t 	dit 	disse, diss, diss/ditt 	dÃ«sen, dÃ«s, dÃ«st 	dieser, -e, -es etc. 	×“×¢×¨â€ (der), ×“×™â€ (di), ×“×Ö¸×¡â€ (dos) 	denne, dette, det her, den her 	denna, detta, den hÃ¤r, det hÃ¤r, dessa (plural), de hÃ¤r (plural) 	hesin / henda / hetta 	Ã¾essi / Ã¾etta 	denne, dette, disse (plural) 	denne, dette, desse (plural) 	ğƒğŒ° (sa) / ğŒ¸ğŒ°ğ„ğŒ° (Ã¾ata) / ğƒğ‰ (sÅ) 	7	this 	disi
8	that 	ğƒğŒ° (sa) / ğŒ¸ğŒ°ğ„ğŒ° (Ã¾ata) / ğƒğ‰ (sÅ) 		ca	that 	dat 	die, dat 	dat 	de, dat 	det 	dÃ¤/dÃ¤n, die, dat 	deen, dÃ©i, dat 	jener, -e, -es etc.; der, die, das, etc.; derjenige etc. 	×™×¢× ×¢×¨â€ (yener); ×“×¢×¨â€ (der), ×“×™â€ (di), ×“×Ö¸×¡â€ (dos) 	den der, det der 	den, det, den dÃ¤r, det dÃ¤r 	hasin / handa / hatta 	hinn / hin / hitt / sÃ¡ / sÃº / Ã¾aÃ° 	den, det 	den, det 	ğƒğŒ° (sa) / ğŒ¸ğŒ°ğ„ğŒ° (Ã¾ata) / ğƒğ‰ (sÅ) 	8	that 	dati
9	here 	ğŒ·ğŒ´ğ‚ (hÄ“r) 		hier	here 	hjir 	hier 	hier 	hier 	hie, hiej 	hee, hie 	hei 	hier (da)	×“×Ö¸â€ (do) 	her 	hÃ¤r 	her 	hÃ©r / hÃ©rna 	her 	her 	ğŒ·ğŒ´ğ‚ (hÄ“r) 	9	here 	dya
10	there 	ğŒ¸ğŒ°ğ‚ (Ã¾ar) 		dar	thare 	dÃªr 	daar 	daar 	dor 	dao 	do 	do 	dort, da 	×“×Ö¸×¨×˜â€ (dort) 	der 	dÃ¤r 	har 	Ã¾ar / Ã¾arna 	der 	der 	ğŒ¸ğŒ°ğ‚ (Ã¾ar) 	10	there 	drape
11	who 	ğˆğŒ°ğƒ (Æ•as) / ğˆğ‰ (Æ•Å) 		whos	wha 	wa 	wie 	wie (interrogative) 	wokeen 	wae 	wÃ¤, wÃ¤n 	wien 	wer 	×•×•×¢×¨â€ (ver) 	hvem 	vem 	hvÃ¸r 	hver 	hvem 	kven 	ğˆğŒ°ğƒ (Æ•as) / ğˆğ‰ (Æ•Å) 	11	who 	suma
12	what 	ğˆğŒ° (Æ•a) 		wha	whit 	wat 	wat 	wat (interrogative) 	wat 	waat 	wat 	wat 	was 	×•×•×Ö¸×¡â€ (vos) 	hvad 	vad 	hvat 	hvaÃ° 	hva 	kva 	ğˆğŒ° (Æ•a) 	12	what 	san, fa
13	where 	ğˆğŒ°ğ‚ (Æ•ar) 		whear	whaur 	wÃªr 	waar 	waar (interrogative) 	woneem, wo 	wo 	wo 	wou 	wo 	×•×•×•Ö¼â€ (vu) 	hvor 	var 	hvar 	hvar 	hvor 	kvar, kor (degree) 	ğˆğŒ°ğ‚ (Æ•ar) 	13	where 	pe
14	when 	ğˆğŒ°ğŒ½ (Æ•an) 	Æ•an	Æ•an	whan 	wannear, hoenear 	wanneer 	wanneer (interrogative) 	wannehr, wann 	wen 	wann, wenn 	wÃ©ini 	wann 	×•×•×¢×Ÿâ€ (ven) 	hvornÃ¥r 	nÃ¤r 	nÃ¦r 	hvenÃ¦r 	nÃ¥r 	kva tid, nÃ¥r 	ğˆğŒ°ğŒ½ (Æ•an) 	14	when 	oten
15	how 	ğˆğŒ°ğŒ¹ğ…ğŒ° (Æ•aiwa) 		hwie	hou 	hoe 	hoe 	hoe (interrogative) 	woans, wo 	wie 	wie 	wÃ©i 	wie 	×•×•×™â€ (vi) 	hvordan, hvorledes 	hur 	hvussu 	hvernig 	hvordan, Ã¥ssen 	korleis, koss 	ğˆğŒ°ğŒ¹ğ…ğŒ° (Æ•aiwa) 	15	how 	o, fa
16	not 	ğŒ½ğŒ¹ (ni) 		ney	no 	net 	niet 	nie 	nich 	neet 	net, nit 	net 	nicht 	× ×™×˜â€ (nit), × ×™×©×˜â€ (nisht) 	ikke 	inte, ej 	ikki 	ekki, eigi 	ikke, ei 	ikkje, ei 	ğŒ½ğŒ¹ (ni) 	16	not 	no
17	all 	ğŒ°ğŒ»ğŒ»ğƒ (alls) 		alles	aw 	alle, allegear 	al, alle 	alle 	all 	al 	all 	all 	alle 	×Ö·×œ×¢â€ (ale) 	alt, alle, al 	allt 	alt 	allt, allir, Ã¶ll 	alt, alle, all 	alt, alle, all 	ğŒ°ğŒ»ğŒ»ğƒ (alls) 	17	all 	ala
18	many 	ğ†ğŒ¹ğŒ»ğŒ¿ (filu)	 ğŒ¼ğŒ°ğŒ½ğŒ°ğŒ²ğƒ (manags) 	viele, menges	mony 	folle, mannich, gÃ¢ns, in protte, in soad 	menig, veel 	baie, vele 	mÃ¤nnich, veel 	vÃ¤Ã¶l 	vill 	vill 	manch, viele 	×¤Ö¿×™×œâ€ (fil), ×Ö· ×¡×šâ€ (a sakh) !	mange 	mÃ¥nga 	nÃ³gvir, mangir 	margir 	mange 	mange 	ğ†ğŒ¹ğŒ»ğŒ¿ (filu), ğŒ¼ğŒ°ğŒ½ğŒ°ğŒ²ğƒ (manags) 	18	many 	furu
19	some 	ğƒğŒ¿ğŒ¼ğƒ (sums) 		somes	some 	(foarnamwurd) sommige, guon 	enkele, sommige 	party, sekere, sommige 	enige, somige 	get 	paar, e paar 	puer, e puer 	einige, etliche	×¢×˜×œ×¢×›×¢â€ (etlekhe) 	nogen 	nÃ¥gra 	nakrir 	nokkrir / sumir 	noe 	noko, somt, sumt 	ğƒğŒ¿ğŒ¼ğƒ (sums) 	19	some 	son, wantu
20	few 	ğ†ğŒ°ğŒ¿ğƒ (faus) 		fews	few, wheen 	min 	weinig 	min 	wenig 	weinige 	winnig 	wÃ©ineg 	wenige, winzig 	×•×•×™×™× ×™×§â€ (veynik), ×•×•×™× ×¦×™×§â€ (vintsik) 	fÃ¥ 	fÃ¥ 	fÃ¡ir 	fÃ¡ir 	fÃ¥ 	fÃ¥ 	ğ†ğŒ°ğŒ¿ğƒ (faus) 	20	few 	wanwan 1e
21	other 	ğŒ°ğŒ½ğŒ¸ğŒ°ğ‚ (anÃ¾ar) 		ander	ither 	oare 	ander 	ander 	anner 	anger 	anner, anger, ander 	aner 	andere 	×Ö·× ×“×¢×¨â€ (ander) 	andet, anden 	annat, annan 	annar 	annaÃ°, annar 	annet, annen, andre (plural) 	anna, annan, andre (plural) 	ğŒ°ğŒ½ğŒ¸ğŒ°ğ‚ (anÃ¾ar) 	21	other 	[o]tra
22	one 	ğŒ°ğŒ¹ğŒ½ğƒ (ains) / ğŒ°ğŒ¹ğŒ½ğŒ° (aina) / ğŒ°ğŒ¹ğŒ½	 ğŒ°ğŒ¹ğŒ½ğŒ°ğ„ğŒ° (ain	einz	 ainata) 	ien 	een 	een 	een 	ein 	een, Ã¤Ã¤n, ein 	een 	eins 	××™×™× ×¡â€ (eyns) 	en, et 	en, ett, e (dialectal feminine), ena (dialectal feminine) 	ein, eitt 	einn, ein, eitt 	en, ei, ett 	ein, ei, eitt 	ğŒ°ğŒ¹ğŒ½ğƒ (ains) / ğŒ°ğŒ¹ğŒ½ğŒ° (aina) / ğŒ°ğŒ¹ğŒ½, ğŒ°ğŒ¹ğŒ½ğŒ°ğ„ğŒ° (ain, ainata) 	22	one 	wan
23	two 	ğ„ğ…ğŒ°ğŒ¹ (twai) / ğ„ğ…ğ‰ğƒ (twÅs) / ğ„ğ…ğŒ° (twa) 		twai	twa 	twa 	twee 	twee 	twee 	twie 	zwee, zwÃ¤, zwei 	zwee 	zwei, zwo 	×¦×•×•×™×™â€ (tsvey) 	to 	tvÃ¥ 	tveir 	tveir 	to 	to 	ğ„ğ…ğŒ°ğŒ¹ (twai) / ğ„ğ…ğ‰ğƒ (twÅs) / ğ„ğ…ğŒ° (twa) 	23	two 	tu
24	three 	ğŒ¸ğ‚ğŒ´ğŒ¹ğƒ (Ã¾reis) / ğŒ¸ğ‚ğŒ¹ğŒ¾ğŒ° (Ã¾rija) 		Ã¾reis	three 	trije 	drie 	drie 	dree 	drie 	drei 	drÃ¤i 	drei 	×“×¨×²Ö·â€ (dray) 	tre 	tre 	trÃ­ggir 	Ã¾rÃ­r 	tre 	tre, tri 	ğŒ¸ğ‚ğŒ´ğŒ¹ğƒ (Ã¾reis) / ğŒ¸ğ‚ğŒ¹ğŒ¾ğŒ° (Ã¾rija) 	24	three 	dri
25	four 	ğ†ğŒ¹ğŒ³ğ…ğ‰ğ‚ (fidwÅr) 	ğ†ğ‰ğŒ½ ~ Feuan/firen	ğ†ğŒ¹ğŒ³ğ…ğ‰ğ‚ ! vidfour/fier	fower 	fjouwer 	vier 	vier 	veer 	veer 	vier 	vÃ©ier 	vier 	×¤Ö¿×™×¨â€ (fir) 	fire 	fyra 	fÃ½ra 	fjÃ³rir 	fire 	fire 	ğ†ğŒ¹ğŒ³ğ…ğ‰ğ‚ (fidwÅr) 	25	four 	fo
26	five 	ğ†ğŒ¹ğŒ¼ğ† (fimf) 		FÃ¼mf	five 	fiif 	vijf 	vyf 	fief 	vief 	fÃ¶nnef, fennef 	fÃ«nnef 	fÃ¼nf 	×¤Ö¿×™× ×£â€ (finf) 	fem 	fem 	fimm 	fimm 	fem 	fem 	ğ†ğŒ¹ğŒ¼ğ† (fimf) 	26	five 	feifi
27	big, great 	ğŒ¼ğŒ¹ğŒºğŒ¹ğŒ»ğƒ (mikils) 		megals	big, great, muckle, stuir 	grut 	groot 	groot 	groot 	groet 	jruÃŸ, gruÃŸ 	grouss 	groÃŸ 	×’×¨×•×™×¡â€ (groys) 	stor 	stor 	stÃ³rur 	stÃ³r 	stor 	stor 	ğŒ¼ğŒ¹ğŒºğŒ¹ğŒ»ğƒ (mikils) 	27	big 	bigi
28	long 	ğŒ»ğŒ°ğŒ²ğŒ²ğƒ (laggs) 		Longs (ğŒ²ğŒ²=ng)	lang 	lang 	lang 	lank, lang 	lang 	lank 	lang, lank 	laang 	lang 	×œ×Ö·× ×’â€ (lang) 	lang 	lÃ¥ng 	langur 	langur 	lang 	lang 	ğŒ»ğŒ°ğŒ²ğŒ²ğƒ (laggs) 	28	long 	langa
29	wide (broad) 	ğŒ±ğ‚ğŒ°ğŒ¹ğŒ¸ğƒ (braiÃ¾s) 		breits	braid, wide 	breed, wiid 	breed, wijd 	wyd 	breet, wiet 	wied 	breet, brÃ¤Ã¤t, breit 	breet 	breit, weit 	×‘×¨×™×™×˜â€ (breyt) 	bred, vid 	bred, vid 	breiÃ°ur 	breiÃ°ur / vÃ­Ã°ur 	bred, brei, vid 	brei, vid 	ğŒ±ğ‚ğŒ°ğŒ¹ğŒ¸ğƒ (braiÃ¾s) 	29	wide 	bradi
30	thick 	*ğŒ³ğŒ¹ğŒ²ğ‚ğƒ (*digrs) 		dicks	thick 	dik 	dik 	dik 	dick 	dik 	deck 	dÃ©ck 	dick 	×“×™×§â€ (dik) 	tyk 	tjock 	tjÃºkkur 	Ã¾ykkur 	tykk, tjukk 	tjukk 	*ğŒ³ğŒ¹ğŒ²ğ‚ğƒ (*digrs) 	30	thick 	deki
31	heavy 	ğŒºğŒ°ğŒ¿ğ‚ğŒ¿ğƒ (kaurus) 		scverus	hivy 	swier 	zwaar 	swaar 	swoor 	zjwaor 	schwÃ¤r 	schwÃ©ier 	schwer 	×©×•×•×¢×¨â€ (shver) 	tung 	tung 	tungur 	Ã¾ungur 	tung 	tung 	ğŒºğŒ°ğŒ¿ğ‚ğŒ¿ğƒ (kaurus) 	31	heavy 	hebi
32	small (little) 	ğŒ»ğŒ´ğŒ¹ğ„ğŒ¹ğŒ»ğƒ (leitils) 		lightil	little, smaw, wee 	lyts 	klein 	klein 	lÃ¼tt, kleen 	klein 	kleen, klÃ¤Ã¤n, klein 	kleng 	klein 	×§×œ×™×™×Ÿâ€ (kleyn) 	lille 	liten 	lÃ­til 	lÃ­till 	liten, lille (definite), smÃ¥ (plural) 	liten, litle/lisle/vesle (definite), smÃ¥/smÃ¥e (plural) 	ğŒ»ğŒ´ğŒ¹ğ„ğŒ¹ğŒ»ğƒ (leitils) 	32	small 	pikin
33	short 	[Term?] 			short, cuttie 	koart 	kort 	kort 	kort 	kÃ³rt 	kurt, koot, kurz 	kuerz 	kurz 	×§×•×¨×¥â€ (kurts) 	kort 	kort 	stuttur 	stuttur 	kort, stutt 	kort, stutt 	[Term?] 	33	short 	syatu
34	narrow 	ğŒ°ğŒ²ğŒ²ğ…ğŒ¿ğƒ (aggwus) 		engwes	nairae, smaw 	smel 	smal, nauw 	nou, smal 	small, drang, nau, eng 	sjmaal 	schmal 	schmuel 	eng, schmal 	×¢× ×’â€ (eng), ×©××Ö¸×œâ€ (shmol) 	trang, snÃ¦ver 	trÃ¥ng 	trongur 	Ã¾rÃ¶ngur, krappur 	smal, trang 	smal, trong 	ğŒ°ğŒ²ğŒ²ğ…ğŒ¿ğƒ (aggwus) 	34	narrow 	smara
35	thin 	[Term?] 			thin 	tin 	dun 	dun 	dÃ¼nn 	dÃ¶n 	dÃ¶nn, denn 	dÃ«nn 	dÃ¼nn 	×“×™×Ÿâ€ (din) 	tynd 	tunn 	klÃ¦nur, tunnur 	Ã¾unnur 	tynn 	tynn, tunn 	[Term?] 	35	thin 	fini, mangri
36	woman 	ğŒµğŒ¹ğŒ½ğ‰ (qinÅ) 		Gyna	wumman 	frou 	vrouw 	vrou 	Fro 	vrouw 	Frau 	Fra 	Frau 	×¤Ö¿×¨×•×™â€ (froy) 	kvinde 	kvinna 	kona, kvinna 	kona 	kvinne, kvinnfolk 	kvinne, kvinna, kvinnfolk 	ğŒµğŒ¹ğŒ½ğ‰ (qinÅ) 	36	woman 	uma
37	man (adult male) 	ğŒ¼ğŒ°ğŒ½ğŒ½ğŒ° (manna)	 ğŒ²ğŒ¿ğŒ¼ğŒ° (guma)	Manne	 ğ…ğŒ°ğŒ¹ğ‚ (wair) 	man 	man 	man 	Mann 	man 	Mann 	Mann 	Mann 	××Ö·×Ÿâ€ (man) 	mand 	man 	maÃ°ur 	karl / karlmaÃ°ur 	mann, kar 	mann, kar, kall 	ğŒ¼ğŒ°ğŒ½ğŒ½ğŒ° (manna), ğŒ²ğŒ¿ğŒ¼ğŒ° (guma), ğ…ğŒ°ğŒ¹ğ‚ (wair) 	37	man (adult male) 	man
38	man (human being) 	ğŒ¼ğŒ°ğŒ½ğŒ½ğŒ° (manna) 		MÃ¤nner	man, body 	minske 	mens 	mens 	Minsch 	minsj 	Mensch, Minsch 	MÃ«nsch 	Mensch 	××¢× ×˜×©â€ (mentsh) 	menneske 	mÃ¤nniska 	menniskja 	maÃ°ur / manneskja 	menneske 	menneske, menneskje (human kind) 	ğŒ¼ğŒ°ğŒ½ğŒ½ğŒ° (manna) 	38	man (human being) 	sma, libisma
39	child (a youth) 	ğŒ±ğŒ°ğ‚ğŒ½ (barn) 		born	bairn 	bern 	kind 	kind 	Kind 	kÃ¨ndj 	Kenk, Kend, Kond 	Kand 	Kind 	×§×™× ×“â€ (kind) 	barn 	barn 	barn 	barn 	barn, unge 	barn, unge 	ğŒ±ğŒ°ğ‚ğŒ½ (barn) 	39	child 	pikin, pikinnengre
40	wife 	ğŒµğŒ´ğŒ½ğƒ (qÄ“ns) 		queens	guidwife 	frou, wiif 	vrouw, echtgenote 	vrou, gade, eggenoot 	Fro, Ehfro, Wief (derogatory) 	vrouw (wief) 	Frau (Wiev, Weiv) 	Fra 	Frau, Ehefrau 	×•×•×²Ö·×‘â€ (vayb), ×¤Ö¿×¨×•×™â€ (froy) 	hustru, kone, viv (archaic) 	hustru, maka, fru 	kona, vÃ­v, hÃºsfrÃº, hÃºsfrÃºgv, hÃºstrÃº 	eiginkona 	kone, hustru, viv (poetic) 	kone, kona, hustru, viv (poetic) 	ğŒµğŒ´ğŒ½ğƒ (qÄ“ns) 	40	wife 	frow
41	husband 	ğŒ°ğŒ±ğŒ° (aba) 		ğŒ°ğŒ±ğŒ° (aba) !	guidman 	man 	man, echtgenoot 	man, gade, eggenoot 	Mann, Ehmann 	man (echgenoet) 	Mann 	Mann 	Mann, Ehemann 	××Ö·×Ÿâ€ (man) 	Ã¦gtemand, mand, husbond (archaic) 	man, make 	maÃ°ur, hÃºsbÃ³ndi 	eiginmaÃ°ur 	mann, husbond (archaic) 	mann 	ğŒ°ğŒ±ğŒ° (aba) 	41	husband 	masra
42	mother 	ğŒ°ğŒ¹ğŒ¸ğŒ´ğŒ¹ (aiÃ¾ei) 	???	ğŒ°ğŒ¹ğŒ¸ğŒ´ğŒ¹ MaiÃ¾eir	mither 	mem 	moeder 	moeder 	Moder 	moder 	Mamm, (Motter, rare) 	Mamm 	Mutter 	××•×˜×¢×¨â€ (muter), ××Ö·××¢â€ (mame) 	mor,moder (archaic) 	mamma, mor, mamma, moder (archaic) 	mÃ³Ã°ir, mamma 	mÃ³Ã°ir 	mor, moder (poetic), mamma 	mor, moder (poetic), mamma 	ğŒ°ğŒ¹ğŒ¸ğŒ´ğŒ¹ (aiÃ¾ei) 	42	mother 	mama
43	father 	ğŒ°ğ„ğ„ğŒ° (atta)	 ğ†ğŒ°ğŒ³ğŒ°ğ‚ (fadar) 	fadar	faither 	heit 	vader 	vader 	Vader 	vader 	Papp, Vatter 	Papp 	Vater, daddy	×¤Ö¿×Ö¸×˜×¢×¨â€ (foter), ×˜×Ö·×˜×¢â€ (tate) 	far, fader (archaic) 	pappa, far, fader (archaic) 	faÃ°ir, pÃ¡pi, babba 	faÃ°ir 	far, fader (poetic), pappa 	far, fader (poetic), pappa 	ğŒ°ğ„ğ„ğŒ° (atta), ğ†ğŒ°ğŒ³ğŒ°ğ‚ (fadar) 	43	father 	papa
44	animal (beast) 	ğŒ³ğŒ¹ğŒ¿ğƒ (dius) 		deers	beast 	bist 	dier, beest 	dier 	Deert 	deer, bies 	Dier 	DÃ©ier 	Tier 	×—×™×”â€ (khaye) << Hai, á¸¥ayawÄn	dyr 	djur 	djÃ³r, dÃ½r 	dÃ½r 	dyr 	dyr 	ğŒ³ğŒ¹ğŒ¿ğƒ (dius) 	44	animal 	meti
45	fish 	ğ†ğŒ¹ğƒğŒºğƒ (fisks) 		fishcs	fish 	fisk 	vis 	vis 	Fisch 	vÃ¨sj 	Fesch 	FÃ«sch 	Fisch 	×¤Ö¿×™×©â€ (fish) 	fisk 	fisk 	fiskur 	fiskur 	fisk 	fisk 	ğ†ğŒ¹ğƒğŒºğƒ (fisks) 	45	fish 	fisi
46	bird (fowl) 	ğ†ğŒ¿ğŒ²ğŒ»ğƒ (fugls) 		vogels	foul 	fÃ»gel 	vogel 	voÃ«l 	Vagel 	vogel 	Vuggel, Vuul 	Vull 	Vogel 	×¤Ö¿×•×™×’×œâ€ (foygl) 	fugl 	fÃ¥gel 	fuglur 	fugl 	fugl 	fugl 	ğ†ğŒ¿ğŒ²ğŒ»ğƒ (fugls) 	46	bird 	fowru
47	dog (hound) 	ğŒ·ğŒ¿ğŒ½ğŒ³ğƒ (hunds) 		hundes	dug, hoond/hund 	hÃ»n 	hond 	hond 	Hund 	hÃ³ndj 	Honk, Hond 	Hond, Mupp 	Hund 	×”×•× ×˜â€ (hunt) 	hund 	hund 	hundur 	hundur 	hund 	hund 	ğŒ·ğŒ¿ğŒ½ğŒ³ğƒ (hunds) 	47	dog 	dagu
48	louse 	[Term?] 			loose 	lÃºs, biter 	luis 	luis 	Luus 	loes 	Luus, Lous 	Laus 	Laus 	×œ×•×™×–â€ (loyz) 	lus 	lus 	lÃºs 	lÃºs 	lus 	lus 	[Term?] 	48	louse 	loso
49	snake 	ğ…ğŒ°ğŒ¿ğ‚ğŒ¼ğƒ (waurms) 		worms	snake 	slang 	slang 	slang 	Snaak, Slang 	sjlang 	Schlang 	Schlaang 	Schlange 	×©×œ×Ö·× ×’â€ (shlang) 	slange 	orm 	slanga, ormur 	snÃ¡kur, ormur, slanga 	orm, slange 	orm, slange 	ğ…ğŒ°ğŒ¿ğ‚ğŒ¼ğƒ (waurms) 	49	snake 	sneki
50	worm 	ğŒ¼ğŒ°ğŒ¸ğŒ° (maÃ¾a) 		Made	wirm 	wjirm 	worm 	wurm 	Worm 	wÃ¶rm 	Worm, Wurm 	Wuerm 	Wurm 	×•×•×Ö¸×¨×¢×â€ (vorem) 	orm 	mask 	ormur, maÃ°kur 	maÃ°kur, ormur 	mark, orm 	makk, orm 	ğŒ¼ğŒ°ğŒ¸ğŒ° (maÃ¾a) 	50	worm 	woron
51	tree 	ğŒ±ğŒ°ğŒ²ğŒ¼ğƒ (bagms)	 ğ„ğ‚ğŒ¹ğŒ¿ (triu) 	birkm, tree	tree 	beam 	boom 	boom 	Boom 	boum 	Boom, Baum 	Bam 	Baum 	×‘×•×™×â€ (boym) 	trÃ¦ 	trÃ¤d 	trÃ¦ 	trÃ© 	tre 	tre 	ğŒ±ğŒ°ğŒ²ğŒ¼ğƒ (bagms), ğ„ğ‚ğŒ¹ğŒ¿ (triu) 	51	tree 	bon
52	forest 	[Term?] 			wid 	wÃ¢ld, bosk 	woud, bos 	woud 	Woold 	bÃ³sj 	BÃ¶sch, Besch 	BÃ«sch 	Wald 	×•×•×Ö·×œ×“â€ (vald) 	skov 	skog 	skÃ³gur, skÃ³g 	skÃ³gur 	skog, skau 	skog 	[Term?] 	52	forest 	busi
53	stick (of wood) 	ğ„ğ‚ğŒ¹ğŒ¿ (triu) 		Tree ~	stick, staff 	stok 	stok 	stok 	Stock 	sjtek 	Steck, Stock 	Bengel 	Stock 	×©×˜×¢×§×Ÿâ€ (shtekn) 	kÃ¦p, pind 	pinne 	keppur, stavur, prukka, puttur 	stafur / prik 	pinne, kjepp, kvist 	pinne, kjepp, kvist 	ğ„ğ‚ğŒ¹ğŒ¿ (triu) 	53	stick 	tiki
54	fruit 	ğŒ°ğŒºğ‚ğŒ°ğŒ½ (akran) 		acron!	fruit 	fruit, frucht 	fruit, vrucht 	vrug 	Frucht, Aavt 	vrÃ¶ch 	Frooch, Frocht 	Fruucht 	Frucht, Obst 	×¤Ö¿×¨×•×›×˜â€ (frukht) 	frugt 	frukt 	frukt, Ã¡vÃ¸kstur 	Ã¡vÃ¶xtur 	frukt 	frukt 	ğŒ°ğŒºğ‚ğŒ°ğŒ½ (akran) 	54	fruit 	froktu
55	seed 	*ğƒğŒ´ğŒ¸ğƒ (*sÄ“Ã¾s)	 ğŒºğŒ°ğŒ¿ğ‚ğŒ½ (kaurn) 	Seeds / saats	seed 	sied 	zaad 	saad 	Saat 	zaod 	Some, (Same) 	Som 	Samen 	×–×•×™××¢×Ÿâ€ (zoymen) 	frÃ¸ 	frÃ¶ 	frÃ¦ 	frÃ¦ / sÃ¦Ã°i (sperm) 	frÃ¸, sÃ¦d (sperm) 	frÃ¸, sÃ¦d (sperm) 	*ğƒğŒ´ğŒ¸ğƒ (*sÄ“Ã¾s), ğŒºğŒ°ğŒ¿ğ‚ğŒ½ (kaurn) 	55	seed 	siri, koko
56	leaf 	ğŒ»ğŒ°ğŒ¿ğ†ğƒ (laufs) 		Lauf < Laub!	blade, leaf 	blÃªd, loaf 	blad 	blaar 	Blatt 	blaad 	Blatt, Blaat 	Blat 	Blatt 	×‘×œ×Ö·×˜â€ (blat) 	blad, lÃ¸v 	lÃ¶v, blad 	blaÃ°, leyv 	laufblaÃ° / lauf / blaÃ° 	blad, lÃ¸v, lauv 	blad, lauv 	ğŒ»ğŒ°ğŒ¿ğ†ğƒ (laufs) 	56	leaf 	wiwiri
57	root 	ğ…ğŒ°ğŒ¿ğ‚ğ„ğƒ (waurts) 		Wurtz(el)	ruit 	woartel 	wortel 	wortel 	Wortel 	wÃ³rtel 	Wurzel, Woozel 	Wuerzel 	Wurzel 	×•×•×Ö¸×¨×¦×œâ€ (vortsl) 	rod 	rot 	rÃ³t 	rÃ³t 	rot 	rot 	ğ…ğŒ°ğŒ¿ğ‚ğ„ğƒ (waurts) 	57	root 	rutu
58	bark (of tree) 	[Term?] 			baurk 	bast 	schors, bast 	bas 	Bork, BÃ¼nn, Rinn 	sjÃ¨l 	Schal 	Schuel 	Rinde 	×§×Ö¸×¨×¢â€ (kore) âœ“	bark 	bark, nÃ¤ver (bark of birch) 	bÃ¸rkur 	bÃ¶rkur 	bark, never (bark of birch) 	bork, never (bark of birch) 	[Term?] 	58	bark (of a tree) 	basi, buba
59	flower (bloom) 	ğŒ±ğŒ»ğ‰ğŒ¼ğŒ° (blÅma) 		Blume	flouer, bluim 	blom 	bloem 	blom 	Bloom 	blÃ³m 	Blom, Blum 	Blumm 	Blume 	×‘×œ×•×â€ (blum) 	blomst 	blomma 	blÃ³ma 	blÃ³m 	blomst 	blome, blom 	ğŒ±ğŒ»ğ‰ğŒ¼ğŒ° (blÅma) 	59	flower 	bromki
60	grass 	ğŒ·ğŒ°ğ…ğŒ¹ (hawi) 		Heu	gress, girse 	gers 	gras 	gras 	Gras 	graas 	Jras, Gras 	Gras 	Gras 	×’×¨×Ö¸×–â€ (groz) 	grÃ¦s 	grÃ¤s 	gras 	gras 	gress, gras 	gras 	ğŒ·ğŒ°ğ…ğŒ¹ (hawi) 	60	grass 	grasi
61	rope 	[Term?] 			raip, towe 	tou 	touw, koord 	tou, koord 	Reep, Seel 	touw 	Seel, SÃ¤Ã¤l, Seil 	Seel 	Seil, Strick, Schnur	×©×˜×¨×™×§â€ (shtrik), ×©× ×•×¨â€ (shnur) 	reb, tov 	rep 	reip, band, lÃ­na, tog 	reipi 	rep, tau 	reip, tog, tau 	[Term?] 	61	rope 	titei
62	skin (hide) 	[Term?] 			skin (hide) 	hÃ»d 	huid 	vel 	Huut 	vel 	Hock, Huck, Haut 	Haut 	Haut 	×”×•×™×˜â€ (hoyt) 	hud 	hud 	hÃºÃ° 	hÃºÃ° 	hud, skinn (animal skin) 	hud, skinn (animal skin) 	[Term?] 	62	skin 	buba, skin
63	meat (as in flesh) 	ğŒ¼ğŒ°ğ„ğƒ (mats) 		meats@Made	flesh 	fleis 	vlees 	vleis 	Fleesch 	vleisj 	Fleesch, FlÃ¤Ã¤sch, Fleisch 	Fleesch 	Fleisch 	×¤Ö¿×œ×™×™×©â€ (fleysh) 	kÃ¸d 	kÃ¶tt 	kjÃ¸t 	kjÃ¶t 	kjÃ¸tt 	kjÃ¸tt, kjÃ¸t 	ğŒ¼ğŒ°ğ„ğƒ (mats) 	63	meat 	meti
64	blood 	ğŒ±ğŒ»ğ‰ğŒ¸ (blÅÃ¾) 		Blut	bluid 	bloed 	bloed 	bloed 	Bloot 	blood 	Blot, Blut 	Blutt 	Blut 	×‘×œ×•×˜â€ (blut) 	blod 	blod 	blÃ³Ã° 	blÃ³Ã° 	blod 	blod 	ğŒ±ğŒ»ğ‰ğŒ¸ (blÅÃ¾) 	64	blood 	brudu
65	bone 	[Term?] 			bane 	bonke 	been, bot 	been 	Knaken, Been 	knaok 	Knoche 	Schank 	Knochen, Bein (leg) 	×‘×™×™×Ÿâ€ (beyn) 	ben, knogle 	ben 	bein 	bein 	bein 	bein 	[Term?] 	65	bone 	bonyo
66	fat (noun) 	[Term?] 			fat 	fet 	vet 	vet 	Fett 	vet 	Fett 	Fett 	Fett 	×¤Ö¿×¢×¥â€ (fets), ×©××Ö·×œ×¥â€ (shmalts) (in food) 	fedt 	fett 	feitt, fiti 	fita 	fett 	feitt 	[Term?] 	66	fat (noun) 	fatu
67	egg 	[Term?] 			egg 	aai 	ei 	eier 	Ei 	ei 	Ei 	Ee 	Ei 	××™×™â€ (ey) 	Ã¦g 	Ã¤gg 	egg 	egg 	egg 	egg 	[Term?] 	67	egg 	eksi
68	horn 	ğŒ·ğŒ°ğŒ¿ğ‚ğŒ½ (haurn) 		Horn	horn 	hoarn 	hoorn 	horing 	Hoorn 	hore 	Hoon, Hor 	Har 	Horn 	×”×Ö¸×¨×Ÿâ€ (horn) 	horn 	horn 	horn 	horn 	horn 	horn 	ğŒ·ğŒ°ğŒ¿ğ‚ğŒ½ (haurn) 	68	horn 	tutu
69	tail 	[Term?] 			tail 	sturt 	staart 	stert 	Steert 	sjtart 	StÃ¤tz, StÃ¤Ã¤z, Schwanz 	Schwanz 	Schwanz 	×¢×§â€ (ek) << Ecke?	hale 	svans 	hali 	hali / skott / rÃ³fa / sporÃ°ur / dindill 	hale, svans 	hale 	[Term?] 	69	tail 	tere
70	feather (rather not down) 	[Term?] 			feather 	fear 	veer 	veer 	Fedder 	vaer 	Fedder, FÃ¤der 	Fieder, Plomm 	Feder 	×¤Ö¿×¢×“×¢×¨â€ (feder) 	fjer 	fjÃ¤der 	fjÃ¸Ã°ur 	fjÃ¶Ã°ur 	fjÃ¦r, fjÃ¸r 	fjÃ¸r 	[Term?] 	70	feather 	fowruwiwiri
71	hair 	[Term?] 			hair 	hier 	haar 	haar 	Hoor 	haor 	Hoor 	Hoer 	Haar 	×”×Ö¸×¨â€ (hor) 	hÃ¥r 	hÃ¥r 	hÃ¡r 	hÃ¡r 	hÃ¥r 	hÃ¥r 	[Term?] 	71	hair 	wiwiri
72	head 	ğŒ·ğŒ°ğŒ¿ğŒ±ğŒ¹ğŒ¸ (haubiÃ¾) 		Haupt Haubitz!	heid 	holle 	hoofd, kop 	kop 	Kopp, HÃ¶Ã¶ft 	huid, kop 	Kopp 	Kapp 	Kopf, Haupt 	×§×Ö¸×¤Ö¼â€ (kop) 	hoved 	huvud 	hÃ¸vd, hÃ¸vur 	hÃ¶fuÃ° / haus 	hode, hue 	hovud 	ğŒ·ğŒ°ğŒ¿ğŒ±ğŒ¹ğŒ¸ (haubiÃ¾) 	72	head 	ede
73	ear 	ğŒ°ğŒ¿ğƒğ‰ (ausÅ) 		ğŒ°ğŒ¿ğƒğ‰ (ausğ‰) *ohsear!	ear, lug 	ear 	oor 	oor 	Ohr 	oer 	Uhr 	Ouer 	Ohr 	××•×™×¢×¨â€ (oyer) 	Ã¸re 	Ã¶ra 	oyra 	eyra 	Ã¸re 	Ã¸yre, Ã¸yra 	ğŒ°ğŒ¿ğƒğ‰ (ausÅ) 	73	ear 	yesa
74	eye 	ğŒ°ğŒ¿ğŒ²ğ‰ (augÅ) 		Auge	ee 	each 	oog 	oog 	Oog 	oug 	Ooch, Auch 	A 	Auge 	××•×™×’â€ (oyg) 	Ã¸je 	Ã¶ga 	eyga 	auga 	Ã¸ye 	auga 	ğŒ°ğŒ¿ğŒ²ğ‰ (augÅ) 	74	eye 	ai
75	nose 	[Term?] 			nose, neb 	noas 	neus 	neus 	Nees 	naas 	Nas 	Nues 	Nase 	× ×Ö¸×–â€ (noz) 	nÃ¦se 	nÃ¤sa 	nÃ¸s 	nef 	nese 	nase 	[Term?] 	75	nose 	noso
76	mouth 	ğŒ¼ğŒ¿ğŒ½ğŒ¸ğƒ (munÃ¾s) 		Mundhs	mooth 	mÃ»le 	mond 	mond 	Mund 	mÃ³ndj 	Muul, Moul, SchnÃ¼ss, (Monk) 	Mond 	Mund, Maul	××•×™×œâ€ (moyl) 	mund 	mun 	munnur, muÃ°ur 	munnur 	munn 	munn 	ğŒ¼ğŒ¿ğŒ½ğŒ¸ğƒ (munÃ¾s) 	76	mouth 	mofo
77	tooth (rather not molar) 	ğ„ğŒ¿ğŒ½ğŒ¸ğŒ¿ğƒ (tunÃ¾us) 		Zahnz vs Tonge!	tuith 	tosk 	tand 	tand 	TÃ¤hn 	tandj 	Zand, Zank 	Zant 	Zahn 	×¦×Ö¸×Ÿâ€ (tson) 	tand 	tand 	tonn 	tÃ¶nn 	tann 	tann, tonn 	ğ„ğŒ¿ğŒ½ğŒ¸ğŒ¿ğƒ (tunÃ¾us) 	77	tooth 	tifi
78	tongue 	ğ„ğŒ¿ğŒ²ğŒ²ğ‰ (tuggÅ) 		ğ„onge	tongue 	tonge 	tong 	tong 	Tung 	tÃ³ng 	Zong 	Zong 	Zunge 	×¦×•× ×’â€ (tsung) 	tunge 	tunga 	tunga 	tunga 	tunge 	tunge, tunga 	ğ„ğŒ¿ğŒ²ğŒ²ğ‰ (tuggÅ) 	78	tongue (organ) 	tongo
79	fingernail 	[Term?] 			fingernail 	fingerneil, neille 	vingernagel, nagel 	nael, vingernael 	Fingernagel 	nagel 	NÃ¤Ã¤l, Naal, Nool (and Fenger-) 	Nol, (Fangernol) 	(Finger)nagel 	× ×Ö¸×’×œâ€ (nogl) 	negl 	nagel 	negl 	nÃ¶gl 	negl 	nagl 	[Term?] 	79	fingernail 	nangra
80	foot 	ğ†ğ‰ğ„ğŒ¿ğƒ (fÅtus) 		fÃ¶Ã¸t	fit 	foet 	voet 	voet 	Foot 	voot 	FoÃŸ, FuÃŸ 	Fouss 	FuÃŸ 	×¤Ö¿×•×¡â€ (fus) 	fod 	fot 	fÃ³tur 	fÃ³tur 	fot 	fot 	ğ†ğ‰ğ„ğŒ¿ğƒ (fÅtus) 	80	foot 	futu
81	leg 	[Term?] 			leg, shank 	skonk 	been 	been 	Been 	bein 	Been, BÃ¤Ã¤n, Bein 	Been 	Bein 	×¤Ö¿×•×¡â€ (fus) !!	ben, leg (shin) 	ben 	bein, leggur 	fÃ³tleggur 	bein, legg (shin) 	bein, legg (shin) 	[Term?] 	81	leg 	futu
82	knee 	ğŒºğŒ½ğŒ¹ğŒ¿ (kniu) 		knie	knee 	knibbel 	knie 	knie 	Knee 	knee 	Knee, Knie 	KnÃ©i 	Knie 	×§× ×™â€ (kni) 	knÃ¦ 	knÃ¤ 	knÃ¦ 	hnÃ© 	kne 	kne 	ğŒºğŒ½ğŒ¹ğŒ¿ (kniu) 	82	knee 	kindi
83	hand 	ğŒ·ğŒ°ğŒ½ğŒ³ğŒ¿ğƒ (handus) 		hand.us	haund 	hÃ¢n 	hand 	hand 	Hand 	handj 	Hand, Hank 	Hand 	Hand 	×”×Ö·× ×˜â€ (hant) 	hÃ¥nd 	hand 	hond 	hÃ¶nd 	hÃ¥nd, hand 	hand 	ğŒ·ğŒ°ğŒ½ğŒ³ğŒ¿ğƒ (handus) 	83	hand 	anu
84	wing 	[Term?] 			weeng 	flerk, wjuk 	vleugel 	vlerk 	FlÃ¶gel, Flunk, FlÃ¼cht 	vleugel 	FlÃ¼jjel, Flijjel 	Flillek 	FlÃ¼gel 	×¤Ö¿×œ×™×’×œâ€ (fligl) 	vinge 	vinge 	vongur 	vÃ¦ngur 	vinge 	veng, vengje 	[Term?] 	84	wing 	frei
85	belly 	ğ…ğŒ°ğŒ¼ğŒ±ğŒ° (wamba) 		womba	belly 	bÃºk 	buik 	maag 	Buuk 	boek 	Buch, Bouch 	Bauch 	Bauch 	×‘×•×™×šâ€ (boykh) 	mave 	mage 	magi, bÃºkur 	magi / kviÃ°ur / bÃºkur 	mage, buk 	mage, buk (animal belly) 	ğ…ğŒ°ğŒ¼ğŒ±ğŒ° (wamba) 	85	belly 	bere
86	guts 	[Term?] 			guts, thairms 	termen 	ingewanden, darmen 	ingewande 	Darm, GedÃ¤rm 	derm 	DÃ¤rm, Darm 	TrÃ¤ipen 	Eingeweide, GedÃ¤rme 	×’×¢×“×¢×¨×¢×â€ (gederem), ×§×™×©×§×¢â€ (kishke) ~ guts	tarm 	inÃ¤lvor 	tarmur, gÃ¸rn 	innyfli 	innvoller 	innvolar 	[Term?] 	86	guts 	bere
87	neck 	ğŒ·ğŒ°ğŒ»ğƒ (hals) 		Hals	neck, hause 	nekke 	nek (back), hals (front) 	nek 	Nack (back), Hals (front) 	nak 	Hals 	Hals 	Hals 	×”×Ö·×œ×“×–â€ (haldz) 	hals (front), nakke (back) 	hals (front), nacke (back) 	hÃ¡lsur, nakki 	hÃ¡ls 	nakke (back), hals (front) 	nakke (back), hals (front) 	ğŒ·ğŒ°ğŒ»ğƒ (hals) 	87	neck 	neki
88	back 	[Term?] 			back, rig 	rÃªch, tebek 	rug 	rug 	Back, RÃ¼ch 	rÃ¶k 	RÃ¶gge, RÃ¶ck, Reck 	RÃ©ck 	RÃ¼cken 	Platon pleÅ¥e ×¤Ö¼×œ×™×™×¦×¢â€ (pleytse), ×¨×•×§×Ÿâ€ (rukn) 	ryg 	rygg 	ryggur 	bak 	rygg, bak (rare) 	rygg, bak (rare) 	[Term?] 	88	back 	baka
89	breast 	ğŒ±ğ‚ğŒ¿ğƒğ„ğƒ (brusts) 		Brust	breest 	boarst 	borst 	bors 	Bost 	bÃ³rs 	Brost, Bross, Bosch 	Broscht 	Brust 	×‘×¨×•×¡×˜â€ (brust) 	bryst 	brÃ¶st 	brÃ³st 	brjÃ³st 	bryst 	bryst 	ğŒ±ğ‚ğŒ¿ğƒğ„ğƒ (brusts) 	89	breast 	bobi
90	heart 	ğŒ·ğŒ°ğŒ¹ğ‚ğ„ğ‰ (hairtÅ) 		Hertzğ‰	hert 	hert(e) 	hart 	hart 	Hart 	hert 	HÃ¤tz, Herz 	HÃ¤erz 	Herz 	×”×Ö·×¨×¥â€ (harts) 	hjerte 	hjÃ¤rta 	hjarta 	hjarta 	hjerte 	hjarta 	ğŒ·ğŒ°ğŒ¹ğ‚ğ„ğ‰ (hairtÅ) 	90	heart 	ati
91	liver 	[Term?] 			liver 	lever 	lever 	lewer 	Lever 	laever 	Levver, LÃ¤ver 	Liewer 	Leber 	×œ×¢×‘×¢×¨â€ (leber) 	lever 	lever 	livur 	lifur 	lever 	lever 	[Term?] 	91	liver 	lefre
92	to drink 	ğŒ³ğ‚ğŒ¹ğŒ²ğŒºğŒ°ğŒ½ (drigkan) 		dringken	drink 	drinke 	drinken 	drink 	drinken 	drinke 	drenke 	drÃ©nken 	trinken 	×˜×¨×™× ×§×¢Ö¼×Ÿâ€ (trinkeÖ¼n) 	drikke 	dricka 	drekka 	drekka 	drikke 	drikka 	ğŒ³ğ‚ğŒ¹ğŒ²ğŒºğŒ°ğŒ½ (drigkan) 	92	to drink 	dringi
93	to eat 	ğŒ¹ğ„ğŒ°ğŒ½ (itan)	 ğŒ¼ğŒ°ğ„ğŒ¾ğŒ°ğŒ½ (matjan) 	Eaten / Essen	eat 	ite 	eten 	eet 	eten 	aete 	Ã¤ÃŸe, esse 	iessen 	essen 	×¢×¡×Ÿâ€ (esn) 	spise, Ã¦de 	Ã¤ta 	eta 	borÃ°a, Ã©ta 	spise, ete 	eta, spisa 	ğŒ¹ğ„ğŒ°ğŒ½ (itan), ğŒ¼ğŒ°ğ„ğŒ¾ğŒ°ğŒ½ (matjan) 	93	to eat 	nyan
94	to bite 	ğŒ±ğŒ´ğŒ¹ğ„ğŒ°ğŒ½ (beitan) 		beitzen	bite 	bite 	bijten 	byt 	bieten 	biete 	bieÃŸe, beiÃŸe 	bÃ¤issen 	beissen 	×‘×²Ö·×¡×Ÿâ€ (baysn) 	bide 	bita 	bÃ­ta 	bÃ­ta 	bite 	bita 	ğŒ±ğŒ´ğŒ¹ğ„ğŒ°ğŒ½ (beitan) 	94	to bite 	beti
95	to suck 	[Term?] 			souk 	sÃ»chje 	zuigen 	suig 	sugen 	zÃ³kke 	nÃ¼ggele 	suckelen 	saugen 	×–×•×™×’×Ÿâ€ (zoygn) 	sutte, suge 	suga 	sÃºgva 	sjÃºga, soga 	suge 	suga 	[Term?] 	95	to suck 	soigi
96	to spit 	ğŒ²ğŒ°ğƒğ€ğŒ´ğŒ¹ğ…ğŒ°ğŒ½ (gaspeiwan) 		geâ€™speien!	spit 	spuie 	spuwen 	spoeg 	spÃ¼tten 	sjpieje 	speie, speue, spouze 	spÃ¤izen 	spucken, speien	×©×¤Ö¼×²Ö·×¢×Ÿâ€ (shpayen) 	spytte 	spotta 	spÃ½ta 	skyrpa, spÃ½ta, hrÃ¦kja 	spytte 	spytta 	ğŒ²ğŒ°ğƒğ€ğŒ´ğŒ¹ğ…ğŒ°ğŒ½ (gaspeiwan) 	96	to spit 	spiti
97	to vomit 	[Term?] 			bowk, spew 	oerjaan, kotse 	braken, overgeven 	kots, opgooi, braak 	(sik) Ã¶vergeven, (sik) breken 	gÃ¶bbele (sjpieje, euvergaeve) 	kotze 	katzen 	erbrechen 	×‘×¨×¢×›×Ÿâ€ (brekhn), ××•×™×¡×‘×¨×¢×›×Ÿâ€ (oysbrekhn) 	kaste op 	spy, krÃ¤kas 	spÃ½ggja 	kasta upp, Ã¦la 	spy, kaste opp 	spy, kasta opp 	[Term?] 	97	to vomit 	fomeri
98	to blow (as wind) 	*ğŒ±ğŒ»ğŒ´ğƒğŒ°ğŒ½ (*blÄ“san) 		blasen	blaw 	blaze 	blazen 	waai, blaas 	blasen, puusten, pÃ¼Ã¼stern, weihen 	blaoze 	blose 	blosen 	blasen 	×‘×œ×Ö¸×–×Ÿâ€ (blozn) 	blÃ¦se 	blÃ¥sa 	blÃ¡sa 	blÃ¡sa 	blÃ¥se 	blÃ¥sa 	*ğŒ±ğŒ»ğŒ´ğƒğŒ°ğŒ½ (*blÄ“san) 	98	to blow 	wai, bro
99	to breathe 	[Term?] 			braithe 	asemje, sykhelje 	ademen 	asemhaal 	aten 	aome 	Ã¶deme, Ã¤deme 	otmen 	atmen 	×Ö¸×˜×¢××¢×Ÿâ€ (otemen) 	Ã¥nde 	andas 	anda 	anda 	puste, Ã¥nde 	anda, pusta 	[Term?] 	99	to breathe 	bro
100	to laugh 	ğŒ·ğŒ»ğŒ°ğŒ·ğŒ¾ğŒ°ğŒ½ (hlahjan) 		hlachen	lauch 	laitsje 	lachen 	lag 	lachen 	lache 	laache 	laachen 	lachen 	×œ×Ö·×›×Ÿâ€ (lakhn) 	le, grine 	skratta 	lÃ¦a, grÃ­na, flenna 	hlÃ¦ja 	le 	le 	ğŒ·ğŒ»ğŒ°ğŒ·ğŒ¾ğŒ°ğŒ½ (hlahjan) 	100	to laugh 	lafu
101	to see 	ğƒğŒ°ğŒ¹ğˆğŒ°ğŒ½ (saiÆ•an) 		seehen	see 	sjen 	zien 	sien 	sehn 	zeen 	sehn, siehn, sinn 	gesinn, kucken 	sehen 	×–×¢×Ÿâ€ (zen) 	se 	se 	sÃ­ggja 	sjÃ¡ 	se 	sjÃ¥ 	ğƒğŒ°ğŒ¹ğˆğŒ°ğŒ½ (saiÆ•an) 	101	to see 	si
102	to hear 	ğŒ·ğŒ°ğŒ¿ğƒğŒ¾ğŒ°ğŒ½ (hausjan) 		< ğŒ°ğŒ¿ğƒğ‰ (ausÅ) !	hear 	hearre 	horen 	hoor 	hÃ¶ren 	hure 	hÃ¼re, hiere 	hÃ©ieren 	hÃ¶ren 	×”×¢×¨×Ÿâ€ (hern) 	hÃ¸re 	hÃ¶ra 	hoyra 	heyra 	hÃ¸re 	hÃ¸yra 	ğŒ·ğŒ°ğŒ¿ğƒğŒ¾ğŒ°ğŒ½ (hausjan) 	102	to hear 	yere
103	to know 	ğ…ğŒ¹ğ„ğŒ°ğŒ½ (witan) 		witzen	knaw, ken, wat 	witte 	weten 	weet 	weten 	weite 	wesse; kenne 	wÃ«ssen; kennen 	wissen; kennen 	×•×•×™×¡×Ÿâ€ (visn); ×§×¢× ×¢×Ÿâ€ (kenen) 	vide 	veta 	vita 	vita, Ã¾ekkja, kunna 	vite 	veta 	ğ…ğŒ¹ğ„ğŒ°ğŒ½ (witan) 	103	to know 	sabi
104	to think 	ğŒ¸ğŒ°ğŒ²ğŒºğŒ¾ğŒ°ğŒ½ (Ã¾agkjan) 		dengken  ğŒ²ğŒºğŒ¾	think 	tinke 	denken 	dink 	denken 	dinke 	denke 	denken 	denken, trachten!	×˜×¨×Ö·×›×˜×Ÿâ€ (trakhtn); ×“×¢× ×§×¢×Ÿâ€ (denken) 	tÃ¦nke 	tÃ¤nka 	hugsa 	hugsa 	tenke 	tenkja 	ğŒ¸ğŒ°ğŒ²ğŒºğŒ¾ğŒ°ğŒ½ (Ã¾agkjan) 	104	to think 	denki, prakseri
105	to smell (sense odor) 	[Term?] 			smell 	rÃ»ke 	ruiken 	ruik 	rÃ¼ken 	roeke 	ruche, reeche, rieche 	richen 	riechen 	schmecken ~ ×©××¢×§×Ÿâ€ (shmekn) 	lugte 	lukta 	lukta 	lykta, Ã¾efa 	lukte 	lukta 	[Term?] 	105	to smell 	smeri
106	to fear 	ğ†ğŒ°ğŒ¿ğ‚ğŒ·ğ„ğŒ¾ğŒ°ğŒ½ (faurhtjan) 		fÃ¼archtjen	fear 	bang wÃªze 	vrezen 	vrees 	frÃ¼chten 	vreize 	bang sinn 	fÃ¤erten 	fÃ¼rchten 	myrrh/mvr ××•×¨× ×”×Ö¸×‘×Ÿâ€ (moyre hobn) 	frygte, vÃ¦re bange for 	frukta, rÃ¤das 	rÃ¦Ã°ast 	Ã³ttast, hrÃ¦Ã°ast 	frykte, vÃ¦re redd for 	ottast, vera redd for 	ğ†ğŒ°ğŒ¿ğ‚ğŒ·ğ„ğŒ¾ğŒ°ğŒ½ (faurhtjan) 	106	to fear 	frede
107	to sleep 	ğƒğŒ»ğŒ´ğ€ğŒ°ğŒ½ (slÄ“pan) 		sleepen	sleep 	sliepe 	slapen 	slaap 	slapen 	sjlape 	schlofe 	schlofen 	schlafen 	×©×œ×Ö¸×¤Ö¿×Ÿâ€ (shlofn) 	sove 	sova 	sova 	sofa 	sove 	sova 	ğƒğŒ»ğŒ´ğ€ğŒ°ğŒ½ (slÄ“pan) 	107	to sleep 	sribi
108	to live 	ğŒ»ğŒ¹ğŒ±ğŒ°ğŒ½ (liban) 		leiben	leeve 	libje 	leven 	lewe 	leven 	laeve 	levve, lÃ¤ve 	liewen 	leben 	×œ×¢×‘×Ÿâ€ (lebn) 	leve 	leva 	liva 	lifa 	leve 	leva 	ğŒ»ğŒ¹ğŒ±ğŒ°ğŒ½ (liban) 	108	to live 	libi
109	to die 	*ğŒ³ğŒ°ğŒ¿ğŒ¸ğŒ½ğŒ°ğŒ½ (*dauÃ¾nan) 		dtot.nen	dee 	stjerre, deagean 	sterven 	sterf, doodgaan 	starven, dootblieven 	sjterve 	sterve 	stierwen 	sterben 	×©×˜×Ö·×¨×‘×Ÿâ€ (shtarbn) 	dÃ¸ 	dÃ¶ 	doyggja 	deyja 	dÃ¸ 	dÃ¸y 	*ğŒ³ğŒ°ğŒ¿ğŒ¸ğŒ½ğŒ°ğŒ½ (*dauÃ¾nan) 	109	to die 	dede
110	to kill 	ğŒ³ğŒ°ğŒ¿ğŒ¸ğŒ¾ğŒ°ğŒ½ (dauÃ¾jan) 		dtÃ¶tjen	kill, fell 	deadzje, deadwaan, 	doden 	doodmaak 	dootslaan, dootmaken 	vermaorde 	dut maache, Ã¶mbrenge 	dout maachen 	tÃ¶ten, umbringen 	×˜×™×™×˜×Ÿâ€ (teytn), ××•××‘×¨×¢× ×’×¢×Ÿâ€ (umbrengen) 	drÃ¦be 	dÃ¶da 	drepa 	drepa 	drepe 	drepa 	ğŒ³ğŒ°ğŒ¿ğŒ¸ğŒ¾ğŒ°ğŒ½ (dauÃ¾jan) 	110	to kill 	kiri
111	to fight (physically) 	[Term?] 			fecht 	fjochtsje 	vechten 	veg 	fechten 	vlÃ¶chte 	kÃ¤mpfe 	streiden 	kÃ¤mpfen 	×§×¢××¤Ö¿×Ÿâ€ (kemfn) 	slÃ¥s, kÃ¦mpe 	strida 	strÃ­Ã°a 	slÃ¡st, berjast 	slÃ¥ss 	slÃ¥st 	[Term?] 	111	to fight 	feti, strei
112	to hunt (transitive) 	[Term?] 			hunt 	jeie 	jagen 	jag 	jagen 	jaoge 	jage, jaan 	joen 	jagen 	×™×Ö¸×’×Ÿâ€ (yogn) 	jage 	jaga 	jaga, veiÃ°a 	veiÃ°a 	jakte, jage 	jakta, jaga, veida 	[Term?] 	112	to hunt 	onti
113	to hit 	ğƒğŒ»ğŒ°ğŒ·ğŒ°ğŒ½ (slahan) 		slayen y~g	hit 	slaan, reitsje 	slaan, raken 	slaan, tref 	slaan 	sjlaon 	schlon 	schloen 	schlagen 	×©×œ×Ö¸×’×Ÿâ€ (shlogn) 	slÃ¥ 	slÃ¥ 	slÃ¡a 	slÃ¡, berja 	slÃ¥ 	slÃ¥ 	ğƒğŒ»ğŒ°ğŒ·ğŒ°ğŒ½ (slahan) 	113	to hit 	iti
114	to cut 	ğƒğŒ½ğŒ´ğŒ¹ğŒ¸ğŒ°ğŒ½ (sneiÃ¾an) 		Å¡neiden	cut, sned 	snije 	knippen, snijden 	knip, sny 	snieden 	sjnieje 	schnegge, schnigge, schneide 	schneiden 	schneiden 	×©× ×²Ö·×“×Ÿâ€ (shnaydn) 	skÃ¦re 	skÃ¤ra 	skera 	skera 	skjÃ¦re, kutte 	skjera 	ğƒğŒ½ğŒ´ğŒ¹ğŒ¸ğŒ°ğŒ½ (sneiÃ¾an) 	114	to cut 	koti
115	to split 	[Term?] 			spleet, speld 	splite 	splijten 	kloof 	splieten, klÃ¶ven 	sjpliete 	deele, dÃ¤Ã¤le, deile 	deelen 	teilen, spalten 	×˜×™×™×œ×Ÿâ€ (teyln), ×©×¤Ö¼×Ö·×œ×˜×Ÿâ€ (shpaltn) 	dele, skille, splitte, klÃ¸ve 	dela, klyva 	klÃºgva 	kljÃºfa, skipta 	dele, klÃ¸yve, skille 	klÃ¸yva, skilja, dela 	[Term?] 	115	to split 	priti
116	to stab (or stick) 	[Term?] 			stob, stick 	stekke 	steken 	steek 	steken 	doorbaore 	stÃ¤Ã¤che, steche 	stiechen 	stechen 	×©×˜×¢×›×Ÿâ€ (shtekhn) 	stikke 	sticka 	stinga 	stinga 	stikke 	stikka, stinga 	[Term?] 	116	to stab 	dyuku
117	to scratch (an itch) 	[Term?] 			scart, scrab 	skraabje 	krabben 	krap 	kleien 	kretsje 	jÃ¶cke, kratze 	krazen 	kratzen 	×§×¨×Ö·×¦×Ÿâ€ (kratsn) 	kradse 	klia 	klÃ³ra 	klÃ³ra 	klÃ¸, klore (inflict pain) 	kleia, klÃ¥, klora (inflict pain) 	[Term?] 	117	to scratch 	krabu, krasi
118	to dig 	ğŒ²ğ‚ğŒ°ğŒ±ğŒ°ğŒ½ (graban) 		graben	dig, del, howk 	grave 	graven 	grawe 	graven, buddeln 	grave 	jrave, grave, buddele 	buddelen 	graben 	×’×¨×Ö¸×‘×Ÿâ€ (grobn) 	grave 	grÃ¤va 	grava 	grafa 	grave 	grava 	ğŒ²ğ‚ğŒ°ğŒ±ğŒ°ğŒ½ (graban) 	118	to dig 	diki
119	to swim 	[Term?] 			soum 	swimme 	zwemmen 	swem 	swemmen 	zjwumme 	schwemme, schwomme 	schwammen 	schwimmen 	×©×•×•×™××¢×Ÿâ€ (shvimen) 	svÃ¸mme 	simma 	svimja 	synda 	svÃ¸mme 	symja 	[Term?] 	119	to swim 	swen
120	to fly 	[Term?] 			flee 	fleane 	vliegen 	vlieg 	flegen 	vlege 	fleeje, flieje 	flÃ©ien 	fliegen 	×¤Ö¿×œ×™Ö´×¢×Ÿâ€ (flien) 	flyve 	flyga 	flÃºgva, fljÃºgva, fljÃºga 	fljÃºga 	fly 	fly, flyga 	[Term?] 	120	to fly 	frei
121	to walk 	ğŒ²ğŒ°ğŒ²ğŒ²ğŒ°ğŒ½ (gaggan) (approx.) 		gÃ¤ngen gehgen	walk 	rinne, kuierje 	lopen, stappen 	loop, stap, wandel 	gahn, lopen, wanneln, wannern 	loupe 	jonn, john, gohn, giehn 	goen 	gehen 	×’×™×™×Ÿâ€ (geyn) 	gÃ¥ 	gÃ¥ 	ganga 	ganga 	gÃ¥ 	gÃ¥, ganga (poetic/archaic) 	ğŒ²ğŒ°ğŒ²ğŒ²ğŒ°ğŒ½ (gaggan) (approx.) 	121	to walk 	waka
122	to come 	ğŒµğŒ¹ğŒ¼ğŒ°ğŒ½ (qiman) 		cÃ¸men	come 	komme 	komen 	kom 	kamen 	kÃ³mme 	komme, kumme, kunn 	kommen 	kommen 	×§×•××¢×Ÿâ€ (kumen) 	komme 	komma 	koma 	koma 	komme 	koma 	ğŒµğŒ¹ğŒ¼ğŒ°ğŒ½ (qiman) 	122	to come 	kon
123	to lie (as on one's side) 	ğŒ»ğŒ¹ğŒ²ğŒ°ğŒ½ (ligan) 		liegen	lig 	lizze 	liggen 	lÃª 	liggen (passive), leggen (active) 	ligke 	lijje, leie 	leien 	liegen (passive), legen (active) 	×œ×™×’×Ÿâ€ (lign) 	lÃ¦gge sig (action), ligge (state) 	ligga 	liggja (state), leggja seg (action) 	liggja 	ligge 	liggja 	ğŒ»ğŒ¹ğŒ²ğŒ°ğŒ½ (ligan) 	123	to lie (as in a bed) 	didon
124	to sit 	ğƒğŒ¹ğ„ğŒ°ğŒ½ (sitan) 		sitzen	sit 	sitte 	zitten 	sit 	sitten 	zitte 	setze 	sÃ«tzen 	sitzen 	×–×™×¦×Ÿâ€ (zitsn) 	sidde 	sitta 	sita 	sitja 	sitte 	sitja 	ğƒğŒ¹ğ„ğŒ°ğŒ½ (sitan) 	124	to sit 	sidon
125	to stand 	ğƒğ„ğŒ°ğŒ½ğŒ³ğŒ°ğŒ½ (standan) 		standen	staund 	stean 	staan 	staan, opstaan (action) 	stahn 	sjtaon 	stonn, stohn, stiehn 	stoen 	stehen 	×©×˜×™×™×Ÿâ€ (shteyn) 	rejse sig, stÃ¥ op (action), stÃ¥ (state) 	stÃ¥ 	standa 	standa 	stÃ¥ 	stÃ¥, standa 	ğƒğ„ğŒ°ğŒ½ğŒ³ğŒ°ğŒ½ (standan) 	125	to stand 	tnapu, knapu, snapu
126	to turn (change direction) 	ğ…ğŒ°ğŒ½ğŒ³ğŒ¾ğŒ°ğŒ½ (wandjan) 		wendjen	turn 	draaie 	draaien 	draai 	dreihen 	drejje 	driehe, drÃ¤he, drÃ¤hne 	drÃ©inen 	drehen 	×“×¨×™×™×¢×Ÿâ€ (dreyen) 	vende, dreje 	svÃ¤nga 	snÃºgva, venda, snara 	snÃºa, beygja 	snu, vende 	snu, venda 	ğ…ğŒ°ğŒ½ğŒ³ğŒ¾ğŒ°ğŒ½ (wandjan) 	126	to turn (intransitive) 	drai
127	to fall (as in drop) 	[Term?] 			faw 	falle 	vallen 	val 	fallen 	valle 	falle 	falen 	fallen 	×¤Ö¿×Ö·×œ×Ÿâ€ (faln) 	falde 	falla 	fella, detta 	detta, falla 	falle, dette 	falla, detta 	[Term?] 	127	to fall 	fadon
128	to give 	ğŒ²ğŒ¹ğŒ±ğŒ°ğŒ½ (giban) 		gÃ©ben	gie 	jaan 	geven 	gee 	geven 	gaeve 	jevve, gÃ¤ve, genn 	ginn 	geben 	×’×¢×‘×Ÿâ€ (gebn) 	give 	ge 	geva 	gefa 	gi 	gje, gjeva 	ğŒ²ğŒ¹ğŒ±ğŒ°ğŒ½ (giban) 	128	to give 	gi
129	to hold (in one's hand) 	ğŒ·ğŒ°ğŒ»ğŒ³ğŒ°ğŒ½ (haldan) 		haldten	haud 	hÃ¢lde 	houden 	hou 	holen 	hawte 	hale, halde 	halen 	halten 	×”×Ö·×œ×˜×Ÿâ€ (haltn) 	holde 	hÃ¥lla 	halda 	halda 	holde 	halda 	ğŒ·ğŒ°ğŒ»ğŒ³ğŒ°ğŒ½ (haldan) 	129	to hold 	ori
130	to squeeze 	[Term?] 			nip, knidge , chirt 	knipe 	knijpen 	druk 	quettern, drÃ¼cken, drÃ¼Ã¼schen 	pitse 	quetsche, petsche 	drÃ©cken 	quetschen 	×§×•×•×¢×˜×©×Ÿâ€ (kvetshn) 	klemme, presse 	klÃ¤mma 	kroysta 	kreista 	klemme, presse, trykke 	klemma, trykkja 	[Term?] 	130	to squeeze 	kwinsi
131	to rub 	[Term?] 			rub, chaff 	rosse 	wrijven 	vryf 	wrieven, rieven, wribbeln 	vrieve 	rieve, reive 	reiwen 	reiben 	×¨×²Ö·×‘×Ÿâ€ (raybn) 	gnide 	gnida, gnugga 	gnÃ­ggja 	nudda, nÃºa 	gni, gnu 	gnida, gni, gnu 	[Term?] 	131	to rub 	lobi, wrifi
132	to wash 	[Term?] 			wash 	waskje 	wassen 	was 	waschen 	wesje 	wÃ¤sche 	wÃ¤schen 	waschen 	×•×•×Ö·×©×Ÿâ€ (vashn) 	vaske 	tvÃ¤tta 	vaska, tvÃ¡a 	Ã¾vo 	vaske 	vaska, tvÃ¥ 	[Term?] 	132	to wash 	wasi, spuru
133	to wipe 	[Term?] 			wipe, dicht 	feie 	vegen 	vee 	wischen 	vaege 	wesche 	wÃ«schen 	wischen 	×•×•×™×©×Ÿâ€ (vishn) 	tÃ¸rre, viske 	rensa 	turka 	Ã¾urrka 	tÃ¸rke 	tÃ¸rka, turka 	[Term?] 	133	to wipe 	wrifi
134	to pull (drag) 	ğ„ğŒ¹ğŒ¿ğŒ·ğŒ°ğŒ½ (tiuhan) 		tziehen	pull, pou 	lÃ»ke 	trekken 	trek 	trecken, tehn 	trÃ¨kke 	trecke, zehje, ziehe 	zÃ©ien 	ziehen 	×¦×™Ö´×¢×Ÿâ€ (tsien) 	trÃ¦kke 	dra 	toga 	toga, draga 	dra, trekke 	dra, draga 	ğ„ğŒ¹ğŒ¿ğŒ·ğŒ°ğŒ½ (tiuhan) 	134	to pull 	hari
135	to push 	[Term?] 			pouss 	triuwe 	duwen 	stoot 	drÃ¼cken 	duje 	deue, drÃ¶cke, drecke 	drÃ©cken 	drÃ¼cken, stupsen	×©×˜×•×¤Ö¼×Ÿâ€ (shtupn) 	skubbe, trykke 	trycka 	skumpa 	Ã½ta 	dytte, skyve 	dytta, skuva, skumpa 	[Term?] 	135	to push 	pusu
136	to throw 	ğ…ğŒ°ğŒ¹ğ‚ğ€ğŒ°ğŒ½ (wairpan) 		werphen	thraw, cast 	goaie 	werpen, gooien 	gooi 	smieten 	werpe, goeje 	schmieÃŸe, werpe, werfe 	schÃ©issen 	werfen 	×•×•×Ö·×¨×¤Ö¿×Ÿâ€ (varfn) 	kaste 	kasta 	kasta, blaka, tveita 	kasta, henda 	kaste, slenge, hive 	kasta, slengja, hiva 	ğ…ğŒ°ğŒ¹ğ‚ğ€ğŒ°ğŒ½ (wairpan) 	136	to throw 	bonk, iti
137	to tie (bind) 	ğŒ±ğŒ¹ğŒ½ğŒ³ğŒ°ğŒ½ (bindan) 		binden	tie, bind 	bine 	vastmaken, binden 	bind, knoop 	binnen 	aantrÃ¨kke 	benge, binge, benne, bonne 	bannen 	binden 	×‘×™× ×“×Ÿâ€ (bindn) 	binde 	knyta, binda 	binda, knÃ½ta 	binda 	binde, knyte 	binda, knyta 	ğŒ±ğŒ¹ğŒ½ğŒ³ğŒ°ğŒ½ (bindan) 	137	to tie 	tai
138	to sew 	[Term?] 			shew 	naaie 	naaien 	naai 	neihen 	nejje 	niehe, nÃ¤he 	bitzen 	nÃ¤hen 	× ×™×™×¢×Ÿâ€ (neyen) 	sy 	sy 	seyma 	sauma 	sy 	sy, sauma 	[Term?] 	138	to sew 	nai
139	to count 	[Term?] 			coont 	telle 	tellen 	tel 	tellen 	tÃ¨lle 	zÃ¤lle, zÃ¤hle 	zielen 	zÃ¤hlen 	×¦×™×™×œ×Ÿâ€ (tseyln) 	tÃ¦lle 	rÃ¤kna 	telja 	telja 	telle 	telja 	[Term?] 	139	to count 	teri
140	to say 	ğŒµğŒ¹ğŒ¸ğŒ°ğŒ½ (qiÃ¾an) 		quothen quatschen	say 	sizze 	zeggen 	sÃª 	seggen 	zÃ¨gke 	sage, san 	soen 	sagen 	×–×Ö¸×’×Ÿâ€ (zogn) 	sige 	sÃ¤ga 	siga 	segja 	si 	seia 	ğŒµğŒ¹ğŒ¸ğŒ°ğŒ½ (qiÃ¾an) 	140	to say 	taki
141	to sing 	ğƒğŒ¹ğŒ²ğŒ²ğ…ğŒ°ğŒ½ (siggwan) 		singven	sing 	sjonge 	zingen 	sing 	singen 	zinge 	senge, songe 	sangen 	singen 	×–×™× ×’×¢×Ÿâ€ (zingen) 	synge 	sjunga 	syngja 	syngja 	synge 	syngja 	ğƒğŒ¹ğŒ²ğŒ²ğ…ğŒ°ğŒ½ (siggwan) 	141	to sing 	singi
142	to play 	[Term?] 			play 	spylje, boartsje 	spelen 	speel 	spelen 	sjpaele 	spille 	spillen 	spielen 	×©×¤Ö¼×™×œ×Ÿâ€ (shpiln) 	lege, spille 	leka 	spÃ¦la, leika 	leika 	leke, leike 	leika 	[Term?] 	142	to play 	prei
143	to float 	[Term?] 			fleet, flotter 	driuwe 	drijven (water), zweven (air) 	dryf (water), sweef (air) 	sweven (air), swemmen (water), glieden (surface of something) 	zjwaeve 	schwevve (air), schwemme (water) 	schwiewen (air), schwammen (water) 	schweben (air), schwimmen (water), gleiten (surface of something) 	×©×•×•×¢×‘×Ÿâ€ (shvebn) 	flyde 	flyta 	flÃ³ta 	fljÃ³ta 	flyte 	flyta 	[Term?] 	143	to float 	dribi
144	to flow 	[Term?] 			flowe 	floeie 	vloeien 	vloei 	fleten, strÃ¶men 	vleuje 	fleeÃŸe, flieÃŸe 	flÃ©issen 	flieÃŸen 	×¤Ö¿×œ×™×¡×Ÿ (flisn), ×©×˜×¨×Ö¸××¢×Ÿ (shtromen), ×œ×•×™×¤Ö¿×Ÿ (loyfn) 	strÃ¸mme 	rinna 	streyma, floyma 	streyma, renna 	flomme, renne, strÃ¸mme, flyte 	flÃ¸yma, renna, strÃ¸yma, flyta 	[Term?] 	144	to flow 	lon
145	to freeze 	[Term?] 			freeze 	frieze 	vriezen 	vries 	freren, fresen 	vrere 	friere 	frÃ©ieren 	frieren 	×¤Ö¿×¨×™×¨×Ÿ (frirn) 	fryse 	frysa 	frysta 	frjÃ³sa 	fryse 	frysa 	[Term?] 	145	to freeze 	
146	to swell 	[Term?] 			swall 	swolgje 	zwellen 	swel 	swellen 	zjwelle 	schwelle 	schwÃ«llen 	schwellen 	×’×¢×©×•×•×Ö¸×œ×Ÿ ×•×•×¢×¨×Ÿ (geshvoln vern) 	svulme 	svÃ¤lla 	bÃ³lgna, hovna, trÃºtna 	Ã¾rÃºtna, bÃ³lgna, Ã³lga 	hovne, svulme, svelle 	hovna, svella, trutna 	[Term?] 	146	to swell 	sweri
147	sun 	ğƒğŒ°ğŒ¿ğŒ¹ğŒ» (sauil) 		soilar	sun 	sinne 	zon 	son 	SÃ¼nn 	zon 	Sonn 	Sonn 	Sonne 	×–×•×Ÿ (zun) 	sol 	sol 	sÃ³l 	sÃ³l 	sol 	sol 	ğƒğŒ°ğŒ¿ğŒ¹ğŒ» (sauil) 	147	sun 	son
148	moon 	ğŒ¼ğŒ´ğŒ½ğŒ° (mÄ“na) 		mÃ¸na	muin 	moanne 	maan 	maan 	Maan 	maon 	Mond 	Mound 	Mond 	×œ×‘Ö¿× ×” (levone)  <> white levant luna!	mÃ¥ne 	mÃ¥ne 	mÃ¡ni, tungl 	tungl, mÃ¡ni 	mÃ¥ne 	mÃ¥ne 	ğŒ¼ğŒ´ğŒ½ğŒ° (mÄ“na) 	148	moon 	mun
149	star 	ğƒğ„ğŒ°ğŒ¹ğ‚ğŒ½ğ‰ (stairnÅ) 		sterno	starn 	stjer 	ster 	ster 	Steern 	sjter 	StÃ¤Ã¤n, StÃ¤r 	StÃ¤r 	Stern 	×©×˜×¢×¨×Ÿ (shtern) 	stjerne 	stjÃ¤rna 	stjÃ¸rna 	stjarna 	stjerne 	stjerne, stjerna 	ğƒğ„ğŒ°ğŒ¹ğ‚ğŒ½ğ‰ (stairnÅ) 	149	star 	stari
150	water 	ğ…ğŒ°ğ„ğ‰ (watÅ) 		watğ‰	watter 	wetter 	water 	water 	Water 	water 	WaÃŸer, Wasser 	Waasser 	Wasser 	×•×•×Ö·×¡×¢×¨ (vaser) 	vand 	vatten 	vatn 	vatn 	vann 	vatn 	ğ…ğŒ°ğ„ğ‰ (watÅ) 	150	water 	watra
151	rain 	ğ‚ğŒ¹ğŒ²ğŒ½ (rign) 		rÃ©gn	rain 	rein 	regen 	reÃ«n 	Regen 	rege 	RÃ¤Ã¤n 	Reen 	Regen 	×¨×¢×’×Ÿ (regn) 	regne 	regn 	regna 	rigning, regn 	regne 	regna 	ğ‚ğŒ¹ğŒ²ğŒ½ (rign) 	151	rain 	alen
152	river 	ğŒ°ğˆğŒ° (aÆ•a) 		AÆ•a < aqua > Aue	river 	rivier 	rivier 	rivier 	Stroom 	reveer 	Floss 	Floss 	FluÃŸ 	×˜×²Ö·×š (taykh) Teich !	flod 	flod, Ã¤lv 	Ã¡, lÃ¸kur, Ã¡arlÃ¸kur 	Ã¡, fljÃ³t 	elv 	elv, Ã¥ (small) 	ğŒ°ğˆğŒ° (aÆ•a) 	152	river 	liba
153	lake 	ğƒğŒ°ğŒ¹ğ…ğƒ (saiws) 		Seevs	loch 	mar 	meer 	meer 	Meer, See 	maer 	See 	SÃ©i 	See 	×Ö¸×–×¢×¨×¢ (ozere)  OCEAÂ®	sÃ¸ 	sjÃ¶ 	vatn, tjÃ¸rn 	vatn, stÃ¶Ã°uvatn 	innsjÃ¸, vann, tjern 	innsjÃ¸, vatn, tjÃ¸rn, tjern 	ğƒğŒ°ğŒ¹ğ…ğƒ (saiws) 	153	lake 	se
154	sea (as in ocean) 	ğŒ¼ğŒ°ğ‚ğŒ´ğŒ¹ (marei) 		Marei	sea 	see 	zee 	see 	See 	zie 	Meer, Mier 	Mier 	Meer 	×™× (yam)  <<< ğŠğ IaMar	hav 	hav 	sjÃ³gvur, hav 	sjÃ³r 	hav, sjÃ¸ 	hav, sjÃ¸ 	ğŒ¼ğŒ°ğ‚ğŒ´ğŒ¹ (marei) 	154	sea 	se
155	salt 	ğƒğŒ°ğŒ»ğ„ (salt) 		salt	saut 	sÃ¢lt 	zout 	sout 	Solt 	zawt 	Salz 	Salz 	Salz 	×–×Ö·×œ×¥ (zalts) 	salt 	salt 	salt 	salt 	salt 	salt 	ğƒğŒ°ğŒ»ğ„ (salt) 	155	salt 	sowtu
156	stone 	ğƒğ„ğŒ°ğŒ¹ğŒ½ğƒ (stains) 		steins	stane 	stien 	steen 	klip 	Steen 	sjtein 	Steen, StÃ¤Ã¤n, Stein 	Steen 	Stein 	×©×˜×™×™×Ÿ (shteyn) 	sten 	sten 	steinur 	steinn 	stein, sten 	stein 	ğƒğ„ğŒ°ğŒ¹ğŒ½ğƒ (stains) 	156	stone 	ston
157	sand 	[Term?] 			saund 	sÃ¢n 	zand 	sand 	Sand 	zandj 	Sand, Sank 	Sand 	Sand 	×–×Ö·××“ (zamd) !	sand 	sand 	sandur 	sandur 	sand 	sand 	[Term?] 	157	sand 	santi
158	dust 	[Term?] 			stour 	stof 	stof 	stof 	Mulm, Dust, Stoff 	sjtub 	StÃ¶bb, Stoff 	StÃ«bs 	Staub 	×©×˜×•×™×‘ (shtoyb) 	stÃ¸v 	damm 	dust, stÃ¸v 	ryk 	stÃ¸v, bÃ¸ss 	bos, stÃ¸v, dust 	[Term?] 	158	dust 	stof
159	earth (as in soil) 	[Term?] 			yird 	ierde, 	aarde 	grond 	Eerd, Bodden, Borrn 	eerd 	Ã„Ã¤d, Erd 	Buedem 	Erde, Boden 	×¢×¨×“ (erd) 	jord 	jord 	mold, jÃ¸rÃ° 	jÃ¶rÃ° 	jord 	jord 	[Term?] 	159	earth 	gron
160	cloud 	ğŒ¼ğŒ¹ğŒ»ğŒ·ğŒ¼ğŒ° (milhma)  M-G-M-L 	cumulus  koumoul  à¦®à§‡à¦˜ megh ØºÙÙŠÙ’Ù…ÙØ©â€ f (á¸¡ayma á‹°áˆ˜áŠ“ (dÃ¤mÃ¤na Ñ…Ğ¼Ğ°ÌÑ€Ğ° f (xmÃ¡ra Ø¬Ù…Ø¨Ø±â€ (jambar) Õ¡Õ´Õº (hy) (amp)	Mwolkme <<	clood/clud 	wolk 	wolk 	wolk 	Wulk 	wolk 	Wollek 	Wollek 	Wolke 	×•×•×Ö¸×œ×§×Ÿ (volkn) 	sky 	moln 	skÃ½ggj 	skÃ½ 	sky 	sky 	ğŒ¼ğŒ¹ğŒ»ğŒ·ğŒ¼ğŒ° (milhma) 	160	cloud 	wolku
161	fog 	[Term?] 			mist, haar 	dize 	mist, nevel 	mis 	Mist, Nevel, Daak 	naevel 	Nevvel, NÃ¤vel 	Niwwel 	Nebel 	× ×¢×¤Ö¼×œ (nepl) 	tÃ¥ge 	dimma 	mjÃ¸rki, toka 	Ã¾oka 	tÃ¥ke 	tÃ¥ke, skodde 	[Term?] 	161	fog 	dampu
162	sky 	ğŒ·ğŒ¹ğŒ¼ğŒ¹ğŒ½ğƒ (himins) 		Himmelns	lift 	loft 	hemel, lucht 	lug 	Heven, Himmel, Lucht 	hiemel, loch 	Himmel 	Himmel 	Himmel 	×”×™××œ (himl) 	himmel 	himmel 	himmal, himin 	himinn 	himmel 	himmel 	ğŒ·ğŒ¹ğŒ¼ğŒ¹ğŒ½ğƒ (himins) 	162	sky 	loktu
163	wind (as in breeze) 	ğ…ğŒ¹ğŒ½ğŒ³ğƒ (winds) 		winds	wind 	wyn 	wind 	wind, briesie 	Wind 	wÃ¨ndj 	Wend, Wond, Wenk, Wink 	Wand, Loft 	Wind 	×•×•×™× ×˜ (vint) 	vind 	vind 	vindur 	vindur 	vind 	vind 	ğ…ğŒ¹ğŒ½ğŒ³ğƒ (winds) 	163	wind 	winti
164	snow 	ğƒğŒ½ğŒ°ğŒ¹ğ…ğƒ (snai(g)ws) <> schlacke 	 ×©Ö¶××œÖ¶×’ â€ Å¡Ã©leá¸¡  ğ’Š­ğ’†·ğ’„– < ×ª×œ×’â€	< talag > ğ‚ğğ˜ glá¹¯ gelato	snaw 	snie 	sneeuw 	sneeu 	Snee 	sjnie 	Schnie 	SchnÃ©i 	Schnee 	×©× ×™×™ (shney) 	sne 	snÃ¶ 	kavi, snjÃ³gvur 	snjÃ³r 	snÃ¸ 	snÃ¸ 	ğƒğŒ½ğŒ°ğŒ¹ğ…ğƒ (snaiws) 	164	snow 	snew
165	ice 	[Term?] 			ice 	iis 	ijs 	ys 	Ies 	ies 	Ies, Eis 	Ã„is 	Eis 	××²Ö·×– (ayz) 	is 	is 	Ã­sur 	Ã­s, klaki 	is 	is 	[Term?] 	165	ice 	eisi
166	smoke 	[Term?] 			reek 	reek 	rook 	rook 	Smook, Rook 	rouk 	Quallem, Rooch, Rauch 	Damp 	Rauch 	×¨×•×™×š (roykh) 	rÃ¸g 	rÃ¶k 	roykur 	reykur 	rÃ¸yk 	rÃ¸yk 	[Term?] 	166	smoke 	smoko
167	fire 	ğ†ğ‰ğŒ½ (fÅn) 		FEUAN	fire 	fjoer 	vuur 	vuur 	FÃ¼er 	vuur 	FÃ¼Ã¼r, Feier 	Feier 	Feuer 	×¤Ö¿×²Ö·×¢×¨ (fayer) 	ild 	eld 	eldur 	eldur 	ild 	eld 	ğ†ğ‰ğŒ½ (fÅn) 	167	fire 	faya
168	ash 	ğŒ°ğŒ¶ğŒ²ğ‰ (azgÅ) 		ağŒ¶ğŒ²ğ‰ ~ ashğ‰	ess 	jiske 	as 	as 	Asch 	asj 	Ã„sch 	Ã„schen 	Asche 	×Ö·×© (ash) 	aske 	aska 	Ã¸ska 	aska 	aske 	oske, oska 	ğŒ°ğŒ¶ğŒ²ğ‰ (azgÅ) 	168	ash 	asisi
169	to burn (intransitive) 	[Term?] 			bren 	bÃ¢rne 	branden 	brand 	brennen 	branje 	brenne 	brennen 	brennen 	×‘×¨×¢× ×¢×Ÿ (brenen) 	brÃ¦nde 	brinna 	brenna 	brenna 	brenne 	brenna 	[Term?] 	169	to burn 	bron
170	road 	ğ…ğŒ¹ğŒ²ğƒ (wigs) 		Wegs	road, gate, wey 	dyk/wei/reed 	weg 	pad 	Straat, Weg 	waeg 	StroÃŸ, WÃ¤Ã¤ch 	Strooss 	Weg 	×°×¢×’ (veg) 	vej 	vÃ¤g 	vegur 	vegur, gata 	vei 	veg 	ğ…ğŒ¹ğŒ²ğƒ (wigs) 	170	road 	pasi
171	mountain 	[Term?] 			muntain, slieve 	berch 	berg 	berg 	Barg 	berg 	Berch 	Bierg 	Berg 	×‘×Ö·×¨×’ (barg) 	bjerg 	berg 	fjall 	fjall 	fjell 	fjell 	[Term?] 	171	mountain 	bergi
172	red 	ğ‚ğŒ°ğŒ¿ğŒ¸ğƒ (rauÃ¾s) 		rodt	reid 	read 	rood 	rooi 	root 	roed 	rut, rot 	rout 	rot 	×¨×•×™×˜ (royt) 	rÃ¸d 	rÃ¶d 	reyÃ°ur 	rauÃ°ur 	rÃ¸d 	raud 	ğ‚ğŒ°ğŒ¿ğŒ¸ğƒ (rauÃ¾s) 	172	red 	redi
173	green 	[Term?] 			green 	grien 	groen 	groen 	grÃ¶Ã¶n 	greun 	jrÃ¶n, green, grien 	grÃ©ng 	grÃ¼n 	×’×¨×™×Ÿ (grin) 	grÃ¸n 	grÃ¶n 	grÃ¸nur 	grÃ¦nn 	grÃ¸nn 	grÃ¸n 	[Term?] 	173	green 	grun
174	yellow 	[Term?] 			yellae 	giel 	geel 	geel 	geel 	gael 	jÃ¤l, gÃ¤l 	giel 	gelb 	×’×¢×œ (gel) 	gul 	gul 	gulur 	gulur 	gul 	gul 	[Term?] 	174	yellow 	geri
175	white 	ğˆğŒ´ğŒ¹ğ„ğƒ (Æ•eits) 		whites / weitÃŸ	white 	wyt 	wit 	wit 	witt 	wit 	wieÃŸ, weiÃŸ 	wÃ¤iss 	weiÃŸ 	×•×•×²Ö·×¡ (vays) 	hvid 	vit 	hvÃ­tur 	hvÃ­tur 	hvit 	kvit 	ğˆğŒ´ğŒ¹ğ„ğƒ (Æ•eits) 	175	white 	weti
176	black 	ğƒğ…ğŒ°ğ‚ğ„ğƒ (swarts) 		swarts	swart 	swart 	zwart 	swart 	swatt 	zjwart 	schwatz, schwarz 	schwaarz 	schwarz 	×©×•×•×Ö·×¨×¥ (shvarts) 	sort 	svart 	svartur 	svartur 	svart 	svart 	ğƒğ…ğŒ°ğ‚ğ„ğƒ (swarts) 	176	black 	blaka
177	night 	ğŒ½ğŒ°ğŒ·ğ„ğƒ (nahts) 		nachts	nicht 	nacht 	nacht 	nag 	Nacht 	nach 	Naach, Naacht, Naat 	Nuecht 	Nacht 	× ×Ö·×›×˜ (nakht) 	nat 	natt 	nÃ¡tt 	nÃ³tt 	natt 	natt 	ğŒ½ğŒ°ğŒ·ğ„ğƒ (nahts) 	177	night 	neti
178	day (daytime) 	ğŒ³ğŒ°ğŒ²ğƒ (dags) 		dtags	day 	dei 	dag 	dag 	Dag 	daag 	Daach 	Dag 	Tag 	×˜×Ö¸×’ (tog) 	dag 	dag 	dagur 	dagur 	dag 	dag 	ğŒ³ğŒ°ğŒ²ğƒ (dags) 	178	day 	dei
179	year 	ğŒ¾ğŒ´ğ‚ (jÄ“r) 		JÃ¤hr	year 	jier 	jaar 	jaar 	Johr 	jaor 	Johr 	Joer 	Jahr 	×™×Ö¸×¨ (yor) 	Ã¥r 	Ã¥r 	Ã¡r 	Ã¡r 	Ã¥r 	Ã¥r 	ğŒ¾ğŒ´ğ‚ (jÄ“r) 	179	year 	yari
180	warm (as in weather) 	*ğ…ğŒ°ğ‚ğŒ¼ğƒ (*warms) 		warms	wairm 	waarm 	warm 	warm 	warm 	werm 	wÃ¤rm, warm 	waarm 	warm 	×•×•×Ö·×¨×¢× (varem) 	varm (hot), lun (warm) 	varm 	heitur, lÃ½ggjur 	hlÃ½r, heitur 	varm (hot), lun (warm) 	varm (hot), logn (warm) 	*ğ…ğŒ°ğ‚ğŒ¼ğƒ (*warms) 	180	warm 	waran
181	cold (as in weather) 	ğŒºğŒ°ğŒ»ğŒ³ğƒ (kalds) 		kaldts	cauld 	kÃ¢ld 	koud 	koud 	koolt 	kawd 	kalt (inflected kal-) 	kal 	kalt 	×§×Ö·×œ×˜ (kalt) 	kold 	kall 	kalt 	kaldur 	kald 	kald 	ğŒºğŒ°ğŒ»ğŒ³ğƒ (kalds) 	181	cold 	kowru
182	full 	ğ†ğŒ¿ğŒ»ğŒ»ğƒ (fulls) 		fulles	fou 	fol 	vol 	vol 	vull 	vol 	voll 	voll 	voll 	×¤Ö¿×•×œ (ful) 	fuld 	full 	fullur 	fullur 	full 	full 	ğ†ğŒ¿ğŒ»ğŒ»ğƒ (fulls) 	182	full 	furu
183	new 	ğŒ½ğŒ¹ğŒ¿ğŒ¾ğŒ¹ğƒ (niujis) 		nieues	new 	nij 	nieuw 	nuut, nuwe 	nee 	nuuj 	neu, nei 	nei 	neu 	× ×²Ö· (nay) 	ny 	ny 	nÃ½ggjur 	nÃ½r 	ny 	ny 	ğŒ½ğŒ¹ğŒ¿ğŒ¾ğŒ¹ğƒ (niujis) 	183	new 	nyun
184	old 	ğŒ°ğŒ»ğŒ¸ğŒ´ğŒ¹ğƒ (alÃ¾eis)	 ğƒğŒ¹ğŒ½ğŒ´ğŒ¹ğŒ²ğƒ (sineigs)	Aldt / seniors	 ğ†ğŒ°ğŒ¹ğ‚ğŒ½ğŒ´ğŒ¹ğƒ (fairneis) 	Ã¢ld 	oud 	oud 	oolt 	awd 	alt (inflected al-) 	al 	alt 	×Ö·×œ×˜ (alt) 	gammel 	gammal 	gamal 	gamall 	gammel, gammal 	gamal 	ğŒ°ğŒ»ğŒ¸ğŒ´ğŒ¹ğƒ (alÃ¾eis), ğƒğŒ¹ğŒ½ğŒ´ğŒ¹ğŒ²ğƒ (sineigs), ğ†ğŒ°ğŒ¹ğ‚ğŒ½ğŒ´ğŒ¹ğƒ (fairneis) 	184	old 	owru
185	good 	ğŒ²ğ‰ğŒ¸ğƒ (gÅÃ¾s)	 ğ…ğŒ°ğŒ¹ğŒ»ğŒ° (waila) 	goodt weile!	guid 	goed 	goed 	goed 	goot 	good 	jot, got, gut 	gutt 	gut 	×’×•×˜ (gut) 	god 	bra 	gÃ³Ã°ur 	gÃ³Ã°ur 	god, bra 	god, bra 	ğŒ²ğ‰ğŒ¸ğƒ (gÅÃ¾s), ğ…ğŒ°ğŒ¹ğŒ»ğŒ° (waila) 	185	good 	bun
186	bad 	ğŒ¿ğŒ±ğŒ¹ğŒ»ğƒ (ubils) 		Ã¼belst	ill 	min 	slecht 	sleg 	slecht 	sjlech 	schlÃ¤Ã¤ch, schlÃ¤Ã¤cht 	schlecht 	schlecht 	×©×œ×¢×›×˜ (shlekht) 	dÃ¥rlig 	dÃ¥lig 	ringur 	vondur, slÃ¦mur 	ille, vond, dÃ¥rlig 	ill, vond, dÃ¥leg 	ğŒ¿ğŒ±ğŒ¹ğŒ»ğƒ (ubils) 	186	bad 	ogri
187	rotten (as a log) 				rotten 	ferrotte 	rot 	vrot 	rott 	bedorve 	fuul, foul 	faul 	verrottet, verfault	×¤Ö¿×Ö·×¨×¤Ö¿×•×™×œ×˜ (farfoylt) 	rÃ¥dden 	rutten 	rotin 	fÃºinn, rotinn 	rÃ¥tten 	rÃ²ten 		187	rotten 	pori
188	dirty 	[Term?] 			dirty 	smoarch 	vuil, vies 	vuil 	fuul, smuddelig 	vies 	dreckig, dreckelig 	knaschteg, dreckeg 	schmutzig 	×©××•×¦×™×§ (shmutsik) 	snavset, beskidt 	smutsig 	skitin 	skÃ­tugur, Ã³hreinn 	skitten 	mÃ¸kut, skiten 	[Term?] 	188	dirty 	doti
189	straight 	ğ‚ğŒ°ğŒ¹ğŒ·ğ„ğƒ (raihts) 		rechts	straucht 	rjocht 	recht 	reguit 	jÃ¼st, nett, graad 	rech 	jrad, grad 	riicht 	gerade 	×’×œ×²Ö·×š (glaykh), ×’×¨×Ö¸×“ (grod) 	lige 	rak 	beinur 	beinn 	rett 	rett, bein, rak 	ğ‚ğŒ°ğŒ¹ğŒ·ğ„ğƒ (raihts) 	189	straight 	leti
190	round 	[Term?] 			roond 	rÃ»n 	rond 	rond 	rund 	rÃ³ndj 	rond, ronk 	ronn 	rund, cylindrical	×§×²Ö·×œ×¢×›×™×§(kaylechik) kar-likeig !!	rund 	rund 	rundur 	kringlÃ³ttur 	rund 	rund 	[Term?] 	190	round 	lontu
191	sharp (as a knife) 	[Term?] 			shairp 	skerp 	scherp 	skerp 	scharp 	sjerp 	schÃ¤rp, scharp, scharf 	schaarf 	scharf 	×©×Ö·×¨×£ (sharf) 	skarp 	vass 	hvassur 	beittur, hvass, skarpur 	skarp 	skarp, kvass 	[Term?] 	191	sharp (as a knife) 	srapu
192	dull (as a knife) 	[Term?] 			dull 	stomp 	stomp, bot 	stomp 	stuuf, stump 	sjtÃ³mp 	stomp, schlieh 	stomp 	stumpf 	×˜×¢××¤Ö¼ (temp) dumb	slÃ¸v, stump 	slÃ¶ 	Ã³hvassur 	bitlaus 	slÃ¸v 	slÃ¸ 	[Term?] 	192	dull (as a knife) 	dede
193	smooth 	ğƒğŒ»ğŒ°ğŒ¹ğŒ·ğ„ğƒ (slaihts) 		?<Æ’?	smuith 	glÃªd 	glad 	glad 	glatt, even, week 	glad 	jlatt, glatt, glaat 	glat 	glatt 	×’×œ×Ö·×˜ (glat) 	glat 	len, slÃ¤t 	slÃ¦ttur 	sleipur, slÃ©ttur 	jevn, slett, glatt 	jamn, slett 	ğƒğŒ»ğŒ°ğŒ¹ğŒ·ğ„ğƒ (slaihts) 	193	smooth 	grati
194	wet 	[Term?] 			weet 	wiet 	nat 	nat 	natt 	naat 	naaÃŸ 	naass 	nass, feucht 	× ×Ö·×¡ (nas) 	vÃ¥d 	vÃ¥t, blÃ¶t 	vÃ¡tur 	blautur 	vÃ¥t, blÃ¸t 	vÃ¥t, blaut 	[Term?] 	194	wet 	nati
195	dry (adjective) 	ğŒ¸ğŒ°ğŒ¿ğ‚ğƒğŒ¿ğƒ (Ã¾aursus) 		<<	drouth 	droech 	droog 	droog 	drÃ¶Ã¶g 	druug 	drÃ¼ch, drei, dreche 	drÃ©chen 	trocken, vertrocknet	×˜×¨×•×§×Ÿ (trukn), ×¤Ö¿×Ö·×¨×˜×¨×™×§× ×˜ (fartriknt) 	tÃ¸r 	torr 	turrur 	Ã¾urr 	tÃ¸rr 	tÃ¸rr, turr 	ğŒ¸ğŒ°ğŒ¿ğ‚ğƒğŒ¿ğƒ (Ã¾aursus) 	195	dry 	drei
196	correct 	ğƒğŒ¿ğŒ½ğŒ¾ğŒ¹ğƒ (sunjis)	 ğ‚ğŒ°ğŒ¹ğŒ·ğ„ğƒ (raihts) 	sein (co)rechtens	correct, richt 	korrekt 	juist, correct 	reg, korrek 	richtig 	zjus 	richtig, rÃ¤Ã¤ch 	richteg 	richtig 	×¨×™×›×˜×™×§ (rikhtik) 	rigtig 	rÃ¤tt, riktig 	rÃ¦ttur 	rÃ©ttur 	rett, riktig 	rett 	ğƒğŒ¿ğŒ½ğŒ¾ğŒ¹ğƒ (sunjis), ğ‚ğŒ°ğŒ¹ğŒ·ğ„ğƒ (raihts) 	196	correct 	yoisti
197	near 	ğŒ½ğŒ´ğˆğŒ° (nÄ“Æ•a) 		Neva !	near/naur 	tichteby 	dichtbij 	naby 	dichtbi 	kortbie 	noh 	no, nobÃ¤i 	nah, nahe, nahend bei	×‘×²Ö· (bay), × ×Ö¸×¢× ×˜ (noent) 	nÃ¦r 	nÃ¤ra 	nÃ¦r 	nÃ¡lÃ¦gur 	nÃ¦r, nÃ¦rme, nÃ¦re 	nÃ¦r, nÃ¦re 	ğŒ½ğŒ´ğˆğŒ° (nÄ“Æ•a) 	197	near 	na
198	far 	ğ†ğŒ°ğŒ¹ğ‚ğ‚ğŒ° (fairra) 		fearn!	faur 	fier 	ver 	ver 	feern, wiet 	wiedeweg 	weck, wick, weit 	wÃ¤it, wÃ¤it ewech 	weit, fern 	×•×•×²Ö·×˜ (vayt) 	langt vÃ¦k, fjern 	lÃ¥ngt bort, fjÃ¤rran 	fjarur 	langt 	langt 	langt 	ğ†ğŒ°ğŒ¹ğ‚ğ‚ğŒ° (fairra) 	198	far 	fara
199	right (side) 	ğ„ğŒ°ğŒ¹ğŒ·ğƒğ…ğŒ° (taihswa) 		Derecha? <<	richt 	rjochts 	rechts 	regs 	rechts 	rechs 	rÃ¤Ã¤s, rÃ¤Ã¤ts, riets 	riets 	rechts 	×¨×¢×›×¥ (rekhts) 	hÃ¸jre 	hÃ¶ger 	hÃ¸gra 	hÃ¦gri 	hÃ¸yre 	hÃ¸gre 	ğ„ğŒ°ğŒ¹ğŒ·ğƒğ…ğŒ° (taihswa) 	199	right 	leti-anu
200	left (side)  <> LEAD/LEIT?	ğŒ·ğŒ»ğŒ´ğŒ¹ğŒ³ğŒ¿ğŒ¼ğŒ° (hleiduma) 	vs link! Chaos zone	Hleft ?? << ğŒ´ğŒ¹ ef/fe <<	left 	lofts 	links 	links 	links 	links 	lenks 	lÃ©nks 	links 	×œ×™× ×§×¡ (links) 	venstre 	vÃ¤nster 	vinstra 	vinstri 	venstre 	venstre, vinstre 	ğŒ·ğŒ»ğŒ´ğŒ¹ğŒ³ğŒ¿ğŒ¼ğŒ° (hleiduma) 	200	left 	kruktu-anu
201	at 	ğŒ±ğŒ¹ (bi)	 ğŒ°ğ„ (at) 	at bei by	at, by 	iet 	aan, te, bij 	by 	bi 	bie 	aan, bei, op 	an, bei, drun, op 	bei, an, auf	×‘×²Ö· (bay), ××•×™×£ (oyf) 	hos, ved 	hos, vid 	hjÃ¡ 	hjÃ¡ 	hos, pÃ¥ 	hjÃ¥, hos, pÃ¥ 	ğŒ±ğŒ¹ (bi), ğŒ°ğ„ (at) 	201	at 	na
202	in 	ğŒ¹ğŒ½ (in) 		in	in 	yn 	in 	in, binne 	in 	in 	en, on 	an, dran 	in	××™×Ÿ (in), ×Ö·×¨×²Ö·×Ÿ (arayn)   aâ€™rein!	i 	i 	Ã­ 	Ã­ 	i 	i 	ğŒ¹ğŒ½ (in) 	202	in 	ini
203	with 	ğŒ¼ğŒ¹ğŒ¸ (miÃ¾) 		Mit , mwith  ğŒ¹:v/f !!!	wi 	mei 	met 	met 	mit 	mit 	met, mot 	mat 	mit 	××™×˜ (mit) 	med 	med 	viÃ°, med 	meÃ° 	med 	med 	ğŒ¼ğŒ¹ğŒ¸ (miÃ¾) 	203	with 	nanga
204	and 	ğŒ¾ğŒ°ğŒ· (jah) 		ja? ye yo ++	an 	en 	en 	en 	un 	en 	un, on, en 	an 	und 	××•×Ÿ (un) 	og 	och 	og 	og 	og 	og 	ğŒ¾ğŒ°ğŒ· (jah) 	204	and 	Ã¨n, nanga
205	if 	ğŒ¾ğŒ°ğŒ±ğŒ°ğŒ¹ (jabai) 		Given â€¦ <<!	gin, gif 	at 	als, indien 	as 	wenn, as, wennehr 	es 	wann, wenn 	wann 	wenn, falls, ob  >>>!!	××•×™×‘ (oyb), ×‘×× (be'im), ×˜×Ö¸××¢×¨ (tomer) 	hvis 	om 	um 	ef 	hvis, om 	om 	ğŒ¾ğŒ°ğŒ±ğŒ°ğŒ¹ (jabai) 	205	if 	efu
206	because 	ğŒ¿ğŒ½ğ„ğŒ´ (untÄ“) 		!! <>	acause 	omdat 	omdat 	omdat 	wielt, wiel dat 	Ã³mdat 	weil 	well 	weil [zu leibe?]	×•×•×²Ö·×œ (vayl), ×¦×•×œ×™×‘ (tsulib) 	fordi 	eftersom, ty 	tÃ­ 	Ã¾vÃ­, af Ã¾vÃ­ aÃ° 	fordi, pÃ¥ grunn av at 	av di, pÃ¥ grunn av at 	ğŒ¿ğŒ½ğ„ğŒ´ (untÄ“) 	206	because 	bika
207	name 	ğŒ½ğŒ°ğŒ¼ğ‰ (namÅ)		nameğ‰	name 	namme 	naam 	naam 	Naam 	naam 	Nam, Name 	Numm 	Name 	× ×Ö¸××¢×Ÿ (nomen) 	navn 	namn 	navn 	nafn 	navn 	namn 	ğŒ½ğŒ°ğŒ¼ğ‰ (namÅ)	207	name 	nen
