No. 	English 	Mongolian –º–æ–Ω–≥–æ–ª —Ö—ç–ª (mongol hel)	NOT much PIE vocab					
1	I 	–±–∏ (bi)	we					
2	you (singular) 	—á–∏ (ƒçi)	sie					
3	he 	—Ç—ç—Ä (ter)	der					
4	we 	–±–∏–¥ (bid)	wes					
5	you (plural) 	—Ç–∞ (ta)	tu					
6	they 	—Ç—ç–¥ –Ω–∞—Ä (ted nar)	they.ner					
7	this 	—ç–Ω—ç (ene)						
8	that 	—Ç—ç—Ä (ter)	der					
9	here 	—ç–Ω–¥ (end)	ante					
10	there 	—Ç—ç–Ω–¥ (tend)	dante					
11	who 	—Ö—ç–Ω (hen)	whon					
12	what 	—é—É (juu)	qjo					
13	where 	—Ö–∞–∞–Ω (haan)						
14	when 	—Ö—ç–∑—ç—ç (hezee)						
15	how 	—è–∞–∂ (jaa≈æ)						
16	not 	-–≥“Ø–π (-g√ºj) (suffix)	-- !!					
17	all 	–±“Ø—Ö (b√ºh)						
18	many 	–æ–ª–æ–Ω (olon)	allen					
19	some 	–∑–∞—Ä–∏–º (zarim)	sa‚Äôm					
20	few 	—Ü”©”©–Ω (ts√∂√∂n)						
21	other 	”©”©—Ä (√∂√∂r)						
22	one 	–Ω—ç–≥ (neg)	ein.eg					
23	two 	—Ö–æ—ë—Ä (hojor)	ni.er					
24	three 	–≥—É—Ä–∞–≤ (gurav)	curi					
25	four 	–¥”©—Ä”©–≤ (d√∂r√∂v)	dort	OK				
26	five 	—Ç–∞–≤ (tav)	--	6:«∞ir…£u…£	7:–¥–æ–ª–æ–æ ‚Äì	8: ·†®·††·†¢·†Æ·†† (naima		10: ·††·†∑·†™·†† (arba !
27	big 	—Ç–æ–º (tom)	turm					
28	long 	—É—Ä—Ç (urt)	Vrt : big					
29	wide 	”©—Ä–≥”©–Ω (√∂rg√∂n)	^^					
30	thick 	–∑—É–∑–∞–∞–Ω (zuzaan)	thiz.on thick					
31	heavy 	—Ö“Ø–Ω–¥ (h√ºnd)	Hund ~ Dag					
32	small 	–∂–∏–∂–∏–≥ (≈æi≈æig), –∂–∞–∞–ª (≈æaal)	cycy, zmaal					
33	short 	–±–æ–≥–∏–Ω–æ (bogino)	pecino					
34	narrow 	—Ü—É—Ö–∞–ª (tsuhal)	small					
35	thin 	–Ω–∏–º–≥—ç–Ω (nimgen)						
36	woman 	—ç–º—ç–≥—Ç—ç–π (emegtej)						
37	man (adult male) 	—ç—Ä —Ö“Ø–Ω (er h√ºn)	Der Huehne					
38	man (human being) 	—Ö“Ø–Ω (h√ºn)						
39	child 	—Ö“Ø“Ø—Ö—ç–¥ (h√º√ºhed)						
40	wife 	—ç—Ö–Ω—ç—Ä (ehner), –≥—ç—Ä–≥–∏–π (gergij)						
41	husband 	–Ω”©—Ö”©—Ä (n√∂h√∂r)						
42	mother 	—ç—ç–∂ (ee≈æ), —ç—Ö (eh)	ische					
43	father 	–∞–∞–≤ (aav), —ç—Ü—ç–≥ (etseg)	ab					
44	animal 	–∞–º—å—Ç–∞–Ω (am πtan)						
45	fish 	–∑–∞–≥–∞—Å (zagas)						
46	bird 	—à—É–≤—É—É (≈°uvuu)						
47	dog 	–Ω–æ—Ö–æ–π (nohoj)						
48	louse 	–±”©”©—Å (b√∂√∂s)						
49	snake 	–º–æ–≥–æ–π (mogoj)						
50	worm 	—Ö–æ—Ä—Ö–æ–π (horhoj)						
51	tree 	–º–æ–¥ (mod)	mwood					
52	forest 	–æ–π (oj)						
53	stick 	—Ç–∞—è–≥ (tajag), —Å–∞–≤–∞–∞ (savaa)						
54	fruit 	–∂–∏–º—Å (≈æims)						
55	seed 	“Ø—Ä (√ºr)	Ur					
56	leaf 	–Ω–∞–≤—á (navƒç)						
57	root 	“Ø–Ω–¥—ç—Å (√ºndes)						
58	bark (of a tree) 	—Ö–æ–ª—Ç–æ—Å (holtos)						
59	flower 	—Ü—ç—Ü—ç–≥ (tsetseg)						
60	grass 	”©–≤—Å (√∂vs)						
61	rope 	–æ–ª—Å (ols)						
62	skin 	–∞—Ä—å—Å (ar πs)						
63	meat 	–º–∞—Ö (mah)	meaht					
64	blood 	—Ü—É—Å (tsus)						
65	bone 	—è—Å (jas)						
66	fat (noun) 	”©”©—Ö (√∂√∂h)						
67	egg 	”©–Ω–¥”©–≥ (√∂nd√∂g)	ant.egg @Hind					
68	horn 	—ç–≤—ç—Ä (ever)						
69	tail 	—Å“Ø“Ø–ª (s√º√ºl)						
70	feather 	”©–¥ (√∂d)						
71	hair 	“Ø—Å (√ºs)						
72	head 	—Ç–æ–ª–≥–æ–π (tolgoj)						
73	ear 	—á–∏—Ö (ƒçih)						
74	eye 	–Ω“Ø–¥ (n√ºd)						
75	nose 	—Ö–∞–º–∞—Ä (hamar)						
76	mouth 	–∞–º (am)						
77	tooth 	—à“Ø–¥ (≈°√ºd)						
78	tongue (organ) 	—Ö—ç–ª (hel)						
79	fingernail 	—Ö—É–º—Å (hums)						
80	foot 	—Ö”©–ª (h√∂l)						
81	leg 	—Ö”©–ª (h√∂l)	Holeg = walk					
82	knee 	”©–≤–¥”©–≥ (√∂vd√∂g)						
83	hand 	–≥–∞—Ä (gar)						
84	wing 	–¥–∞–ª–∞–≤—á (dalavƒç), –∂–∏–≥“Ø“Ø—Ä (≈æig√º√ºr)						
85	belly 	–≥—ç–¥—ç—Å (gedes)						
86	guts 	–≥—ç–¥—ç—Å (gedes)						
87	neck 	—Ö“Ø–∑“Ø“Ø (h√ºz√º√º)						
88	back 	–Ω—É—Ä—É—É (nuruu)						
89	breast 	—Ö”©—Ö (h√∂h)						
90	heart 	–∑“Ø—Ä—Ö (z√ºrh)	coeur					
91	liver 	—ç–ª—ç–≥ (eleg)						
92	to drink 	—É—É—Ö (uuh)						
93	to eat 	–∏–¥—ç—Ö (ideh)	eat!					
94	to bite 	—Ö–∞–∑–∞—Ö (hazah), “Ø–º—Ö—ç—Ö (√ºmheh), –∑—É—É—Ö (zuuh)						
95	to suck 	—Å–æ—Ä–æ—Ö (soroh)	~					
96	to spit 	—Ö–∞—è—Ö (hajah)						
97	to vomit 	–±”©”©–ª–∂–∏—Ö (b√∂√∂l≈æih)						
98	to blow 	“Ø–ª—ç—ç—Ö (√ºleeh)						
99	to breathe 	–∞–º—å—Å–≥–∞–ª–∞—Ö (am πsgalah)						
100	to laugh 	–∏–Ω—ç—ç—Ö (ineeh)						
101	to see 	“Ø–∑—ç—Ö (√ºzeh) (watch), —Ö–∞—Ä–∞—Ö (harah) (look at)						
102	to hear 	—Å–æ–Ω—Å–æ—Ö (sonsoh)	sense sono					
103	to know 	–º—ç–¥—ç—Ö (medeh)	meditate					
104	to think 	–±–æ–¥–æ—Ö (bodoh)						
105	to smell 	“Ø–Ω—ç—Ä–ª—ç—Ö (√ºnerleh)						
106	to fear 	–∞–π—Ö (ajh)						
107	to sleep 	—É–Ω—Ç–∞—Ö (untah)						
108	to live 	–∞–º—å–¥—Ä–∞—Ö (am πdrah)						
109	to die 	“Ø—Ö—ç—Ö (√ºheh), –Ω–∞—Å –±–∞—Ä–∞—Ö (nas barah)						
110	to kill 	–∞–ª–∞—Ö (alah)						
111	to fight 	—Ç—ç–º—Ü—ç—Ö (temtseh), –±–∞–π–ª–¥–∞—Ö (bajldah)						
112	to hunt 	–∞–≥–Ω–∞—Ö (agnah)						
113	to hit 	—Ü–æ—Ö–∏—Ö (tsohih)						
114	to cut 	—Ö—ç—Ä—á–∏—Ö (herƒçih), –æ–≥—Ç–ª–æ—Ö (ogtloh)						
115	to split 	—Ö–∞–≥–∞—Ä–∞—Ö (hagarah)						
116	to stab 	—Ö–∞—Ç–≥–∞—Ö (hatgah)						
117	to scratch 	–º–∞–∞–∂–∏—Ö (maa≈æih)						
118	to dig 	—É—Ö–∞—Ö (uhah)						
119	to swim 	—Å—ç–ª—ç—Ö (seleh)						
120	to fly 	–Ω–∏—Å—ç—Ö (niseh)						
121	to walk 	–∞–ª—Ö–∞—Ö (alhah)						
122	to come 	–∏—Ä—ç—Ö (ireh)	ir!					
123	to lie (as in a bed) 	—Ö—ç–≤—Ç—ç—Ö (hevteh)						
124	to sit 	—Å—É—É—Ö (suuh)	su‚Äô					
125	to stand 	–∑–æ–≥—Å–æ—Ö (zogsoh)	Z-s					
126	to turn (intransitive) 	—ç—Ä–≥—ç—Ö (ergeh)						
127	to fall 	—É–Ω–∞—Ö (unah)						
128	to give 	”©–≥”©—Ö (√∂g√∂h)						
129	to hold 	–±–∞—Ä–∏—Ö (barih)						
130	to squeeze 	—à–∞—Ö–∞—Ö (≈°ahah)						
131	to rub 							
132	to wash 	—É–≥–∞–∞—Ö (ugaah)						
133	to wipe 							
134	to pull 							
135	to push 							
136	to throw 							
137	to tie 							
138	to sew 	–æ—ë—Ö (ojoh), —Ö–∞–¥–∞—Ö (hadah)						
139	to count 	—Ç–æ–æ–ª–æ—Ö (tooloh)						
140	to say 	—Ö—ç–ª—ç—Ö (heleh)						
141	to sing 	–¥—É—É–ª–∞—Ö (duulah)						
142	to play 	—Ç–æ–≥–ª–æ—Ö (togloh)						
143	to float 							
144	to flow 							
145	to freeze 							
146	to swell 							
147	sun 	–Ω–∞—Ä (nar)						
148	moon 	—Å–∞—Ä (sar)						
149	star 	–æ–¥ (od)						
150	water 	—É—Å (us)						
151	rain 	–±–æ—Ä–æ–æ (boroo)						
152	river 	–≥–æ–ª (gol), –º”©—Ä”©–Ω (m√∂r√∂n)						
153	lake 	–Ω—É—É—Ä (nuur)						
154	sea 	–¥–∞–ª–∞–π (dalaj)						
155	salt 	–¥–∞–≤—Å (davs)						
156	stone 	—á—É–ª—É—É (ƒçuluu)						
157	sand 	—ç–ª—Å (els)						
158	dust 							
159	earth 	–¥—ç–ª—Ö–∏–π (delhij)						
160	cloud 	“Ø“Ø–ª (√º√ºl)						
161	fog 	–º–∞–Ω–∞–Ω (manan), –±—É–¥–∞–Ω (budan)						
162	sky 	—Ç—ç–Ω–≥—ç—Ä (tenger), –æ–≥—Ç–æ—Ä–≥—É–π (ogtorguj)						
163	wind 	—Å–∞–ª—Ö–∏ (salhi)						
164	snow 	—Ü–∞—Å (tsas)						
165	ice 	–º”©—Å (m√∂s)						
166	smoke 	—É—Ç–∞–∞ (utaa)						
167	fire 	–≥–∞–ª (gal)						
168	ash 	“Ø–Ω—Å (√ºns), –Ω—É—Ä–∞–º (nuram)						
169	to burn 	—à–∞—Ç–∞–∞—Ö (≈°ataah)	satan					
170	road 	–∑–∞–º (zam)						
171	mountain 	—É—É–ª (uul)	ur					
172	red 	—É–ª–∞–∞–Ω (ulaan)						
173	green 	–Ω–æ–≥–æ–æ–Ω (nogoon)						
174	yellow 	—à–∞—Ä (≈°ar)	sari					
175	white 	—Ü–∞–≥–∞–∞–Ω (tsagaan)						
176	black 	—Ö–∞—Ä (har)	kar					
177	night 	—à”©–Ω”© (≈°√∂n√∂)						
178	day 	”©–¥”©—Ä (√∂d√∂r)						
179	year 	–∂–∏–ª (≈æil)						
180	warm 	–¥—É–ª–∞–∞–Ω (dulaan)						
181	cold 	—Ö“Ø–π—Ç—ç–Ω (h√ºjten)						
182	full 							
183	new 	—à–∏–Ω (≈°in)	xin					
184	old 	–Ω–∞—Å—Ç–∞–π (nastaj) (people), —Ö—É—É—á–∏–Ω (huuƒçin) (things)	nasty					
185	good 	—Å–∞–π–Ω (sajn)	sane					
186	bad 	–º—É—É (muu)						
187	rotten 							
188	dirty 	–±–æ—Ö–∏—Ä (bohir)						
189	straight 	—à—É–ª—É—É–Ω (≈°uluun)						
190	round 	–¥—É–≥—É–π (duguj)						
191	sharp (as a knife) 							
192	dull (as a knife) 							
193	smooth 							
194	wet 							
195	dry 							
196	correct 							
197	near 							
198	far 	—Ö–æ–ª (hol)						
199	right 							
200	left 	–∑“Ø“Ø–Ω (z√º√ºn)						
201	at 							
202	in 							
203	with 							
204	and 	–±–∞ (ba)	ve					
205	if 							
206	because 							
207	name 	–Ω—ç—Ä (ner)	ìÇãìàñ					
