‚Ññ 	English 	Old Church Slavonic 	Aryan	Czech 	Polish 	Slovak 	Lower Sorbian 	Upper Sorbian 	Bulgarian 	Macedonian 	Serbo-Croatian Latin 	Serbo-Croatian Cyrillic 	Slovene 	Belarusian 	Russian 	Rusyn 	Ukrainian														
1	I 	–∞–∑—ä (az≈≠) 	je! yo ij ich ego ejo	j√° 	ja 	ja 	ja 	ja 	–∞–∑ (az) 	—ò–∞—Å (jas) 	ja 	—ò–∞ 	jaz 	—è (ja) 	—è (ja) 	—è (ja) 	—è (ja)														
2	you	—ÇÍôë (ty) 	thy thee Du	ty 																											
3	he 	–æ–Ω—ä (on≈≠), —Ç—ä (t≈≠) 	on, man!	on 	on 	on 	w√≥n 	w√≥n 	—Ç–æ–π (toj) 	—Ç–æ—ò (toj) 	on 	–æ–Ω 	on 	—ë–Ω (j√≥n) 	–æ–Ω (on) 	–æ–Ω (on) 	–≤—ñ–Ω (vin)														
4	we 	–ºÍôë (my) 	mir, we	my 	my 	my 	my 	my 	–Ω–∏–µ (nie) 	–Ω–∏–µ (nie) 	mi 	–º–∏ 	mi 	–º—ã (my) 	–º—ã (my) 	–º—ã (m≈∑) 	–º–∏ (my)														
5	you	–≤Íôë (vy) 	vous!	vy 	wy 	vy 	wy 	wy 	–≤–∏–µ (vie) 	–≤–∏–µ (vie) 	vi 	–≤–∏ 	vi 	–≤—ã (vy) 	–≤—ã (vy) 	–≤—ã (v≈∑) 	–≤–∏ (vy)														
6	they 	–æ–Ω–∏ (oni), —Ç–∏ (ti) 	on, man, die!	oni, ony, ona 	oni, one 	oni, ony 	w√≥ni 	woni 	—Ç–µ (te) 	—Ç–∏–µ (tie) 	oni, one, ona 	–æ–Ω–∏, –æ–Ω–µ, –æ–Ω–∞ 	oni, one, ona 	—è–Ω—ã (jany) 	–æ–Ω–∏ (oni) 	–≤–Ω–∏ (vny) 	–≤–æ–Ω–∏ (vony)														
7	this 	–æ–≤—ä (ov≈≠), —Å—å (sƒ≠) 	over(here?), ce, die, that, den	tento, tato, toto 	ten, ta, to 	tento, t√°to, toto 	to 	t√≥n, ta, to 	—Ç–æ–∑–∏ (tozi), —Ç–∞–∑–∏ (tazi), —Ç–æ–≤–∞ (tova);																						
8	that 	—Ç—ä (t≈≠), —Ç–∞ (ta), —Ç–æ (to) 	da, der, das, dort, dem	tamten, tamta, tamto 	tamten, tamta, tamto 	ten, t√°, to 	to 	tamny 	–æ–Ω–∑–∏ (onzi), –æ–Ω–∞–∑–∏ (onazi), –æ–Ω–æ–≤–∞ (onova);																						
9	here 	—Å—å–¥—î (sƒ≠de), –æ–≤—ä–¥—î (ov≈≠de) 	diese Seite? Da over-there?	zde, tady, tu, sem 	tutaj, tu 	tu, sem 	how 	jow, jowle, tu, tule 	—Ç—É–∫ (tuk) 	–æ–≤–¥–µ (ovde), —Ç—É–∫–∞ (tuka) 	ovdje, ovde 	–æ–≤–¥—ò–µ, –æ–≤–¥–µ 	tu, tukaj 	—Ç—É—Ç (tut), —Ç—É—Ç–∞–∫–∞ (tutaka) 	—Ç—É—Ç (tut), –∑–¥–µ—Å—å (zdes π) 	—Ç—É (tu), –≥–µ–≤ (hev) 	—Ç—É—Ç (tut)														
10	there 	—Ç–æ—É (tu), –æ–Ω—ä–¥—î (on≈≠de) 	da, der, das, dort, dem	tam 	tam 	tam 	tam 	tam 	—Ç–∞–º (tam) 	—Ç–∞–º—É (tamu) 	tamo 	—Ç–∞–º–æ 	tam 	—Ç–∞–º (tam) 	—Ç–∞–º (tam) 	–≥–µ–Ω (hen) –≥—ã–Ω (h≈∑n) 	—Ç–∞–º (tam)														
11	who 	–∫—ä—Ç–æ (k≈≠to) 	qvod	kdo 	kto 	kto 	chto 	≈°t√≥ 	–∫–æ–π (koj) 	–∫–æ—ò (koj) 	ko, tko 	–∫–æ, —Ç–∫–æ 	kdo 	—Ö—Ç–æ (xto) 	–∫—Ç–æ (kto) 	—Ö—Ç–æ (xto) 	—Ö—Ç–æ (xto)														
12	what 	—á—å—Ç–æ (ƒçƒ≠to) 	qvod,qvid	co 	co 	ƒço 	co 	≈°to 	–∫–∞–∫–≤–æ (kakvo) 	—à—Ç–æ (≈°to) 	≈°ta, ≈°to 	—à—Ç–∞, —à—Ç–æ 	kaj 	—à—Ç–æ (≈°to) 	—á—Ç–æ (≈°to) 	—à—Ç–æ (≈°to) 	—â–æ (≈°ƒço)														
13	where 	–∫—ä–¥—î (k≈≠de) 	qwo.da	kde 	gdzie 	kde 	≈∫o 	hd≈∫e 	–∫—ä–¥–µ (k«éde) 	–∫–∞–¥–µ (kade) 	gde, gdje 	–≥–¥–µ, –≥–¥—ò–µ 	kje 	–¥–∑–µ (dzje) 	–≥–¥–µ (gde) 	–¥–µ (de) 	–¥–µ (de)														
14	when 	–∫—ä–≥–¥–∞ (k≈≠gda) 	kvando	kdy 	kiedy, gdy 	kedy 	gdy 	hdy 	–∫–æ–≥–∞ (koga) 	–∫–æ–≥–∞ (koga) 	kad 	–∫–∞–¥ 	kdaj 	–∫–∞–ª—ñ (kali) 	–∫–æ–≥–¥–∞ (kogda) 	–∫–æ–ª–∏ (koly) 	–∫–æ–ª–∏ (koly)														
15	how 	–∫–∞–∫–æ (kako), Íôó–∫–æ (jako) 	Que-que?	jak 	jak 	ako 	kak 	kak 	–∫–∞–∫ (kak) 	–∫–∞–∫–æ (kako) 	kako 	–∫–∞–∫–æ 	kako 	—è–∫ (jak) 	–∫–∞–∫ (kak) 	–≥–∏ (hy) —è–∫ (jak) 	—è–∫ (jak)														
16	not 	–Ω—î (ne) 	NE!	ne, ne- 	nie 	nie, ne- 	nje- 	nje- 	–Ω–µ (ne) 	–Ω–µ (ne) 	ne 	–Ω–µ 	ne 	–Ω–µ (nje) 	–Ω–µ (ne) 	–Ω—ó (nji) –Ω–µ (ne) 	–Ω–µ (ne)														
17	all 	–≤—å—Å—å (vƒ≠sƒ≠) 	<<??	v≈°e, v≈°echno 	wszystko, wszystkie, wszyscy 	v≈°etk√Ω, v≈°etko 	w≈°yken 	w≈°o, w≈°itke, w≈°itcy 	–≤—Å–∏—á–∫–æ (vsiƒçko) 	—Å—ê (s√®) 	sve 	—Å–≤–µ 	vse 	—É–≤–µ—Å—å (uvjes π), —É—Å—ë (usj√≥), —É—Å–µ (usje) 	–≤–µ—Å—å (ves π), –≤—Å—ë (vsjo), –≤—Å–µ (vse) 	—É—à—ã—Ç–∫–æ (u≈°≈∑tko) 	–≤–µ—Å—å (ves π), (—É–≤–µ—Å—å (uves π)), –≤—Å–µ (vse) (—É—Å–µ (use)), –≤—Å—ñ (vsi) (—É—Å—ñ (usi))														
18	many 	–º—ä–Ω–æ–≥—ä (m≈≠nog≈≠) 	manige vs wenige,einige	mnoho 	mn√≥stwo, wiele 	mnoho, veƒæa 	wjele 	wjele 	–º–Ω–æ–≥–æ (mnogo) 	–º–Ω–æ–≥—É (mnogu) 	mnogo 	–º–Ω–æ–≥–æ 	mnogo, veliko 	—à–º–∞—Ç (≈°mat) 	–º–Ω–æ–≥–æ (mnogo) 	–º–Ω–æ–≥–æ (mnoho), –≤–µ–ª—ë (veljo) 	–±–∞–≥–∞—Ç–æ (bahato)														
19	some 	–Ω—£–∫–æ–ª–∏–∫–æ (nƒõkoliko) 	(ei)nige.lik	nƒõkolik, p√°r, trocha 	trochƒô, kilka 	niekoƒæko 	nƒõkotary 	nƒõkotre 	–Ω—è–∫–æ–ª–∫–æ (njakolko) 	–Ω–µ–∫–æ–ª–∫—É (nekolku) 	nekoliko 	–Ω–µ–∫–æ–ª–∏–∫–æ 	nekoliko, nekaj 	–Ω–µ–∫–∞–ª—å–∫—ñ (njekal πki) 	–Ω–µ—Å–∫–æ–ª—å–∫–æ (neskol πko) 	–¥a–∫—ñ–ª—å–∫–æ (dakil πko) 	–¥–µ–∫—ñ–ª—å–∫–∞ (dekil πka), –∫—ñ–ª—å–∫–∞ (kil πka)														
20	few 	–º–∞–ªÍôë (maly) 	(s)mall! Non-nillo nit-viele!	m√°lo, nemnoho 	ma≈Ço, niewiele 	m√°lo 	ma≈Ço 	ma≈Ço 	–º–∞–ª–∫–æ (malko), –º–∞–ª—Ü–∏–Ω–∞ (malcina) 	–º–∞–ª–∫—É (malku), –Ω–µ–∫–æ–ª–∫—É (nekolku) 	malo 	–º–∞–ª–æ 	malo 	–º–∞–ª–∞ (mala), –Ω—è—à–º–∞—Ç (nja≈°mat) 	–º–∞–ª–æ (malo), –Ω–µ–º–Ω–æ–≥–æ (nemnogo) 	–º–∞–ª–æ (malo) 	–º–∞–ª–æ (malo), –Ω–µ–±–∞–≥–∞—Ç–æ (nebahato), —Ç—Ä–æ—Ö–∏ (troxy)														
21	other 	–∏–Ω—ä (in≈≠) 	1. anner 2. druid ?<<??	druh√Ω, jin√Ω 	inny 	druh√Ω, in√Ω, inak≈°√≠ 	drugi 	druhi 	–¥—Ä—É–≥ (drug) 	–¥—Ä—É–≥ (drug) 	drugi, ini 	–¥—Ä—É–≥–∏, –∏–Ω–∏ 	drugi 	—ñ–Ω—à—ã (in≈°y) 	–¥—Ä—É–≥–æ–π (drugoj), –∏–Ω–æ–π (inoj) 	–¥—Ä—É–≥—ã–π (druh≈∑j), —ñ–Ω—à—ã–π (in≈°≈∑j), —ñ–Ω–∞–∫—à—ã–π (inak≈°≈∑j) 	—ñ–Ω—à–∏–π (in≈°yj), —ñ–Ω–∞–∫—à–∏–π (inak≈°yj)														
22	one 	—•–¥–∏–Ω—ä (jedin≈≠) 	ein-jeden!	jeden 	jeden 	jeden 	jaden 	jedyn 	–µ–¥–∏–Ω (edin) 	–µ–¥–µ–Ω (eden) 	jedan 	—ò–µ–¥–∞–Ω 	en, eden 	–∞–¥–∑—ñ–Ω (adzin) 	–æ–¥–∏–Ω (odin) 	—î–¥–µ–Ω (jeden) 	–æ–¥–∏–Ω (odyn)														
23	two 	–¥—ä–≤–∞ (d≈≠va) 	dwa	dva 	dwa 	dvaja, dva, dve 	dwa 	dwaj 	–¥–≤–µ (dve) 	–¥–≤–∞ (dva) 	dva 	–¥–≤–∞ 	dve 	–¥–≤–∞ (dva) 	–¥–≤–∞ (dva) 	–¥–≤–∞ (dva) 	–¥–≤–∞ (dva)														
24	three 	—Ç—Ä–∏—• (trije) 	triz	t≈ôi 	trzy 	traja, tri 	t≈õi 	t≈ôi 	—Ç—Ä–∏ (tri) 	—Ç—Ä–∏ (tri) 	tri 	—Ç—Ä–∏ 	tri 	—Ç—Ä—ã (try) 	—Ç—Ä–∏ (tri) 	—Ç—Ä–∏ (try) 	—Ç—Ä–∏ (try)														
25	four 	—á—î—ÇÍôë—Ä—î (ƒçetyre) 	—á—î—ÇÍôë—Ä!	ƒçty≈ôi 	cztery 	≈°tyria, ≈°tyri 	styri 	≈°tyri 	—á–µ—Ç–∏—Ä–∏ (ƒçetiri) 	—á–µ—Ç–∏—Ä–∏ (ƒçetiri) 	ƒçetiri 	—á–µ—Ç–∏—Ä–∏ 	≈°tiri 	—á–∞—Ç—ã—Ä—ã (ƒçatyry) 	—á–µ—Ç—ã—Ä–µ (ƒçetyre) 	—à—Ç–∏—Ä–∏ (≈°tyry) 	—á–æ—Ç–∏—Ä–∏ (ƒçotyry)														
26	five 	–ø—ß—Ç—å (pƒôtƒ≠) 	–ü—ß—Ç—å pent‚Äô  —ßen:semen	pƒõt 	piƒôƒá 	p√§≈• 	pƒõ≈õ 	pjeƒá 	–ø–µ—Ç (pet) 	–ø–µ—Ç (pet) 	pet 	–ø–µ—Ç 	pet 	–ø—è—Ü—å (pjac π) 	–ø—è—Ç—å (pjat π) 	–ø—è—Ç—å (pjat π) 	–ø'—è—Ç—å (p ∫jat π)														
27	big 	–≤—î–ª–∏–∫—ä (velik≈≠) 	viel!	velk√Ω 	wielki, du≈ºy 	veƒæk√Ω 	wjeliki 	wulki 	–≥–æ–ª—è–º (goljam) 	–≥–æ–ª–µ–º (golem) 	velik 	–≤–µ–ª–∏–∫ 	velik 	–≤—è–ª—ñ–∫—ñ (vjaliki) 	–±–æ–ª—å—à–æ–π (bol π≈°oj), –≤–µ–ª–∏–∫–∏–π (velikij) 	–≤–µ–ª–∏–∫—ã–π (velyk≈∑j) 	–≤–µ–ª–∏–∫–∏–π (velykyj), —á–∏–º–∞–ª–∏–π (ƒçymalyj)														
28	long 	–¥–ª—å–≥—ä (dlƒ≠g≈≠) 	delongo	dlouh√Ω 	d≈Çugi 	dlh√Ω 	d≈Çujki 	do≈Çhi 	–¥—ä–ª—ä–≥ (d«él«ég) 	–¥–æ–ª–≥ (dolg) 	dug 	–¥—É–≥ 	dolg 	–¥–æ—û–≥—ñ (do≈≠hi) 	–¥–ª–∏–Ω–Ω—ã–π (dlinnyj), –¥–æ–ª–≥–∏–π (dolgij) 	–¥–æ–≤–≥—ã–π (dovh≈∑j) 	–¥–æ–≤–≥–∏–π (dovhyj)														
29	wide 	—à–∏—Ä–æ–∫—ä (≈°irok≈≠) 	Skope/reciproke reque proque	≈°irok√Ω 	szeroki 	≈°irok√Ω 	≈°yroki 	≈°ƒõroki 	—à–∏—Ä–æ–∫ (≈°irok) 	—à–∏—Ä–æ–∫ (≈°irok) 	≈°irok 	—à–∏—Ä–æ–∫ 	≈°irok 	—à—ã—Ä–æ–∫—ñ (≈°yroki) 	—à–∏—Ä–æ–∫–∏–π (≈°irokij) 	—à—ã—Ä–æ–∫—ã–π (≈°≈∑rok≈∑j) 	—à–∏—Ä–æ–∫–∏–π (≈°yrokyj)														
30	thick 	–¥—î–±—î–ª—ä (debel≈≠) 	<<??	tlust√Ω, hrub√Ω 	t≈Çusty, gruby 	tlst√Ω, tuƒçn√Ω 	t≈Çusty 	to≈Çsty 	–¥–µ–±–µ–ª (debel) 	–¥–µ–±–µ–ª (debel), –≥—É—Å—Ç (gust) 	debeo 	–¥–µ–±–µ–æ 	debel 	—Ç–æ—û—Å—Ç—ã (to≈≠sty) 	—Ç–æ–ª—Å—Ç—ã–π (tolstyj), –¥–µ–±–µ–ª—ã–π (debelyj), —Ç—É—á–Ω—ã–π (tuƒçnyj) 	—Ç–ª—É—Å—Ç—ã–π (tlust≈∑j) 	—Ç–æ–≤—Å—Ç–∏–π (tovstyj), –≥—Ä—É–±–∏–π (hrubyj), –¥–µ–±–µ–ª–∏–π (debelyj)														
31	heavy 	—Ç—ß–∂—å–∫—ä (tƒô≈æƒ≠k≈≠) 	dense+++ ìÇß ìàñ ìã¥ ìçñ ìäå	tƒõ≈æk√Ω 	ciƒô≈ºki 	≈•a≈æk√Ω 	≈õƒõ≈æki 	ƒáe≈æki 	—Ç–µ–∂—ä–∫ (te≈æ«ék) 	—Ç–µ–∂–æ–∫ (te≈æok) 	te≈æak 	—Ç–µ–∂–∞–∫ 	te≈æek 	—Ü—è–∂–∫—ñ (cja≈æki) 	—Ç—è–∂—ë–ª—ã–π (tja≈æ√≥lyj) —Ç—è–∂–∫–∏–π (tja≈ækij) 	—Ç—è–∂–∫—ã–π (tja≈æk≈∑j) 	–≤–∞–∂–∫–∏–π (va≈ækyj)														
32	small 	–º–∞–ª—ä (mal≈≠) 	(s)mall!	mal√Ω 	ma≈Çy 	mal√Ω 	ma≈Çy 	ma≈Çy 	–º–∞–ª—ä–∫ (mal«ék) 	–º–∞–ª (mal) 	m»Él 	–º–∞Ãë–ª 	majhen 	–º–∞–ª–µ–Ω—å–∫—ñ (maljen πki) 	–º–∞–ª–µ–Ω—å–∫–∏–π (malen πkij), –º–∞–ª—ã–π (malyj) 	–º–∞–ª—ã–π (mal≈∑j), –¥—Ä—ñ–±–Ω—ã–π (dribn≈∑j) 	–º–∞–ª–µ–Ω—å–∫–∏–π (malen πkyj), –º–∞–ª–∏–π (malyj)														
33	short 	–∫—Ä–∞—Ç—ä–∫—ä (krat≈≠k≈≠) 	kurtkc	kr√°tk√Ω 	kr√≥tki 	kr√°tky 	krotki 	kr√≥tki 	–∫—ä—Å (k«és) 	–∫—É—Å (kus), –∫—Ä–∞—Ç–æ–∫ (kratok) 	kratak 	–∫—Ä–∞—Ç–∞–∫ 	kratek 	–∫–∞—Ä–æ—Ç–∫—ñ (karotki) 	–∫–æ—Ä–æ—Ç–∫–∏–π (korotkij), –∫—Ä–∞—Ç–∫–∏–π (kratkij) 	–∫–æ—Ä–æ—Ç–∫—ã–π (korotk≈∑j), –∫—É—Ä—Ç—ã–π (kurt≈∑j) 	–∫–æ—Ä–æ—Ç–∫–∏–π (korotkyj)														
34	narrow 	—´–∑—ä–∫—ä («´z≈≠k≈≠) 	ENG! <<??  —´–∑—ä–∫	√∫zk√Ω 	wƒÖski 	√∫zky 	wuski 	wuski 	—Ç–µ—Å–µ–Ω (tesen) 	—Ç–µ—Å–µ–Ω (tesen) 	uzak 	—É–∑–∞–∫ 	ozek 	–≤—É–∑–∫—ñ (vuzki) 	—É–∑–∫–∏–π (uzkij) 	—É–∑–∫—ã–π (uzk≈∑j) 	–≤—É–∑—å–∫–∏–π (vuz πkyj)														
35	thin 	—Ç—å–Ω—ä–∫—ä (tƒ≠n≈≠k≈≠) 	thin.que ! <<++	tenk√Ω 	cienki 	tenk√Ω 	≈õa≈Ñki 	ƒáe≈Ñki 	—Ç—ä–Ω—ä–∫ (t«én«ék) 	—Ç–µ–Ω–æ–∫ (tenok) 	tanak 	—Ç–∞–Ω–∞–∫ 	tanek 	—Ç–æ–Ω–∫—ñ (tonki) 	—Ç–æ–Ω–∫–∏–π (tonkij) 	—Ç–æ–Ω–∫—ã–π (tonk≈∑j) 	—Ç–æ–Ω–∫–∏–π (tonkyj)														
36	woman 	–∂—î–Ω–∞ (≈æena) 	gyna zena! <<	≈æena 	kobieta 	≈æena 	≈æe≈Ñska 	≈æona 	–∂–µ–Ω–∞ (≈æena) 	–∂–µ–Ω–∞ (≈æena) 	≈æena 	–∂–µ–Ω–∞ 	≈æenska 	–∂–∞–Ω—á—ã–Ω–∞ (≈æanƒçyna) 	–∂–µ–Ω—â–∏–Ω–∞ (≈æen≈°ƒçina) 	–∂–µ–Ω–∞ (≈æena) 	–∂—ñ–Ω–∫–∞ (≈æinka)														
37	man	–º—´–∂—å (m«´≈æƒ≠) 	man≈æel++ Mensch <> —´ eng!	mƒô≈ºczyzna 	mu≈æ 	muski 	mu≈æ, muski 	–º—ä–∂ (m«é≈æ) 	–º–∞–∂ (ma≈æ) 	mu≈°karac 	–º—É—à–∫–∞—Ä–∞—Ü 	mo≈°ki 	–º—É–∂—á—ã–Ω–∞ (mu≈æƒçyna) 	–º—É–∂—á–∏–Ω–∞ (mu≈æƒçina) 	–º—É–∂ (mu≈æ) 	–º—É–∂—á–∏–Ω–∞ (mu≈æƒçyna), —áo–ª–æ–≤i–∫ (ƒçolovik), –º—É–∂ (mu≈æ), –º—É–∂–∏–∫ (mu≈æyk)															
38	human	—á–ª–æ–≤—£–∫—ä (ƒçlovƒõk≈≠) 	<<?? kleute? ‚â† Clovis	cz≈Çowiek 	ƒçlovek 	lu≈∫ 	ƒç≈Çowjek 	—á–æ–≤–µ–∫ (ƒçovek) 	—á–æ–≤–µ–∫ (ƒçovek) 	ƒçovek, ƒçovjek 	—á–æ–≤–µ–∫, —á–æ–≤—ò–µ–∫ 	ƒçlovek 	—á–∞–ª–∞–≤–µ–∫ (ƒçalavjek) 	—á–µ–ª–æ–≤–µ–∫ (ƒçelovek) 	—áo–ª–æ–≤i–∫ (ƒçolovik) 	–ª—é–¥–∏–Ω–∞ (ljudyna)															
39	(a youth) 	–¥—£—Ç—å (dƒõtƒ≠), –æ—Ç—Ä–æ–∫—ä (otrok≈≠) 	<> dimu!!	d√≠tƒõ 																											
40	wife 	–∂—î–Ω–∞ (≈æena) 	gyna zena! <<	≈æena,																											
40	wife 	man≈æelka, cho≈• 	man≈æel.qua << ! +	≈æe≈Ñska, ≈ºona, ma≈Ç≈ºonka 	mand≈∫elska, ≈æona 	—Å—ä–ø—Ä—É–≥–∞ (s«épruga), –∂–µ–Ω–∞ (≈æena) 	—Å–æ–ø—Ä—É–≥–∞ (sopruga)	supruga, ≈æena 	—Å—É–ø—Ä—É–≥–∞, –∂–µ–Ω–∞ 	soproga, ≈æena 	–∂–æ–Ω–∫–∞ (≈æonka) 	–∂–µ–Ω–∞ (≈æena), —Å—É–ø—Ä—É–≥–∞ (supruga) 	–∂–æ–Ω–∞ (≈æona) 	–¥—Ä—É–∂–∏–Ω–∞ (dru≈æyna), –∂—ñ–Ω–∫–∞ (≈æinka)																	
41	husband 	–º—´–∂—å (m«´≈æƒ≠) 	manz Mensch <> —´ eng!	mu≈æ,																											
41	husband 	man≈æel, cho≈• 	manz Mensch <> —´ eng!	c≈Çowjek, mƒÖ≈º  	mand≈∫elski, mu≈æ 	—Å—ä–ø—Ä—É–≥ (s«éprug), –º—ä–∂ (m«é≈æ) 	–º–∞–∂ (ma≈æ), —Å–æ–ø—Ä—É–≥ (soprug) 	mu≈æ, suprug 	–º—É–∂, —Å—É–ø—Ä—É–≥ 	mo≈æ, soprog 	–º—É–∂ (mu≈æ) 	–º—É–∂ (mu≈æ), —Å—É–ø—Ä—É–≥ (suprug) 	–º—É–∂ (mu≈æ), –º–∞–Ω–∂–µ–ª (man≈æel) 	–º—É–∂ (mu≈æ), —á–æ–ª–æ–≤—ñ–∫ (ƒçolovik)																	
42	mother 	–º–∞—Ç–∏ (mati) 	‚úî	matka, m√°ma, arch. mate≈ô 	matka 	matka, mama, ma≈• 	ma≈õ 	maƒá 	–º–∞–π–∫–∞ (majka) 	–º–∞—ò–∫–∞ (majka) 	majka, mati 	–º–∞—ò–∫–∞, –º–∞—Ç–∏ 	mati 	–º–∞—Ü—ñ (maci) 	–º–∞—Ç—å (mat π), –º–∞—Ç–µ—Ä—å (mater π) 	–º–∞—Ç–∏ (maty), –º–∞—Ç—ó—Ä—å (matjir π), –º–∞–º–∞ (mama) 	–º–∞—Ç–∏ (maty), –º–∞—Çi—Ä (matir), –Ω–µ–Ω—å–∫–∞ (nen πka)														
43	father 	–æ—Ç—å—Ü—å (otƒ≠cƒ≠) 	(ph)otec!	otec 	ojciec 	otec 	nan 	nan 	–±–∞—â–∞ (ba≈°ta) 	—Ç–∞—Ç–∫–æ (tatko) 	otac 	–æ—Ç–∞—Ü 	oƒçe 	–±–∞—Ü—å–∫–∞ (bac πka), —Ç–∞—Ç–∞ (tata) 	–æ—Ç–µ—Ü (otec), –±–∞—Ç—å–∫–∞ (bat πka) 	–æ—Ç–µ—Ü—å (otec π), –Ω—è–Ω—ë (njanjo), –Ω—è–Ω—å–∫–æ (njan πko) 	–±–∞—Ç—å–∫–æ (bat πko), —Ç–∞—Ç–æ (tato)														
44	animal 	–∑–≤—£—Ä—å (zvƒõrƒ≠) 	Dzeri ìÑõ tvier zwerg!?! <<	zv√≠≈ôe 	zwierzƒô 	≈æivoƒç√≠ch, zviera 	zwƒõrje 	zwƒõrjo 	–∂–∏–≤–æ—Ç–Ω–æ (≈æivotno) 	–∂–∏–≤–æ—Ç–Ω–æ (≈æivotno) 	≈æivotinja, zver, zvijer 	–∂–∏–≤–æ—Ç–∏—ö–∞, –∑–≤–µ—Ä, –∑–≤–∏—ò–µ—Ä 	≈æival, zver 	–∂—ã–≤—ë–ª–∞ (≈æyvj√≥la), –∂—ã–≤—ë–ª—ñ–Ω–∞ (≈æyvj√≥lina), –∑–≤–µ—Ä (zvjer) 	–∑–≤–µ—Ä—å (zver π), –∂–∏–≤–æ—Ç–Ω–æ–µ (≈æivotnoje) 	–∑–≤—ñ—Ä—è (zvirja), –∂—ã–≤–∏–Ω–∞ (≈æ≈∑vyna) 	–∑–≤—ñ—Ä (zvir), —Ç–≤–∞—Ä–∏–Ω–∞ (tvaryna)														
45	fish 	—ÄÍôë–±–∞ (ryba) 	@river!	ryba 	ryba 	ryba 	ryba 	ryba 	—Ä–∏–±–∞ (riba) 	—Ä–∏–±–∞ (riba) 	riba 	—Ä–∏–±–∞ 	riba 	—Ä—ã–±–∞ (ryba) 	—Ä—ã–±–∞ (ryba) 	—Ä—ã–±–∞ (r≈∑ba) 	—Ä–∏–±–∞ (ryba)														
46	bird 	–ø—ä—Ç–∏—Ü–∞ (p≈≠tica) 	ìÖìpt!	pt√°k 	ptak 	vt√°k 	pta≈°k 	ptaƒçk, ptak 	–ø—Ç–∏—Ü–∞ (ptica) 	–ø—Ç–∏—Ü–∞ (ptica) 	ptica 	–ø—Ç–∏—Ü–∞ 	ptica 	–ø—Ç—É—à–∫–∞ (ptu≈°ka) 	–ø—Ç–∏—Ü–∞ (ptica), –ø—Ç–∞—Ö–∞ (ptaxa) (poetic) 	–ø—Ç–∞—Ö (ptax) 	–ø—Ç–∞—Ö (ptax), –ø—Ç–∞—Ö–∞ (ptaxa)														
47	dog 	–ø—å—Å—ä (pƒ≠s≈≠) 	<<??	pes 	pies 	pes 	pjas 	psyk 	–∫—É—á–µ (kuƒçe), –ø–µ—Å (pes) 	–∫—É—á–µ (kuƒçe), –ø–µ—Å (pes) 	pas 	–ø–∞—Å 	pes 	—Å–∞–±–∞–∫–∞ (sabaka) 	—Å–æ–±–∞–∫–∞ (sobaka), –ø—ë—Å (pjos) 	–ø–µ—Å (pes) 	—Å–æ–±–∞–∫–∞ (sobaka), –ø–µ—Å (pes)														
48	louse 	–≤—ä—à—å (v≈≠≈°ƒ≠) 	le‚Äôvus = Laus ++	ve≈° 	wesz 	vo≈° 	we≈° 	wo≈° 	–≤—ä—à–∫–∞ (v«é≈°ka) 	–≤–æ—à–∫–∞ (vo≈°ka) 	u≈°, va≈° 	—É—à, –≤–∞—à 	u≈° 	–≤–æ—à (vo≈°) 	–≤–æ—à—å (vo≈° π) 	—É—à–∞ (u≈°a) 	–≤–æ—à–∞ (vo≈°a)														
49	snake 	–∑–º–∏Íôó (zmija) 	ìéõ ìÜë ìÑø ìÖÇ hvad! Pyth=wu≈æ ++	had, zmije (only one particular species) 	wƒÖ≈º 	had 	wu≈æ 	had 	–∑–º–∏—è (zmija) 	–∑–º–∏—ò–∞ (zmija) 	zmija 	–∑–º–∏—ò–∞ 	kaƒça 	–∑–º—è—è (zmjaja) 	–∑–º–µ—è (zmeja), —É–∂ (u≈æ), –≥–∞–¥—é–∫–∞ (gadjuka), –≥–∞–¥ (had) (obsolete) 	–≥–∞–¥ (had) 	–≥–∞–¥—é–∫–∞ (hadjuka), –≤—É–∂ (vu≈æ), –∑–º—ñ—è (zmija), –≥–∞–¥ (had) (obsolete)														
50	worm 	—á—Ä—å–≤—å (ƒçrƒ≠vƒ≠) 	<> crawl kr√ºmm –∑–º–∏Íôó	ƒçerv 	robak, czerw 	ƒçerv, ƒçerv√≠k 	wu≈æe≈Ñc, cerw 	waka, ƒçerw 	—á–µ—Ä–≤–µ–π (ƒçervej) 	—Ü—Ä–≤ (crv) 	crv 	—Ü—Ä–≤ 	ƒçrv 	—á–∞—Ä–≤—è–∫ (ƒçarvjak) 	—á–µ—Ä–≤—å (ƒçerv π), —á–µ—Ä–≤—è–∫ (ƒçervjak) 	—á–µ—Ä–≤—è–∫ (ƒçervjak) 	—á–µ—Ä–≤'—è–∫ (ƒçerv ∫jak), —Ö—Ä–æ–±–∞–∫ (xrobak)														
51	tree 	–¥—Ä—£–≤–æ (drƒõvo) tree	Eischtrom / Baum:bom,b√≥r.um	strom 	drzewo 	strom 	bom 	≈°tom 	–¥—ä—Ä–≤–æ (d«érvo) 	–¥—Ä–≤–æ (drvo) 	drvo 	–¥—Ä–≤–æ 	drevo 	–¥—Ä—ç–≤–∞ (dreva) 	–¥–µ—Ä–µ–≤–æ (derevo) 	–¥–µ—Ä–µ–≤–æ (derevo), —Å—Ç—Ä–æ–º (strom), —Å—Ç—Ä—ñ–º (strim) 	–¥–µ—Ä–µ–≤–æ (derevo)														
52	forest 	–ª—£—Å—ä (lƒõs≈≠) 	lerche Êûó l√≠nde , b√≥r.ma	les 	las, b√≥r 	les 	g√≥la, lƒõs 	lƒõs 	–≥–æ—Ä–∞ (gora), –ª–µ—Å (les), —à—É–º–∞ (≈°uma) 	—à—É–º–∞ (≈°uma) 	≈°uma, gora 	—à—É–º–∞, –≥–æ—Ä–∞ 	gozd 	–ª–µ—Å (ljes) 	–ª–µ—Å (les) 	–ª√Ø—Å (l√Øs) 	–ª—ñ—Å (lis), –¥—ñ–±—Ä–æ–≤–∞ (dibrova)														
53	stick (wood)	–ø–∞–ª–∏—Ü–∞ (palica) 	Brett?	patyk, prƒôt, pa≈Çka, h≈Øl, klacek, prut, k≈Øl, p√°lka 	palica, tyƒç 	kij 	kij 	–ø–∞–ª–∫–∞ (palka), –ø—Ä—ä—á–∫–∞ (pr«éƒçka), –±–∞—Å—Ç—É–Ω (bastun) 	—Å—Ç–∞–ø (stap), –ø—Ä–∞—á–∫–∞ (praƒçka) 	prut, palica 	–ø—Ä—É—Ç, –ø–∞–ª–∏—Ü–∞ 	palica 	–∫—ñ–π (kij), –ø–∞–ª–∫–∞ (palka) 	–ø–∞–ª–∫–∞ (palka) 	–ø–∞–ª—ñ—Ü—è (palicja) 	–ø–∞–ª–∏—Ü—è (palycja), –ø–∞–ª–∫–∞ (palka), –ø–∞—Ç–∏–∫ (patyk), –ø—Ä—É—Ç (prut)															
54	fruit 	–æ–≤–æ—â—î (ovo≈°te) 	phruit->p≈Ç√≥d ovus:ei?	ovoce, plod 	owoc 	ovocie 	p≈Çod 	p≈Ç√≥d 	–ø–ª–æ–¥ (plod), –æ–≤–æ—à–∫–∞ (ovo≈°ka) 	–æ–≤–æ—à—ò–µ (ovo≈°je), –ø–ª–æ–¥ (plod) 	voƒáe, plod 	–≤–æ—õ–µ, –ø–ª–æ–¥ 	sadje, plod 	—Å–∞–¥–∞–≤—ñ–Ω–∞ (sadavina) 	—Ñ—Ä—É–∫—Ç (frukt), –ø–ª–æ–¥ (plod) 	–æ–≤–æ—Ü–∏–Ω–∞ (ovocyna) 	—Ñ—Ä—É–∫—Ç (frukt), –ø–ª—ñ–¥ (plid) (also vegetable), –æ–≤–æ—á (ovoƒç)														
55	seed 	—Å—£–º—ß (sƒõmƒô) 	Semen —ßen:pent 5	semeno, arch. s√©mƒõ 	nasienie, nasiono, siemiƒô 	semeno 	semje 	symjo 	—Å–µ–º–µ (seme) 	—Å–µ–º–µ (seme) 	seme, sjeme 	—Å–µ–º–µ, —Å—ò–µ–º–µ 	seme 	–Ω–∞—Å–µ–Ω—å–Ω–µ (nasjen πnje) 	—Å–µ–º—è (semja), —Å–µ–º–µ–Ω–∞ (semena) 	–Ω–∞—Å—ó–Ω—è (nasjinja) 	–Ω–∞—Å—ñ–Ω–Ω—è (nasinnja), —Åi–º'—è (sim ∫ja) (rare)														
56	leaf 	–ª–∏—Å—Ç—ä (list≈≠) 	Leaf ~ –ª–∏—Å—Ç—ä (list≈≠) Laubest	list 	li≈õƒá 	list 	list 	lisƒáo 	–ª–∏—Å—Ç (list) 	–ª–∏—Å—Ç (list) 	list 	–ª–∏—Å—Ç 	list 	–ª—ñ—Å—Ç (list) 	–ª–∏—Å—Ç (list) 	–ª–∏—Å—Ç (lyst) 	–ª–∏—Å—Ç (lyst)														
57	root 	–∫–æ—Ä—î–Ω—å (korenƒ≠) 	CORE ++	ko≈ôen 	korze≈Ñ 	kore≈à 	k√≥rje≈Ñ 	korje≈Ñ 	–∫–æ—Ä–µ–Ω (koren) 	–∫–æ—Ä–µ–Ω (koren) 	koren, korijen 	–∫–æ—Ä–µ–Ω, –∫–æ—Ä–∏—ò–µ–Ω 	koren 	–∫–æ—Ä–∞–Ω—å (koran π) 	–∫–æ—Ä–µ–Ω—å (koren π) 	–∫–æ—Ä—ó–Ω—å (korjin π) 	–∫–æ—Ä—ñ–Ω—å (korin π), –∫–æ—Ä—ñ–Ω–Ω—è (korinnja), –∫–æ—Ä–µ–Ω–µ–≤–∏—â–µ (korenevy≈°ƒçe)														
58	bark (of tree)	–∫–æ—Ä–∞ (kora) 	Kore <> kreis	kora 	k√¥ra 	≈°k√≥ra 	skora 	–∫–æ—Ä–∞ (kora) 	–∫–æ—Ä–∞ (kora) 	kora 	–∫–æ—Ä–∞ 	skorja 	–∫–∞—Ä–∞ (kara) 	–∫–æ—Ä–∞ (kora) 	–∫–æ—Ä–∞ (kora) 	–∫–æ—Ä–∞ (kora)															
59	flower 	—Ü–≤—£—Ç—ä (cvƒõt≈≠) 	<<?? ‚â† quitten	kvƒõt 	kwiat 	kvet 	kwƒõtk 	kwƒõtka 	—Ü–≤–µ—Ç–µ (cvete) 	—Ü–≤–µ—Ç (cvet) 	cvet, cvijet 	—Ü–≤–µ—Ç, —Ü–≤–∏—ò–µ—Ç 	cvet 	–∫–≤–µ—Ç–∫–∞ (kvjetka) 	—Ü–≤–µ—Ç–æ–∫ (cvetok) 	–∫–≤i—Ç–∫–∞ (kvitka) 	–∫–≤—ñ—Ç–∫–∞ (kvitka)														
60	grass 	—Ç—Ä–∞–≤–∞ (trava) 	<<??	tr√°va 	trawa 	tr√°va 	t≈°awa 	trawa 	—Ç—Ä–µ–≤–∞ (treva) 	—Ç—Ä–µ–≤–∞ (treva) 	trava 	—Ç—Ä–∞–≤–∞ 	trava 	—Ç—Ä–∞–≤–∞ (trava) 	—Ç—Ä–∞–≤–∞ (trava) 	—Ç—Ä–∞–≤–∞ (trava) 	—Ç—Ä–∞–≤–∞ (trava)														
61	rope 	–≤–µ—Ä–≤—å (vervƒ≠) 	line, Schnur, powr√≥d/powr√≥pe ?	lano, provaz, ≈°≈à≈Øra 	sznur, lina, powr√≥z 	lano, povraz, ≈°n√∫ra 	powrjoz 	powjaz 	–≤—ä–∂–µ (v«é≈æe) 	—ò–∞–∂–µ (ja≈æe), –∫–æ–Ω–æ–ø (konop) 	u≈æe, konopac, kanap 	—É–∂–µ, –∫–æ–Ω–æ–ø–∞—Ü, –∫–∞–Ω–∞–ø 	vrv 	–≤—è—Ä–æ—û–∫–∞ (vjaro≈≠ka), —à–Ω—É—Ä (≈°nur) 	–≤–µ—Ä—ë–≤–∫–∞ (verj√≥vka), —à–Ω—É—Ä (≈°nur) 	—à–ø–∞—Ä“ë–∞ (≈°parga), —à–Ω—É—Ä–∞ (≈°nura) 	—à–Ω—É—Ä (≈°nur), –º–æ—Ç—É–∑ (motuz), –≤i—Ä—åo–≤–∫–∞ (vir πovka)														
62	skin	–∫–æ–∂–∞ (ko≈æa) 	skinze s‚Äôkore <<> secure bark	sk√≥ra 	ko≈æa 	k√≥≈æa 	ko≈æa 	–∫–æ–∂–∞ (ko≈æa) 	–∫–æ–∂–∞ (ko≈æa) 	ko≈æa 	–∫–æ–∂–∞ 	ko≈æa 	—Å–∫—É—Ä–∞ (skura) 	–∫–æ–∂–∞ (ko≈æa), —à–∫—É—Ä–∞ (≈°kura) (colloquial) 	—Å–∫–æ—Ä–∞ (skora) 	—à–∫—ñ—Ä–∞ (≈°kira)															
63	meat (as in flesh) 	–º—ß—Å–æ (mƒôso) 	meatho~messo <> eat munch —ß	maso 	miƒôso 	m√§so 	mƒõso 	mjaso 	–º–µ—Å–æ (meso) 	–º–µ—Å–æ (meso) 	meso 	–º–µ—Å–æ 	meso 	–º—è—Å–∞ (mjasa) 	–º—è—Å–æ (mjaso) 	–º—è—Å–æ (mjaso), –º–Ω—è—Å–æ (mnjaso) 	–º'—è—Å–æ (m ∫jaso)														
64	blood 	–∫—ÄÍôë (kry), —Ä—É–¥–∞ (ruda) 	Kyrota <<	krev 	krew 	krv 	k≈°ej 	krej 	–∫—Ä—ä–≤ (kr«év) 	–∫—Ä–≤ (krv) 	krv 	–∫—Ä–≤ 	kri 	–∫—Ä–æ—û (kro≈≠) 	–∫—Ä–æ–≤—å (krov π) 	–∫—Ä–æ–≤ (krov) 	–∫—Ä–æ–≤ (krov)														
65	bone 	–∫–æ—Å—Ç—å (kostƒ≠) 	Kosteo ++ <> mEat	kost 	ko≈õƒá 	kos≈• 	k√≥sƒá 	k√≥sƒá 	–∫–æ—Å—Ç (kost), –∫–æ–∫–∞–ª (kokal) 	–∫–æ—Å–∫–∞ (koska) 	kost 	–∫–æ—Å—Ç 	kost 	–∫–æ—Å—Ç–∫–∞ (kostka) 	–∫–æ—Å—Ç—å (kost π) 	–∫—ñ—Å—Ç—å (kist π), –∫—ñ—Å—Ç–∫–∞ (kistka) 	–∫—ñ—Å—Ç—å (kist π), –∫—ñ—Å—Ç–∫–∞ (kistka)														
66	fat(noun) 	—Ç–æ—É–∫—ä (tuk≈≠) 	ìéô ìÇß ìèå ìè• ?	tuk, s√°dlo, maz 	t≈Çuszcz, sad≈Ço 	sadlo, tuk 	tucne 	tuk 	–º–∞–∑–Ω–∏–Ω–∞ (maznina) 	–º–∞—Å—Ç (mast), —Å–∞–ª–æ (salo) 	debljina, salo 	–¥–µ–±—ô–∏–Ω–∞, —Å–∞–ª–æ 	ma≈°ƒçoba, salo 	—Ç–ª—É—à—á (tlu≈°ƒç) 	–∂–∏—Ä (≈æir), —Å–∞–ª–æ (salo) 	–∂—ã—Ä (≈æ≈∑r), —Å–º–∞—Ä (smar) 	–∂–∏—Ä (≈æyr), —Å–∞–ª–æ (salo), —Å–º–∞–ªe—Ü—å (smalec π)														
67	egg 	–∞–∏—Ü—î (aice) 	Vejjaune <<	vejce 	jajko 	vajce 	jajo 	jejo 	—è–π—Ü–µ (jajce) 	—ò–∞—ò—Ü–µ (jajce) 	jaje 	—ò–∞—ò–µ 	jajce 	—è–π–∫–∞ (jajka) 	—è–π—Ü–æ (jajco) 	—è–π—Ü–µ (jajce) 	—è–π—Ü–µ (jajce)														
68	horn 	—Ä–æ–≥—ä (rog≈≠) 	<<?? +?	roh 	r√≥g 	roh 	rog 	r√≥h 	—Ä–æ–≥ (rog) 	—Ä–æ–≥ (rog) 	rog 	—Ä–æ–≥ 	rog 	—Ä–æ–≥ (roh) 	—Ä–æ–≥ (rog) 	—Ä—ñ–≥ (rih) 	—Ä—ñ–≥ (rih)														
69	tail 	–æ–ø–∞—à—ä (opa≈°≈≠), —Ö–≤–æ—Å—Ç—ä (xvost≈≠) 	schanzt, wopu≈°?	ocas, ohon, chvost 	ogon 	chvost 	wogon 	wopu≈° 	–æ–ø–∞—à–∫–∞ (opa≈°ka) 	–æ–ø–∞—à–∫–∞ (opa≈°ka) 	rep 	—Ä–µ–ø 	rep 	—Ö–≤–æ—Å—Ç (xvost) 	—Ö–≤–æ—Å—Ç (xvost) 	—Ö–≤—ñ—Å—Ç (xvist) 	—Ö–≤—ñ—Å—Ç (xvist)														
70	feather 	–ø–µ—Ä—ó–µ (perie) 	Ptero ++	pero 	pi√≥ro 	pero 	pjero 	pjerjo 	–ø–µ—Ä–æ (pero) 	–ø–µ—Ä–æ (pero) 	pero 	–ø–µ—Ä–æ 	pero 	–ø—è—Ä–æ (pjaro) 	–ø–µ—Ä–æ (pero) 	–ø–µ—Ä–æ (pero) 	–ø–µ—Ä–æ (pero), –ø—ñ—Ä'—ó–Ω–∞ (pir ∫jina)														
71	hair 	–≤–ª–∞—Å—ä (vlas≈≠) 	Flausen, Flusen, Fusseln ++	vlasy 	w≈Çosy 	vlasy 	w≈Çose 	w≈Çosy 	–∫–æ—Å–∞ (kosa), –∫–æ—Å—ä–º (kos«ém) 	–∫–æ—Å–∞ (kosa), –≤–ª–∞–∫–Ω–æ (vlakno) 	kosa, vlas 	–∫–æ—Å–∞, –≤–ª–∞—Å 	lasje 	–≤–∞–ª–∞—Å—ã (valasy) 	–≤–æ–ª–æ—Å—ã (volosy), –∫–æ—Å–º—ã (kosmy), –∫–æ—Å–∞ (kosa) 	–≤–æ–ª–æ—Å—è (volosja), –≤–æ–ª–æ—Å—ã (volos≈∑) 	–≤–æ–ª–æ—Å—Å—è (volossja), –∫–æ—Å–∏ (kosy)														
72	head 	–≥–ª–∞–≤–∞ (glava) 	–≥–æ–ª–æ–≤–∞ (gholova) <> glauben << 	hlava 	g≈Çowa 	hlava 	g≈Çowa 	h≈Çowa 	–≥–ª–∞–≤–∞ (glava) 	–≥–ª–∞–≤–∞ (glava) 	glava 	–≥–ª–∞–≤–∞ 	glava 	–≥–∞–ª–∞–≤–∞ (halava) 	–≥–æ–ª–æ–≤–∞ (golova) 	–≥–æ–ª–æ–≤–∞ (holova) 	–≥–æ–ª–æ–≤–∞ (holova)														
73	ear 	–æ—É—Ö–æ (uxo) 	ohear	ucho 	ucho 	ucho 	wucho 	wucho 	—É—Ö–æ (uho) 	—É–≤–æ (uvo) 	uvo, uho 	—É–≤–æ, —É—Ö–æ 	uho 	–≤—É—Ö–∞ (vuxa) 	—É—Ö–æ (uxo) 	—É—Ö–æ (uxo) 	–≤—É—Ö–æ (vuxo)														
74	eye 	–æ–∫–æ (oko) 	oykul.us	oko 	oko 	oko 	woko 	w√≥ƒçko 	–æ–∫–æ (oko) 	–æ–∫–æ (oko) 	oko 	–æ–∫–æ 	oko 	–≤–æ–∫–∞ (voka) 	–≥–ª–∞–∑ (glaz), –æ–∫–æ (oko) (poetic) 	–æ–∫–æ (oko) 	–æ–∫–æ (oko)														
75	nose 	–Ω–æ—Å—ä (nos≈≠) 	‚úî	nos 	nos 	nos 	nos 	n√≥s 	–Ω–æ—Å (nos) 	–Ω–æ—Å (nos) 	nos 	–Ω–æ—Å 	nos 	–Ω–æ—Å (nos) 	–Ω–æ—Å (nos) 	–Ω—ñ—Å (nis) 	–Ω—ñ—Å (nis)														
76	mouth 	–æ—É—Å—Ç–∞ (usta) 	Mousta / pusta / ghuba / rot!	√∫sta, pusa, huba (expr.) 	usta 	√∫sta 	guba 	huba 	—É—Å—Ç–∞ (usta) 	—É—Å—Ç–∞ (usta) 	usta 	—É—Å—Ç–∞ 	usta 	—Ä–æ—Ç (rot), –≤—É—Å–Ω—ã (vusny) 	—Ä–æ—Ç (rot), —É—Å—Ç–∞ (usta) (poetic) 	—É—Å—Ç–∞ (usta), —Ä–æ—Ç (rot) 	—Ä–æ—Ç (rot), –≤—É—Å—Ç–∞ (vusta), —É—Å—Ç–∞ (usta), –≥—É–±–∞ (huba)														
77	tooth (rather not molar) 	–∑—´–±—ä (z«´b≈≠) 	Zahnbe ++ << 7? ‚àë‚àë	zub 	zƒÖb 	zub 	zub 	zub 	–∑—ä–± (z«éb) 	–∑–∞–± (zab) 	zub 	–∑—É–± 	zob 	–∑—É–± (zub) 	–∑—É–± (zub) 	–∑—É–± (zub) 	–∑—É–± (zub)														
78	tongue 	—©–∑Íôë–∫—ä (jƒôzyk≈≠) 	JaZynge <<	jazyk 	jƒôzyk 	jazyk 	jƒõzyk 	jazyk 	–µ–∑–∏–∫ (ezik) 	—ò–∞–∑–∏–∫ (jazik) 	jezik 	—ò–µ–∑–∏–∫ 	jezik 	—è–∑—ã–∫ (jazyk) 	—è–∑—ã–∫ (jazyk) 	—è–∑—ã–∫ (jaz≈∑k) 	—è–∑–∏–∫ (jazyk)														
79	fingernail 	–Ω–æ–≥—ä—Ç—å (nog≈≠tƒ≠) 	NagelTi	nehet 	paznokieƒá 	necht 	nok≈õ 	nochƒá 	–Ω–æ–∫—ä—Ç (nok«ét) 	–Ω–æ–∫—Ç (nokt) 	nokat 	–Ω–æ–∫–∞—Ç 	noht 	–ø–∞–∑–Ω–æ–≥–∞—Ü—å (paznohac π) 	–Ω–æ–≥–æ—Ç—å (nogot π) 	–Ω–æ—Ö–æ—Ç—å (noxot π) 	–Ω—ñ–≥–æ—Ç—å (nihot π)														
80	foot 	—Å—Ç–æ–ø–∞ (stopa) 	stoPA posD !!! << stamp,stop,‚Ä¶	noha, chodidlo, stopa 	stopa 	chodidlo 	noga 	noha 	–∫—Ä–∞–∫ (krak), —Å—Ç—ä–ø–∞–ª–æ (st«épalo) 	—Å—Ç–∞–ø–∞–ª–æ (stapalo) 	stopa, stopalo 	—Å—Ç–æ–ø–∞, —Å—Ç–æ–ø–∞–ª–æ 	stopalo 	—Å—Ç—É–ø–Ω—è (stupnja) 	—Å—Ç–æ–ø–∞ (stopa), —Å—Ç—É–ø–Ω—è (stupnja) 	—Å—Ç–æ–ø–∞ (stopa) 	—Å—Ç–æ–ø–∞ (stopa), —Å—Ç—É–ø–Ω—è (stupnja)														
81	leg 	–Ω–æ–≥–∞ (noga) 	<<?? !!	noha 	noga 	noha 	noga 	noha 	–∫—Ä–∞–∫ (krak) 	–Ω–æ–≥–∞ (noga) 	noga 	–Ω–æ–≥–∞ 	noga 	–Ω–∞–≥–∞ (naha) 	–Ω–æ–≥–∞ (noga) 	–Ω–æ–≥–∞ (noha) 	–Ω–æ–≥–∞ (noha)														
82	knee 	–∫–æ–ª—£–Ω–æ (kolƒõno) 	Gelenk++ <> Geangle !!!	koleno 	kolano 	koleno 	k√≥leno 	koleno 	–∫–æ–ª—è–Ω–æ (koljano) 	–∫–æ–ª–µ–Ω–æ (koleno) 	koleno, koljeno 	–∫–æ–ª–µ–Ω–æ, –∫–æ—ô–µ–Ω–æ 	koleno 	–∫–∞–ª–µ–Ω–∞ (kaljena) 	–∫–æ–ª–µ–Ω–æ (koleno) 	–∫–æ–ª—ó–Ω–æ (koljino) 	–∫–æ–ª—ñ–Ω–æ (kolino)														
83	hand 	—Ä—´–∫–∞ (r«´ka) 	reichen!! ìÇãìÇûìÇù 	ruka, dla≈à 	rƒôka, d≈Ço≈Ñ 	ruka 	ruka 	ruka 	—Ä—ä–∫–∞ (r«éka) 	—Ä–∞–∫–∞ (raka) 	ruka 	—Ä—É–∫–∞ 	roka 	—Ä—É–∫–∞ (ruka), –¥–∞–ª–æ–Ω—å (dalon π) 	—Ä—É–∫–∞ (ruka), –ª–∞–¥–æ–Ω—å (ladon π) 	—Ä—É–∫–∞ (ruka) 	—Ä—É–∫–∞ (ruka), –¥–æ–ª–æ–Ω—è (dolonja)														
84	wing 	–∫—Ä–∏–ª–æ (krilo) 	<<??	k≈ô√≠dlo 	skrzyd≈Ço 	kr√≠dlo 	k≈õid≈Ço 	k≈ôid≈Ço 	–∫—Ä–∏–ª–æ (krilo) 	–∫—Ä–∏–ª–æ (krilo) 	krilo 	–∫—Ä–∏–ª–æ 	krilo 	–∫—Ä—ã–ª–æ (krylo) 	–∫—Ä—ã–ª–æ (krylo) 	–∫—Ä—ã–ª–æ (kr≈∑lo) 	–∫—Ä–∏–ª–æ (krylo)														
85	belly 	—á—Ä—£–≤–æ (ƒçrƒõvo) 	ìÑ° skrotum crevice? Bruch:Bauch!?	b≈ôicho 	brzuch 	brucho 	brjuch 	brjuch 	–∫–æ—Ä–µ–º (korem) 	—Å—Ç–æ–º–∞–∫ (stomak) 	trbuh, stomak 	—Ç—Ä–±—É—Ö, —Å—Ç–æ–º–∞–∫ 	trebuh 	–∂—ã–≤–æ—Ç (≈æyvot) 	–∂–∏–≤–æ—Ç (≈æivot), –±—Ä—é—Ö–æ (brjuxo) (coll.), –ø—É–∑–æ (puzo) (coll.) 	—á–µ—Ä–µ–≤–æ (ƒçerevo), –±—Ä—ñ—Ö (brix) 	–∂–∏–≤—ñ—Ç (≈æyvit), —á–µ—Ä–µ–≤–æ (ƒçerevo), –ø—É–∑–æ (puzo)														
86	guts 	—´—Ç—Ä–æ–±–∞ («´troba), —á—Ä—£–≤–æ (ƒçrƒõvo) 	<<??	vnit≈ônosti, √∫troby 	wnƒôtrzno≈õci 	vn√∫tornosti 	crjowo 	ƒçrjewa 	–≤—ä—Ç—Ä–µ—à–Ω–æ—Å—Ç–∏ (v«étre≈°nosti) 	—Ü—Ä–µ–≤–∞ (creva) 	creva, utroba, crijeva 	—Ü—Ä–µ–≤–∞, —É—Ç—Ä–æ–±–∞, —Ü—Ä–∏—ò–µ–≤–∞ 	drobovje 	–≤–∞–Ω—Ç—Ä–æ–±—ã (vantroby) 	–≤–Ω—É—Ç—Ä–µ–Ω–Ω–æ—Å—Ç–∏ (vnutrennosti), –∫–∏—à–∫–∏ (ki≈°ki), —É—Ç—Ä–æ–±–∞ (utroba), —á—Ä–µ–≤–æ (ƒçrevo) 	–∫—ã—à–∫—ã (k≈∑≈°k≈∑), —Ñ–ª—è–∫—ã (fljak≈∑) 	–Ω—É—Ç—Ä–æ—â—ñ (nutro≈°ƒçi), –∫–∏—à–∫–∏ (ky≈°ky), —á–µ—Ä–µ–≤–æ (ƒçerevo), –ø–æ—Ç—Ä–æ—Ö (potrox)														
87	neck 	—à—ó—ß (≈°iƒô) 	<<?? sinus?	krk, ≈°√≠je 	szyja, kark 	krk 	≈°yja 	≈°ija 	–≤—Ä–∞—Ç (vrat), —à–∏—è (≈°ija) 	–≤—Ä–∞—Ç (vrat), —à–∏—ò–∞ (≈°ija) 	vrat 	–≤—Ä–∞—Ç 	vrat 	—à—ã—è (≈°yja) 	—à–µ—è (≈°eja) 	—à—ã—è (≈°≈∑ja) 	—à–∏—è (≈°yja)														
88	back 	—Ö—Ä–µ–±–µ—Ç—ä (xrebet≈≠) 	<<?? !! ?	z√°da, h≈ôbet 	plecy, grzbiet 	chrb√°t 	k≈õebjat 	chribjet 	–≥—Ä—ä–± (gr«éb) 	–≥—Ä–± (grb) 	leƒëa, hrbat 	–ª–µ—í–∞, —Ö—Ä–±–∞—Ç 	hrbet 	—Å–ø—ñ–Ω–∞ (spina) 	—Å–ø–∏–Ω–∞ (spina), —Ö—Ä–µ–±–µ—Ç (xrebet) (coll.) 	—Ö—ã—Ä–±–µ—Ç (x≈∑rbet) 	—Å–ø–∏–Ω–∞ (spyna)														
89	breast 	–ø—Ä—å—Å–∏ (prƒ≠si) 	Br√ºste‚úî nadro!‚úî	prs, hruƒè, ≈àadro 	pier≈õ 	prsia 	bok 	hrud≈∫ 	–≥—Ä—ä–¥ (gr«éd) 	–≥—Ä–∞–¥–∞ (grada) 	prsa, grudi 	–ø—Ä—Å–∞, –≥—Ä—É–¥–∏ 	prsi, grudi 	–≥—Ä—É–¥–∑—ñ (hrudzi) 	–≥—Ä—É–¥—å (grud π), –ø–µ—Ä—Å–∏ (persi) (poetic) 	–≥—Ä—É–¥–∏ (hrudy) 	–≥—Ä—É–¥–∏ (hrudy)														
90	heart 	—Å—Ä—å–¥—å—Ü—î (srƒ≠dƒ≠ce) 	<<?? srdc~cat <<	srdce 	serce 	srdce 	wut≈°oba 	wutroba 	—Å—ä—Ä—Ü–µ (s«érce) 	—Å—Ä—Ü–µ (srce) 	srce 	—Å—Ä—Ü–µ 	srce 	—Å—ç—Ä—Ü–∞ (serca) 	—Å–µ—Ä–¥—Ü–µ (serdce) 	—Å–µ—Ä–¥—Ü–µ (serdce) 	—Å–µ—Ä—Ü–µ (serce)														
91	liver 	j√°tra 	<<??	j√°tra 	wƒÖtroba 	peƒçe≈à 	jƒõt≈°a 	jatra 	—á–µ—Ä–µ–Ω –¥—Ä–æ–± (ƒçeren drob) 	—ü–∏–≥–µ—Ä (d≈æiger), —Ü—Ä–Ω –¥—Ä–æ–± (crn drob) 	jetra 	—ò–µ—Ç—Ä–∞ 	jetra 	–ø–µ—á–∞–Ω—å (pjeƒçan π) 	–ø–µ—á–µ–Ω—å (peƒçen π) 	–ø–µ—á—É–Ω–∫–∞ (peƒçunka) 	–ø–µ—á—ñ–Ω–∫–∞ (peƒçinka)														
92	to drink 	–ø–∏—Ç–∏ (piti) 	<<?? <> buteille	p√≠t 	piƒá 	pi≈• 	pi≈õ 	piƒá 	–ø–∏—è (pija) 	–ø–∏–µ (pie) 	piti 	–ø–∏—Ç–∏ 	piti 	–ø—ñ—Ü—å (pic π) 	–ø–∏—Ç—å (pit π) 	–ø–∏—Ç–∏ (pyty) 	–ø–∏—Ç–∏ (pyty)														
93	to eat 	Íôó—Å—Ç–∏ (jasti) 	~!? Íôó—Å—Ç–∏ (jasti) : eat 	j√≠st 	je≈õƒá 	jes≈• 	jƒõsƒá 	jƒõsƒá 	—Ö—Ä–∞–Ω—è —Å–µ (hranja se), —è–º (jam) 	—ò–∞–¥–µ (jade) 	jesti 	—ò–µ—Å—Ç–∏ 	jesti 	–µ—Å—Ü—ñ (jesci) / –µ—Å—å—Ü—ñ (jes πci) 	–µ—Å—Ç—å (jest π), –∫—É—à–∞—Ç—å (ku≈°at π) 	—ó—Å—Ç–∏ (jisty) 	—ó—Å—Ç–∏ (jisty)														
94	to bite 	—Ö–∞–ø–∞—Ç–∏ (xapati) 	abbeithen / --	kousat, hryzat 	gry≈∫ƒá, kƒÖsaƒá 	hr√Ωz≈•, uhryzn√∫≈• 	kusa≈õ 	kusaƒá 	—Ö–∞–ø—è (hapja) 	–∫–∞—Å–∞ (kasa), –≥—Ä–∏–∑ (griz) 	gristi 	–≥—Ä–∏—Å—Ç–∏ 	gristi 	–∫—É—Å–∞—Ü—å (kusac π), –≥—Ä—ã–∑—å—Ü—ñ (hryz πci) 	–≥—Ä—ã–∑—Ç—å (gryzt π), –∫—É—Å–∞—Ç—å (kusat π) 	–∫—É—Å–∞—Ç–∏ (kusaty), –≥—Ä—ã–∑—Ç–∏ (hr≈∑zty) 	–∫—É—Å–∞—Ç–∏ (kusaty), –≥—Ä–∏–∑—Ç–∏ (hryzty), —à–º–∞—Ç—É–≤–∞—Ç–∏ (≈°matuvaty)														
95	to suck 	—Å—ä—Å–∞—Ç–∏ (s≈≠sati) 	sucat <> s‚Äôcat !?	s√°t, cucat 	ssaƒá 	sa≈•, cica≈• 	cyca≈õ 	cycaƒá 	—Å—É—á–∞ (suƒça), —Å–º—É—á–∞ (smuƒça) 	—Ü–∏—Ü–∞ (cica) 	sisati 	—Å–∏—Å–∞—Ç–∏ 	sesati 	—Å–∞—Å–∞—Ü—å (sasac π), —Å–º–∞–∫—Ç–∞—Ü—å (smaktac π) 	—Å–æ—Å–∞—Ç—å (sosat π) 	—Å—Å–∞—Ç–∏ (ssaty) 	—Å–º–æ–∫—Ç–∞—Ç–∏ (smoktaty), —Å—Å–∞—Ç–∏ (ssaty)														
96	to spit 	–ø–ª—å–≤–∞—Ç–∏ (plƒ≠vati) 	s‚Äôplivt = spit s‚Äôpluc=spuck ++	plivat 	pluƒá 	pƒæuva≈• 	pluwa≈õ 	pluwaƒá 	–ø–ª—é—è (pljuja) 	–ø–ª—É–∫–∞ (pluka) 	pljuvati 	–ø—ô—É–≤–∞—Ç–∏ 	pljuvati 	–ø–ª—è–≤–∞—Ü—å (pljavac π) 	–ø–ª–µ–≤–∞—Ç—å (plevat π), –ø–ª—é–Ω—É—Ç—å (pljunut π) 	–ø–ª—é–≤–∞—Ç–∏ (pljuvaty) 	–ø–ª—é–≤–∞—Ç–∏ (pljuvaty), –ø–ª—é–Ω—É—Ç–∏ (pljunuty)														
97	to vomit 	–±–ª—å–≤–∞—Ç–∏ (blƒ≠vati) 	/	zvracet, bl√≠t, d√°vit 	wymiotowaƒá 	zvraca≈•, d√°vi≈•, sp√¥sobi≈• d√°venie 	bluwa≈õ 	wr√≥ƒáeƒá, bluwaƒá 	–ø–æ–≤—Ä—ä—â–∞–º (povr«é≈°tam) 	–ø–æ–≤—Ä–∞—ú–∞ (povra·∏±a), –±–ª—É–µ (blue) 	povraƒáati, bljuvati 	–ø–æ–≤—Ä–∞—õ–∞—Ç–∏, –±—ô—É–≤–∞—Ç–∏ 	bruhati, bljuvati 	–≤–∞–Ω—ñ—Ç–∞–≤–∞—Ü—å (vanitavac π) 	—Ä–≤–∞—Ç—å (rvat π), –±–ª–µ–≤–∞—Ç—å (blevat π) 	–±–ª—é–≤–∞—Ç–∏ (bljuvaty) 	–±–ª—é–≤–∞—Ç–∏ (bljuvaty), –≤–∏—Ä–≤–∞—Ç–∏ (vyrvaty)														
98	to blow (as wind) 	–¥–æ—É—Ö–∞—Ç–∏ (duxati) 	<<?? cucat ?	foukat, vanout, v√≠t 	wiaƒá, dƒÖƒá 	f√∫ka≈• 	du≈õ 	duƒá 	–¥—É—Ö–∞–º (duham) 	–¥—É–≤–∞ (duva) 	duvati, puhati 	–¥—É–≤–∞—Ç–∏, –ø—É—Ö–∞—Ç–∏ 	pihati 	–¥–∑—å–º—É—Ü—å (dz πmuc π) 	–¥—É—Ç—å (dut π) 	–¥—É—Ç–∏ (duty) 	–¥–º—É—Ö–∞—Ç–∏ (dmuxaty), –¥—É—Ç–∏ (duty), –≤—ñ—è—Ç–∏ (vijaty)														
99	to breathe 	–¥Íôë—Ö–∞—Ç–∏ (dyxati) 	<<?? ^^	d√Ωchat 	oddychaƒá 	d√Ωcha≈• 	dycha≈õ 	dychaƒá 	–¥–∏—à–∞–º (di≈°am) 	–¥–∏—à–µ (di≈°e), –≤–¥–∏—à—É–≤–∞ (vdi≈°uva) 	disati 	–¥–∏—Å–∞—Ç–∏ 	dihati 	–¥—ã—Ö–∞—Ü—å (dyxac π) 	–¥—ã—à–∞—Ç—å (dy≈°at π) 	–¥—ã—Ö–∞—Ç–∏ (d≈∑xaty) 	–¥–∏—Ö–∞—Ç–∏ (dyxaty)														
100	to laugh 	—Å–º–∏Íôó—Ç–∏ (smijati) 	‚â† schmertze ;)	sm√°t se 	≈õmiaƒá siƒô 	smia≈• sa 	smja≈õ se 	smjeƒá so 	—Å–º–µ—è —Å–µ (smeja se) 	—Å–º–µ–µ (smee) 	smejati, smijati 	—Å–º–µ—ò–∞—Ç–∏, —Å–º–∏—ò–∞—Ç–∏ 	smejati 	—Å–º—è—è—Ü—Ü–∞ (smjajacca) / —Å—å–º—è—è—Ü—Ü–∞ (s πmjajacca) 	—Å–º–µ—è—Ç—å—Å—è (smejat πsja) 	—Å–º—ñ—è—Ç–∏ —Å—è (smijaty sja) 	—Å–º—ñ—è—Ç–∏—Å—è (smijatysja)														
101	to see 	–≤–∏–¥—£—Ç–∏ (vidƒõti) 	video!	vidƒõt 	widzieƒá 	vidie≈• 	wi≈∫e≈õ 	wid≈∫eƒá 	–≤–∏–∂–¥–∞–º (vi≈ædam) 	–≥–ª–µ–¥–∞ (gleda) 	videti, vidjeti 	–≤–∏–¥–µ—Ç–∏, –≤–∏–¥—ò–µ—Ç–∏ 	videti 	–±–∞—á—ã—Ü—å (baƒçyc π) 	–≤–∏–¥–µ—Ç—å (videt π) 	–≤—ñ–¥—ó—Ç–∏ (vidjity) 	–±–∞—á–∏—Ç–∏ (baƒçyty), –≤–∏–¥—ñ—Ç–∏ (vydity)														
102	to hear 	—Å–ªÍôë—à–∞—Ç–∏ (sly≈°ati) 	<<??	sly≈°et 	s≈Çyszeƒá 	ma≈• sluch, ƒçu≈•, poƒçu≈• 	s≈Çy≈°a≈õ 	s≈Çy≈°eƒá 	—á—É–≤–∞–º (ƒçuvam) 	—Å–ª—É—à–∞ (slu≈°a) 	slu≈°ati, ƒçuti 	—Å–ª—É—à–∞—Ç–∏, —á—É—Ç–∏ 	sli≈°ati, ƒçuti 	—á—É—Ü—å (ƒçuc π) 	—Å–ª—ã—à–∞—Ç—å (sly≈°at π) 	—á—É—Ç–∏ (ƒçuty) 	—á—É—Ç–∏ (ƒçuty)														
103	to know (a fact) 	–≤—£–¥—£—Ç–∏ (vƒõdƒõti), –∑–Ω–∞—Ç–∏ (znati) 	video/wisse/  ìÜô znat! gnost	vƒõdƒõt, zn√°t 	wiedzieƒá 	vedie≈• 	wƒõ≈∫e≈õ 	wƒõd≈∫eƒá 	–∑–Ω–∞—è (znaja) 	–∑–Ω–∞–µ (znae) 	znati 	–∑–Ω–∞—Ç–∏ 	vedeti 	–≤–µ–¥–∞—Ü—å (vjedac π) 	–∑–Ω–∞—Ç—å (znat π), –≤e–¥a—Ç—å (vedat π) (obsolete) 	–∑–Ω–∞—Ç–∏ (znaty) 	–∑–Ω–∞—Ç–∏ (znaty), –≤i–¥a—Ç–∏ (vidaty) (obsolete)														
104	to think 	–ºÍôë—Å–ª–∏—Ç–∏ (mysliti) 	<<?? mislead;) ìÜº	myslet, dumat 	my≈õleƒá, dumaƒá 	myslie≈• 	mysli≈õ 	mysliƒá 	–º–∏—Å–ª—è (mislja) 	–º–∏—Å–ª–∏ (misli), –ø–æ–º–∏—Å–ª—É–≤–∞ (pomisluva) 	misliti 	–º–∏—Å–ª–∏—Ç–∏ 	misliti 	–¥—É–º–∞—Ü—å (dumac π) 	–¥—É–º–∞—Ç—å (dumat π), –º—ã—Å–ª–∏—Ç—å (myslit π) 	–¥—É–º–∞—Ç–∏ (dumaty) 	–¥—É–º–∞—Ç–∏ (dumaty), –º–∏—Å–ª–∏—Ç–∏ (myslyty)														
105	to smell (sense odor) 	ƒçichat, c√≠tit 	<<?? <> shit;)	ƒçichat, c√≠tit 	wƒÖchaƒá, czuƒá 	c√≠ti≈• 	cu≈õ, wucu≈õ 	ƒçuƒá 	–ø–æ–º–∏—Ä–∏—Å–≤–∞–º (pomirisvam) 	–º–∏—Ä–∏—Å–∞ (mirisa), —Å–º—Ä–¥–∏ (smrdi) 	mirisati, nju≈°iti 	–º–∏—Ä–∏—Å–∞—Ç–∏, —ö—É—à–∏—Ç–∏ 	duhati 	–Ω—é—Ö–∞—Ü—å (njuxac π) 	–Ω—é—Ö–∞—Ç—å (njuxat π), —á—É—è—Ç—å (ƒçujat π) 	–Ω—é—Ö–∞—Ç–∏ (njuxaty) 	–Ω—é—Ö–∞—Ç–∏ (njuxaty)														
106	to fear 	–±–æÍôó—Ç–∏ (bojati) 	<<??	b√°t se, strachovat se 	baƒá siƒô 	b√°≈• sa 	b√≥ja≈õ se 	bojeƒá so 	–±–æ—è —Å–µ (boja se), —Å—Ç—Ä–∞—Ö—É–≤–∞–º —Å–µ (strahuvam se) 	–ø–ª–∞—à–∏ (pla≈°i) 	bojati, strahovati 	–±–æ—ò–∞—Ç–∏, —Å—Ç—Ä–∞—Ö–æ–≤–∞—Ç–∏ 	bati 	–±–∞—è—Ü—Ü–∞ (bajacca) 	–±–æ—è—Ç—å—Å—è (bojat πsja), —Å—Ç—Ä–∞—à–∏—Ç—å—Å—è (stra≈°it πsja) 	–±–æ—è—Ç–∏ —Å—è (bojaty sja) 	–±–æ—è—Ç–∏—Å—è (bojatysja), –∑–ª—è–∫–∞—Ç–∏—Å—è (zljakatysja)														
107	to sleep 	—Å—ä–ø–∞—Ç–∏ (s≈≠pati) 	<> sp√§t !?	sp√°t 	spaƒá 	spa≈• 	spa≈õ 	spaƒá 	—Å–ø—è (spja) 	—Å–ø–∏–µ (spie) 	spavati 	—Å–ø–∞–≤–∞—Ç–∏ 	spati 	—Å–ø–∞—Ü—å (spac π) 	—Å–ø–∞—Ç—å (spat π), –ø–æ—á–∏–≤–∞—Ç—å (poƒçivat π) (poetic) 	—Å–ø–∞—Ç–∏ (spaty) 	—Å–ø–∞—Ç–∏ (spaty), –≤i–¥–ø–æ—á–∏–≤a—Ç–∏ (vidpoƒçyvaty)														
108	to live 	–∂–∏—Ç–∏ (≈æiti) 	zankt zi‚Äôt  –∂–∏–≤–µ—è ≈æiveja livie	≈æ√≠t 	≈ºyƒá 	≈æi≈• 	≈æywy by≈õ 	≈æivy byƒá 	–∂–∏–≤–µ—è (≈æiveja) 	–∂–∏–≤–µ–µ (≈æivee) 	≈æiveti, ≈æivjeti 	–∂–∏–≤–µ—Ç–∏, –∂–∏–≤—ò–µ—Ç–∏ 	≈æiveti 	–∂—ã—Ü—å (≈æyc π) 	–∂–∏—Ç—å (≈æit π) 	–∂—ã—Ç–∏ (≈æ≈∑ty) 	–∂–∏—Ç–∏ (≈æyty)														
109	to die 	–æ—É–º—Ä—£—Ç–∏ (umrƒõti) 	ìÖììè±ìèè !! umirati !! umbringen?	um√≠rat, um≈ô√≠t 	umieraƒá, umrzeƒá 	umiera≈• 	wumrƒõ≈õ 	wumrƒõƒá 	—É–º–∏—Ä–∞–º (umiram) 	—É–º–∏—Ä–∞ (umira) 	umreti, umrijeti 	—É–º—Ä–µ—Ç–∏, —É–º—Ä–∏—ò–µ—Ç–∏ 	umreti 	–ø–∞–º—ñ—Ä–∞—Ü—å (pamirac π) 	—É–º–∏—Ä–∞—Ç—å (umirat π) 	—É–º–µ—Ä–∞—Ç–∏ (umeraty) 	–ø–æ–º–∏—Ä–∞—Ç–∏ (pomyraty), –≤–º–∏—Ä–∞—Ç–∏ (vmyraty)														
110	to kill 	–æ—É–±–∏—Ç–∏ (ubiti) 	Obituary ! z‚Äôhabit? <<	zab√≠t, usmrtit 	zabiƒá, u≈õmierciƒá 	zabi≈•, usmrti≈• 	wusmjer≈õi≈õ, k√≥≈Ñcowa≈õ 	zabiƒá, k√≥ncowaƒá 	—É–±–∏–≤–∞–º (ubivam) 	—É–±–∏–≤–∞ (ubiva) 	ubiti 	—É–±–∏—Ç–∏ 	ubiti 	–∑–∞–±—ñ–≤–∞—Ü—å (zabivac π) 	—É–±–∏–≤–∞—Ç—å (ubivat π), –∑–∞–±–∏–≤–∞—Ç—å (zabivat π) 	–∑–∞–±–∏—Ç–∏ (zabyty) 	–≤–±–∏–≤–∞—Ç–∏ (vbyvaty), –∑a–±–∏—Ç–∏ (zabyty)														
111	to fight 	–±—Ä–∞—Ç–∏ (brati) 	<<??	bojovat, v√°lƒçit 	walczyƒá, biƒá siƒô 	bojova≈•, z√°pasi≈• 	w√≥jowa≈õ 	wojowaƒá 	–±–∏—è —Å–µ (bija se) 	–±–æ—Ä–∏ (bori), –±–∏–µ (bie) 	boriti, bojevati 	–±–æ—Ä–∏—Ç–∏, –±–æ—ò–µ–≤–∞—Ç–∏ 	boriti 	–±—ñ—Ü—Ü–∞ (bicca), –∑–º–∞–≥–∞—Ü—Ü–∞ (zmahacca) 	–±–æ—Ä–æ—Ç—å—Å—è (borot πsja), –±–∏—Ç—å—Å—è (bit πsja), –≤–æ–µ–≤–∞—Ç—å (vojevat π) 	–±–æ—ë–≤–∞—Ç–∏ (bojovaty) 	–±–æ—Ä–æ—Ç–∏—Å—è (borotysja), –±–∏—Ç–∏—Å—è (bytysja)														
112	to hunt (transitive) 	–ª–æ–≤–∏—Ç–∏ (loviti) 	<> laufen?	lovit 	polowaƒá 	lovi≈•, by≈• na love 	g√≥≈Ñtwowa≈õ 	ho≈Ñtwjeriƒá 	–ª–æ–≤—É–≤–∞–º (lovuvam) 	–ª–æ–≤—É–≤–∞ (lovuva) 	loviti 	–ª–æ–≤–∏—Ç–∏ 	loviti 	–ø–∞–ª—è–≤–∞—Ü—å (paljavac π) 	–ª–æ–≤–∏—Ç—å (lovit π), –æ—Ö–æ—Ç–∏—Ç—å—Å—è (oxotit πsja) 	–ª–æ–≤–∏—Ç–∏ (lovyty) 	–ø–æ–ª—é–≤–∞—Ç–∏ (poljuvaty)														
113	to hit 	–æ—É–¥–∞—Ä–∏—Ç–∏ (udariti) 	<<??	ude≈ôit 	uderzyƒá 	udrie≈• 	bi≈õ, deri≈õ 	biƒá 	—É–¥—Ä—è–º (udrjam) 	—É–¥–∏—Ä–∞ (udira), —á—É–∫–∞ (ƒçuka) 	udariti 	—É–¥–∞—Ä–∏—Ç–∏ 	udariti 	—É–¥–∞—Ä—ã—Ü—å (udaryc π) 	—É–¥–∞—Ä–∏—Ç—å (udarit π) 	—É–¥–∞—Ä–∏—Ç–∏ (udaryty) 	–≤–¥–∞—Ä–∏—Ç–∏ (vdaryty)														
114	to cut 	—Å—£—â–∏ (sƒõ≈°ti), —Ä—£–∑–∞—Ç–∏ (rƒõzati) 	<<??	≈ôezat, t√≠t/tnout, s√≠ci 	ciƒÖƒá, r≈ºnƒÖƒá 	≈•a≈•, reza≈•, seka≈• 	rƒõza≈õ 	rƒõzaƒá 	—Ä–µ–∂–∞ (re≈æa) 	—Å–µ—á–µ (seƒçe), —Ä–µ–∂–µ (re≈æe) 	rezati, seƒái, sjeƒái 	—Ä–µ–∑–∞—Ç–∏, —Å–µ—õ–∏, —Å—ò–µ—õ–∏ 	rezati 	—Ä—ç–∑–∞—Ü—å (rezac π) 	—Ä–µ–∑–∞—Ç—å (rezat π), —Ä—É–±–∏—Ç—å (rubit π), —Å–µ—á—å (seƒç π) (arch.) 	—Ä—ó–∑–∞—Ç–∏ (rjizaty) 	—Ä—ñ–∑–∞—Ç–∏ (rizaty)														
115	to split 	rozdƒõlit 	rotzen;)	rozdƒõlit 	rozdzieliƒá 	deli≈• 	k≈Çoj≈õ 	≈°ƒáƒõpiƒá, paƒçiƒá 	—Ü–µ–ø—è (cepja), —Ä–∞–∑–¥–µ–ª—è–º (razdeljam) 	–ø–æ–¥–µ–ª—É–≤–∞ (podeluva), —Ä–∞—Å—Ü–µ–ø—É–≤–∞ (rascepuva) 	pod(ij)eliti, razd(ij)eliti, rasc(ij)epiti 	–ø–æ–¥(–∏—ò)–µ–ª–∏—Ç–∏, —Ä–∞–∑–¥(–∏—ò)–µ–ª–∏—Ç–∏, —Ä–∞—Å—Ü(–∏—ò)–µ–ø–∏—Ç–∏ 	razcepiti, razdeliti 	—Ä–∞–∑—å–¥–∑—è–ª—è—Ü—å (raz πdzjaljac π) 	—Ä–∞–∑–¥–µ–ª–∏—Ç—å (razdelit π) 	—Ä–æ–∑–¥—ó–ª–∏—Ç–∏ (rozdjilyty) 	—Ä–æ–∑–¥—ñ–ª—è—Ç–∏ (rozdiljaty), —Ä–æ–∑–ø–∏–Ω—è—Ç–∏ (rozpynjaty)														
116	to stab (or stick) 	–±–æ—Å—Ç–∏ (bosti) 	<> push?	bodnout, p√≠chnout 	pchnƒÖƒá 	boda≈•, bodn√∫≈• 	≈°tapa≈õ 	≈°tapaƒá 	–ø—Ä–æ–º—É—à–≤–∞–º (promu≈°vam) 	—É–±–æ–¥—É–≤–∞ (uboduva) 	ubosti 	—É–±–æ—Å—Ç–∏ 	zabosti 	–∫–∞–ª–æ—Ü—å (kaloc π) 	–±–æ–¥–∞—Ç—å (bodat π), —É–∫–æ–ª–æ—Ç—å (ukolot π), –∫–æ–ª—å–Ω—É—Ç—å (kol πnut π), –ø—ã—Ä–Ω—É—Ç—å (pyrnut π) (coll.) 	–∫–æ–ª–æ—Ç–∏ (koloty) 	–∫–æ–ª–æ—Ç–∏ (koloty), –øi—Ä–Ω—É—Ç–∏ (pirnuty)														
117	to scratch (an itch) 	—á—î—Å–∞—Ç–∏ (ƒçesati) 	<<??	≈°kr√°bat, dr√°pat 	drapaƒá, skrobaƒá 	≈°kriaba≈• 	drapa≈õ 	drapaƒá 	—á–µ—à–∞ (ƒçe≈°a) 	–≥—Ä–µ–±–µ (grebe), —á–µ—à–∞ (ƒçe≈°a) 	ƒçe≈°ati 	—á–µ—à–∞—Ç–∏ 	≈°krabati 	–¥—Ä–∞–ø–∞—Ü—å (drapac π) 	—Ü–∞—Ä–∞–ø–∞—Ç—å (carapat π), —Å–∫—Ä—è–±–∞—Ç—å (skrjabat π), —á–µ—Å–∞—Ç—å (ƒçesat π) 	—à–∫—Ä—è–±–∞—Ç–∏ (≈°krjabaty) 	–¥—Ä—è–ø–∞—Ç–∏ (drjapaty), —Ü–∞—Ä–∞–ø–∞—Ç–∏ (carapaty), —à–∫—Ä—è–±–∞—Ç–∏ (≈°krjabaty), —á–µ—Å–∞—Ç–∏ (ƒçesaty)														
118	to dig 	–∫–æ–ø–∞—Ç–∏ (kopati) 	<<??	kopat 	kopaƒá 	kopa≈• 	ry≈õ 	ryƒá, kopaƒá 	–∫–æ–ø–∞—è (kopaja) 	–∫–æ–ø–∞ (kopa) 	kopati 	–∫–æ–ø–∞—Ç–∏ 	kopati 	–∫–∞–ø–∞—Ü—å (kapac π), —Ä—ã—Ü—å (ryc π) 	–∫–æ–ø–∞—Ç—å (kopat π), —Ä—ã—Ç—å (ryt π) 	–∫–æ–ø–∞—Ç–∏ (kopaty) 	–∫–æ–ø–∞—Ç–∏ (kopaty), p–∏—Ç–∏ (pyty)														
119	to swim 	–ø–ª–∞–≤–∞—Ç–∏ (plavati) 	~ 	plavat 	p≈Çywaƒá 	pl√°va≈• 	plƒõ≈õ 	p≈Çuwaƒá 	–ø–ª—É–≤–∞–º (pluvam) 	–ø–ª–∏–≤–∞ (pliva) 	plivati 	–ø–ª–∏–≤–∞—Ç–∏ 	plavati 	–ø–ª—ã—Ü—å (plyc π), –ø–ª–∞–≤–∞—Ü—å (plavac π) 	–ø–ª—ã—Ç—å (plyt π), –ø–ª–∞–≤–∞—Ç—å (plavat π) 	–ø–ª–∞–≤–∞—Ç–∏ (plavaty) 	–ø–ª–∏–≤—Ç–∏ (plyvty), –ø–ª–∞–≤–∞—Ç–∏ (plavaty)														
120	to fly 	–ª—î—Ç—£—Ç–∏ (letƒõti) 	Levitate !! ++	letƒõt 	lecieƒá, lataƒá 	letie≈• 	le≈õe≈õ 	leƒáeƒá, lƒõtaƒá 	–ª–µ—Ç—è (letja) 	–ª–µ—Ç–∞ (leta) 	leteti, letjeti 	–ª–µ—Ç–µ—Ç–∏, –ª–µ—Ç—ò–µ—Ç–∏ 	leteti 	–ª—è—Ç–∞—Ü—å (ljatac π), –ª—è—Ü–µ—Ü—å (ljacjec π), –ª—ë—Ç–∞—Ü—å (lj√≥tac π) 	–ª–µ—Ç–∞—Ç—å (letat π), –ª–µ—Ç–µ—Ç—å (letet π) 	–ª–µ—Ç—ó—Ç–∏ (letjity) 	–ª–µ—Ç—ñ—Ç–∏ (letity), –ª—ñ—Ç–∞—Ç–∏ (litaty)														
121	to walk 	—Ö–æ–¥–∏—Ç–∏ (xoditi) 	<<?? jire,jit!	j√≠t, kr√°ƒçet, chodit 	i≈õƒá, chodziƒá 	√≠s≈•, chodi≈• 	hy≈õ 	hiƒá, chod≈∫iƒá 	–≤—ä—Ä–≤—è (v«érvja) 	—à–µ—Ç–∞ (≈°eta), –æ–¥–∏ (odi) 	hodati 	—Ö–æ–¥–∞—Ç–∏ 	hoditi 	—ñ—Å—Ü—ñ (isci) / —ñ—Å—å—Ü—ñ (is πci), —Ö–∞–¥–∑—ñ—Ü—å (xadzic π) 	—Ö–æ–¥–∏—Ç—å (xodit π), –∏–¥—Ç–∏ (idti) 	—Ö–æ–¥–∏—Ç–∏ (xodyty) 	–π—Ç–∏ (jty) (—ñ—Ç–∏ (ity)) , —Ö–æ–¥–∏—Ç–∏ (xodyty)														
122	to come 	p≈ôij√≠t 	~ << jire,jit!	p≈ôij√≠t 	przychodziƒá, przyj≈õƒá 	pr√≠s≈•, d√¥js≈• 	p≈õi≈õ 	p≈ôi≈Ñƒá, p≈ôijƒõƒá, d√≥≈Ñƒá 	–∏–¥–≤–∞–º (idvam) 	–¥–æ–∞—ì–∞ (doa«µa) 	doƒái 	–¥–æ—õ–∏ 	priti 	–ø—Ä—ã—Ö–æ–¥–∑—ñ—Ü—å (pryxodzic π), –ø—Ä—ã–π—Å—Ü—ñ (pryjsci) / –ø—Ä—ã–π—Å—å—Ü—ñ (pryjs πci) 	–ø—Ä–∏—Ö–æ–¥–∏—Ç—å (prixodit π), –ø—Ä–∏–π—Ç–∏ (prijti) 	–ø—Ä–∏–π—Ç–∏ (pryjty) 	–ø—Ä–∏—Ö–æ–¥–∏—Ç–∏ (pryxodyty), –ø—Ä–∏–π—Ç–∏ (pryjty)														
123	to lie (as on one's side) 	–ª—î–∂–∞—Ç–∏ (le≈æati) 	liezet lieget lassen lesen !! ++	le≈æet 	le≈ºeƒá 	le≈æa≈• 	la≈æa≈õ 	le≈æeƒá 	–ª–µ–∂–∞ (le≈æa) 	–ª–µ–∂–µ (le≈æe) 	le≈æati 	–ª–µ–∂–∞—Ç–∏ 	le≈æati 	–ª—è–∂–∞—Ü—å (lja≈æac π) 	–ª–µ–∂–∞—Ç—å (le≈æat π) 	–ª–µ–∂–∞—Ç–∏ (le≈æaty) 	–ª–µ–∂–∞—Ç–∏ (le≈æaty)														
124	to sit 	—Å—£–¥—£—Ç–∏ (sƒõdƒõti) 	Sedate ++	sedƒõt 	siedzieƒá 	sedie≈• 	sej≈∫e≈õ 	sed≈∫eƒá 	—Å–µ–¥—è (sedja) 	—Å–µ–¥–∏ (sedi) 	s(j)esti, sjediti, sedeti 	—Å(—ò)–µ—Å—Ç–∏, —Å—ò–µ–¥–∏—Ç–∏, —Å–µ–¥–µ—Ç–∏ 	sesti, sedeti 	—Å—è–¥–∑–µ—Ü—å (sjadzjec π) 	—Å–∏–¥–µ—Ç—å (sidet π) 	—Å—ó–¥—ó—Ç–∏ (sjidjity) 	—Å–∏–¥—ñ—Ç–∏ (sydity)														
125	to stand 	—Å—Ç–∞—Ç–∏ (stati) 	Stand / stat ++	st√°t 	staƒá 	st√°≈• 	stoja≈õ 	staƒá 	—Å—Ç–æ—è (stoja) 	—Å—Ç–æ–∏ (stoi) 	stati 	—Å—Ç–∞—Ç–∏ 	stati 	—Å—Ç–∞—è—Ü—å (stajac π) 	—Å—Ç–æ—è—Ç—å (stojat π) 	—Å—Ç–æ—è—Ç–∏ (stojaty) 	—Å—Ç–∞—Ç–∏ (staty), —Å—Ç–æ—è—Ç–∏ (stojaty)														
126	to turn (change direction) 		<<??	obr√°tit 	obracaƒá 	otoƒçi≈• (sa) 	wobro≈õi≈õ (se) 	wobroƒáiƒá (so) 	–∑–∞–≤–∏–≤–∞–º (zavivam) 	–≤—Ä—Ç–∏ (vrti) 	skrenuti, obrnuti 	—Å–∫—Ä–µ–Ω—É—Ç–∏, –æ–±—Ä–Ω—É—Ç–∏ 	obrniti 	–ø–∞–≤–∞—Ä–æ—á–≤–∞—Ü—Ü–∞ (pavaroƒçvacca) 	–≤—Ä–∞—â–∞—Ç—å (vra≈°ƒçat π), –ø–æ–≤–µ—Ä–Ω—É—Ç—å (povernut π) 	–æ–±–µ—Ä–Ω—É—Ç–∏ (obernuty) 	–ø–æ–≤–µ—Ä—Ç–∞—Ç–∏ (povertaty), –æ–±–µ—Ä—Ç–∞—Ç–∏ (obertaty)														
127	to fall (as in drop) 	–ø–∞—Å—Ç–∏ (pasti), –ø–∞–¥–∞—Ç–∏ (padati) 	<<??	padat, upadnout 	padaƒá 	pada≈• 	pada≈õ 	padaƒá 	–ø–∞–¥–∞–º (padam) 	–ø–∞—ì–∞ (pa«µa) 	pasti, padati 	–ø–∞—Å—Ç–∏, –ø–∞–¥–∞—Ç–∏ 	padati 	—É–ø–∞—Å—å—Ü—ñ (upas πci) 	–ø–∞–¥–∞—Ç—å (padat π) 	–ø–∞–¥–∞—Ç–∏ (padaty) 	–≤–ø–∞—Å—Ç–∏ (vpasty), –ø–∞–¥–∞—Ç–∏ (padaty)														
128	to give 	–¥–∞—Ç–∏ (dati), –¥–∞Íôó—Ç–∏ (dajati) 	ìÇû dar, dativ! <<	d√°t 	daƒá, dawaƒá 	da≈•, d√°va≈• 	dawa≈õ 	daƒá, dawaƒá 	–¥–∞–≤–∞–º (davam) 	–¥–∞–≤–∞ (dava) 	dati, davati 	–¥–∞—Ç–∏, –¥–∞–≤–∞—Ç–∏ 	dajati 	–¥–∞–≤–∞—Ü—å (davac π) 	–¥–∞–≤–∞—Ç—å (davat π), –¥–∞—Ç—å (dat π) 	–¥–∞—Ç–∏ (daty) 	–¥–∞–≤–∞—Ç–∏ (davaty), –¥–∞—Ç–∏ (daty)														
129	to hold (in one's hand) 	–¥—Ä—å–∂–∞—Ç–∏ (drƒ≠≈æati) 	<<??	dr≈æet 	trzymaƒá, dzier≈ºyƒá 	dr≈æa≈• 	≈∫ar≈æa≈õ 	d≈∫er≈æeƒá 	–¥—ä—Ä–∂–∞ (d«ér≈æa) 	–¥—Ä–∂–∏ (dr≈æi) 	dr≈æati 	–¥—Ä–∂–∞—Ç–∏ 	dr≈æati 	—Ç—Ä—ã–º–∞—Ü—å (trymac π) 	–¥–µ—Ä–∂–∞—Ç—å (der≈æat π) 	–¥–µ—Ä–∂–∞—Ç–∏ (der≈æaty), —Ç—Ä–∏–º–∞—Ç–∏ (trymaty) 	—Ç—Ä–∏–º–∞—Ç–∏ (trymaty), –¥–µ—Ä–∂–∞—Ç–∏ (der≈æaty)														
130	to squeeze 			stlaƒçit, zm√°ƒçknout, stisknout 	≈õciskaƒá, zgniataƒá 	tlaƒçi≈•, stlaƒçi≈• 	t≈Çocy≈õ 	t≈Ç√≥ƒçiƒá 	—Å—Ç–∏—Å–∫–∞–º (stiskam), –∏–∑—Ü–µ–∂–¥–∞–º (izce≈ædam) 	—Å—Ç–∏—Å–∫–∞ (stiska) 	stisnuti, stiskati 	—Å—Ç–∏—Å–Ω—É—Ç–∏, —Å—Ç–∏—Å–∫–∞—Ç–∏ 	stiskati 	—Å—å—Ü—ñ—Å–∫–∞—Ü—å (s πciskac π) 	—Å–∂–∏–º–∞—Ç—å (s≈æimat π), —Å—Ç–∏—Å–∫–∏–≤–∞—Ç—å (stiskivat π) 	—Å—Ç–∏—Å–∫–æ–≤–∞—Ç–∏ (styskovaty) 	—Å—Ç–∏—Å–∫–∞—Ç–∏ (styskaty)														
131	to rub 	—Ç—Ä—å—Ç–∏ (trƒ≠ti) 		t≈ô√≠t 	trzeƒá 	trie≈• 	≈°urowa≈õ 	≈°udrowaƒá, ≈°urowaƒá 	—Ç—Ä–∏—è (trija) 	—Ç—Ä–∏–µ (trie) 	trljati, trti 	—Ç—Ä—ô–∞—Ç–∏, —Ç—Ä—Ç–∏ 	treti 	—Ü–µ—Ä—Ü—ñ (cjerci) 	—Ç–µ—Ä–µ—Ç—å (teret π) 	—Ç–µ—Ä—Ç–∏ (terty) 	—Ç–µ—Ä—Ç–∏ (terty)														
132	to wash 	–ºÍôë—Ç–∏ (myti) 		m√Ωt, um√Ωvat 	myƒá, praƒá 	um√Ωva≈• (sa), zmy≈• (sa) 	my≈õ 	myƒá 	–º–∏—è (mija) 	–º–∏–µ (mie) 	prati 	–ø—Ä–∞—Ç–∏ 	umivati, prati 	–º—ã—Ü—å (myc π) 	–º—ã—Ç—å (myt π), —É–º—ã–≤–∞—Ç—å (umyvat π) 	–º—ã—Ç–∏ (m≈∑ty) 	–º–∏—Ç–∏ (myty), –≤–º–∏–≤–∞—Ç–∏ (vmyvaty)														
133	to wipe 			ut√≠rat 	wycieraƒá 	utiera≈• 	trƒõ≈õ 	trƒõƒá 	–±—ä—Ä—à–∞ (b«ér≈°a) 	–±—Ä–∏—à–µ (bri≈°e) 	brisati 	–±—Ä–∏—Å–∞—Ç–∏ 	brisati 	–≤—ã—Ü—ñ—Ä–∞—Ü—å (vycirac π) 	–≤—ã—Ç–∏—Ä–∞—Ç—å (vytirat π) 	—É—Ç–µ—Ä–∞—Ç–∏ (uteraty) 	–≤–∏—Ç–∏—Ä–∞—Ç–∏ (vytyraty)														
134	to pull 			tahat 	ciƒÖgnƒÖƒá 	≈•aha≈• 	≈õƒõga≈õ 	ƒáahaƒá 	–¥—ä—Ä–ø–∞–º (d«érpam) 	–≤–ª–µ—á–µ (vleƒçe) 	vuƒái 	–≤—É—õ–∏ 	vleƒçi 	—Ü—è–≥–Ω—É—Ü—å (cjahnuc π) 	—Ç—è–Ω—É—Ç—å (tjanut π), –≤–æ–ª–æ—á–∏—Ç—å (voloƒçit π), —Ç—è–≥–∞—Ç—å (tjagat π) 	—Ç—è–≥–∞—Ç–∏ (tjahaty), —Ç—ó–≥–∞—Ç–∏ (tjihaty) 	—Ç—è–≥–Ω—É—Ç–∏ (tjahnuty), —Ç—è–≥—Ç–∏ (tjahty), –≤–æ–ª–æ–∫—Ç–∏ (volokty)														
135	to push 			tlaƒçit 	pchaƒá 	tlaƒçi≈• 	t≈Çocy≈õ 	t≈Ç√≥ƒçiƒá 	–Ω–∞—Ç–∏—Å–∫–∞–º (natiskam), –±—É—Ç–∞–º (butam) 	—Ç—É—Ä–∫–∞ (turka), –±—É—Ç–∫–∞ (butka) 	gurati 	–≥—É—Ä–∞—Ç–∏ 	suniti 	—à—Ç—É—Ä—Ö–∞—Ü—å (≈°turxac π) 	—Ç–æ–ª–∫–∞—Ç—å (tolkat π), –ø–∏—Ö–∞—Ç—å (pixat π) 	–ø—Ö–∞—Ç–∏ (pxaty) 	—à—Ç–æ–≤—Ö–∞—Ç–∏ (≈°tovxaty), –ø–∏—Ö–∞—Ç–∏ (pyxaty), –ø—Ö–∞—Ç–∏ (pxaty)														
136	to throw 			h√°zet 	rzucaƒá, rzuciƒá, miotaƒá 	hodi≈•, h√°dza≈• 	chyta≈õ 	mjetaƒá 	—Ö–≤—ä—Ä–ª—è–º (hv«érljam) 	—Ñ—Ä–ª–∞ (frla) 	baciti, bacati 	–±–∞—Ü–∏—Ç–∏, –±–∞—Ü–∞—Ç–∏ 	metati 	–∫—ñ–¥–∞—Ü—å (kidac π) 	–∫–∏–¥–∞—Ç—å (kidat π), –±—Ä–æ—Å–∞—Ç—å (brosat π), –º–µ—Ç–∞—Ç—å (metat π), —à–≤—ã—Ä—è—Ç—å (≈°vyrjat π) 	–º–µ—Ç–∞—Ç–∏ (metaty), —à–º–∞—Ä—è—Ç–∏ (≈°marjaty), –≤–µ—Ä–µ—á—ñ (vereƒçi) 	{l|uk|–∫–∏–¥–∞—Ç–∏}}, –±—Ä–æ—Å–∞—Ç–∏ (brosaty), –∂–±—É—Ä–ª—è—Ç–∏ (≈æburljaty)														
137	to tie 	–≤—ß–∑–∞—Ç–∏ (vƒôzati) 	Fasten ++	v√°zat 	wiƒÖzaƒá 	viaza≈• 	wƒõza≈õ 	wjazaƒá 	–≤—Ä—ä–∑–≤–∞–º (vr«ézvam) 	–≤—Ä–∑—É–≤–∞ (vrzuva) 	vezati 	–≤–µ–∑–∞—Ç–∏ 	vezati 	–≤—è–∑–∞—Ü—å (vjazac π), –∑—å–≤—è–∑–≤–∞—Ü—å (z πvjazvac π) 	–≤—è–∑–∞—Ç—å (vjazat π), —Å–≤—è–∑—ã–≤–∞—Ç—å (svjazyvat π) 	–≤—è–∑–∞—Ç–∏ (vjazaty) 	–∑a–≤'—è–∑–∞—Ç–∏ (zav ∫jazaty), –∑–≤'—è–∑–∞—Ç–∏ (zv ∫jazaty)														
138	to sew 		sewed	≈°√≠t 	szyƒá 	≈°i≈• 	≈°y≈õ 	≈°iƒá 	—à–∏—è (≈°ija) 	—à–∏–µ (≈°ie) 	≈°iti, ≈°ivati 	—à–∏—Ç–∏, —à–∏–≤–∞—Ç–∏ 	≈°ivati 	—à—ã—Ü—å (≈°yc π) 	—à–∏—Ç—å (≈°it π) 	—à—ã—Ç–∏ (≈°≈∑ty) 	—à–∏—Ç–∏ (≈°yty)														
139	to count 			poƒç√≠tat 	liczyƒá 	poƒç√≠ta≈• 	licy≈õ 	liƒçiƒá 	–±—Ä–æ—è (broja) 	–±—Ä–æ–∏ (broi) 	brojati 	–±—Ä–æ—ò–∞—Ç–∏ 	≈°teti 	–ª—ñ—á—ã—Ü—å (liƒçyc π) 	—Å—á–∏—Ç–∞—Ç—å (sƒçitat π) 	—Ä–∞—Ö–æ–≤–∞—Ç–∏ (raxovaty) 	—Ä–∞—Ö—É–≤–∞—Ç–∏ (raxuvaty), –ª—ñ—á–∏—Ç–∏ (liƒçyty)														
140	to say 	—Ä—î—â–∏ (re≈°ti) 	(sp)recht++ mowid mot!!! ìåÉ	mluvit, ≈ô√≠kat 	m√≥wiƒá, powiedzieƒá 	hovori≈•, poveda≈• 	groni≈õ, powƒõda≈õ 	rƒõƒçeƒá 	–∫–∞–∑–≤–∞–º (kazvam) 	–≤–µ–ª–∏ (veli), –∫–∞–∂—É–≤–∞ (ka≈æuva) 	reƒái, kazati 	—Ä–µ—õ–∏, –∫–∞–∑–∞—Ç–∏ 	reƒçi 	–∫–∞–∑–∞—Ü—å (kazac π), —Å–∫–∞–∑–∞—Ü—å (skazac π), –ø–∞–≤–µ–¥–∞—Ü—å (pavjedac π) 	–≥–æ–≤–æ—Ä–∏—Ç—å (govorit π), —Å–∫–∞–∑–∞—Ç—å (skazat π), –ø–æ–≤–µ–¥–∞—Ç—å (povedat π), –º–æ–ª–≤–∏—Ç—å (molvit π) 	–ø–æ–≤—ñ—Å—Ç–∏ (povisty) 	–∫–∞–∑–∞—Ç–∏ (kazaty), –º–æ–≤–∏—Ç–∏ (movyty), –≥–æ–≤–æ—Ä–∏—Ç–∏ (hovoryty), –ø–æ–≤—ñ–¥–∞—Ç–∏ (povidaty)														
141	to sing 	–ø—£—Ç–∏ (pƒõti) 	<> petition, beten	zp√≠vat, pƒõt 	≈õpiewaƒá 	spieva≈• 	spiwa≈õ 	spƒõwaƒá 	–ø–µ—è (peja) 	–ø–µ–µ (pee) 	pevati, pjevati 	–ø–µ–≤–∞—Ç–∏, –ø—ò–µ–≤–∞—Ç–∏ 	peti 	—Å—å–ø—è–≤–∞—Ü—å (s πpjavac π) 	–ø–µ—Ç—å (pet π) 	—Å–ø—ñ–≤–∞—Ç–∏ (spivaty) 	—Å–ø—ñ–≤–∞—Ç–∏ (spivaty)														
142	to play 	–∏–≥—Ä–∞—Ç–∏ (igrati) 	<> grace period	hr√°t 	graƒá, gulaƒá 	hra≈• (sa) 	gra≈õ 	hraƒá, hrajkaƒá 	–∏–≥—Ä–∞—è (igraja) 	–∏–≥—Ä–∞ (igra) 	igrati 	–∏–≥—Ä–∞—Ç–∏ 	igrati 	–≥—Ä–∞—Ü—å (hrac π), –≥—É–ª—è—Ü—å (huljac π) 	–∏–≥—Ä–∞—Ç—å (igrat π) 	–≥—Ä–∞—Ç–∏ (hraty), –±–∞–≤–∏—Ç–∏ —Å—è (bavyty sja) 	–≥—Ä–∞—Ç–∏ (hraty), –≥—É–ª—è—Ç–∏ (huljaty)														
143	to float 			plout 	p≈Çywaƒá, unosiƒá siƒô 	pl√°va≈• 	p≈Çawi≈õ 	p≈Çuwaƒá 	–ø–ª—É–≤–∞–º (pluvam), –ø–ª–∞–≤–∞–º (plavam) 	–ø–ª–æ–≤–∏ (plovi) 	plutati 	–ø–ª—É—Ç–∞—Ç–∏ 	pluti 	–ø–ª—ã—Ü—å (plyc π), –ø–ª—ã—Å—Ü—ñ (plysci) / –ø–ª—ã—Å—å—Ü—ñ (plys πci) 	–ø–ª—ã—Ç—å (plyt π), –ø–ª–∞–≤–∞—Ç—å (plavat π) 	–ø–ª–∞–≤–∞—Ç–∏ (plavaty) 	–ø–ª–∏–≤—Ç–∏ (plyvty), –ø–ª–∞–≤–∞—Ç–∏ (plavaty)														
144	to flow 	—Ç—î—à—Ç–∏ (te≈°ti) 	<<??	t√©ct 	p≈ÇynƒÖƒá, przep≈Çywaƒá 	tiec≈• 	bƒõ≈æa≈õ 	bƒõ≈æeƒá, ƒáec 	—Ç–µ–∫–∞ (teka) 	—Ç–µ—á–µ (teƒçe) 	teƒái 	—Ç–µ—õ–∏ 	teƒçi 	—Ü—è—á—ã (cjaƒçy) 	—Ç–µ—á—å (teƒç π) 	—Ç–µ—á—ñ (teƒçi) 	—Ç–µ–∫—Ç–∏ (tekty), –±—ñ–≥—Ç–∏ (bihty), –ø–ª–∏–Ω—É—Ç–∏ (plynuty)														
145	to freeze 	–ø–æ–º—Ä—ä–∑–Ω—´—Ç–∏ (pomr≈≠zn«´ti) 		mrznout, zmrznout 	zamarzaƒá, zamarznƒÖƒá 	mrzn√∫≈• 	marznu≈õ 	mjerznyƒá 	–∑–∞–º—Ä—ä–∑–≤–∞–º (zamr«ézvam) 	–∑–∞–ª–µ–¥—É–≤–∞ (zaleduva), –∑–∞–º—Ä–∑–Ω—É–≤–∞ (zamrznuva) 	zalediti, smrznuti 	–∑–∞–ª–µ–¥–∏—Ç–∏, —Å–º—Ä–∑–Ω—É—Ç–∏ 	zamrzniti 	–∑–∞–º–µ—Ä–∑–Ω—É—Ü—å (zamjerznuc π) 	–º–æ—Ä–æ–∑–∏—Ç—å (morozit π), –∑–∞–º–µ—Ä–∑–∞—Ç—å (zamerzat π), –ª–µ–¥–µ–Ω–µ—Ç—å (ledenet π) 	–º–µ—Ä–∑–Ω—É—Ç–∏ (merznuty) 	–∑–º–µ—Ä–∑–Ω—É—Ç–∏ (zmerznuty), –∑–∞–º–µ—Ä–∑–∞—Ç–∏ (zamerzaty)														
146	to swell 			ot√©kat 	puchnƒÖƒá 	op√∫cha≈• 	wopuchnu≈õ 	zaƒáekaƒá 	–ø–æ–¥—É–≤–∞–º —Å–µ (poduvam se) 	–æ—Ç–µ–∫—É–≤–∞ (otekuva), –Ω–∞–±–∞–±—Ä—É–≤–∞ (nababruva) 	oteƒái, oteknuti 	–æ—Ç–µ—õ–∏, –æ—Ç–µ–∫–Ω—É—Ç–∏ 	otekati 	–ø—É—Ö–Ω—É—Ü—å (puxnuc π) 	–ø—É—Ö–Ω—É—Ç—å (puxnut π), –Ω–∞–±—É—Ö–∞—Ç—å (nabuxat π), –æ—Ç–µ–∫–∞—Ç—å (otekat π) 	–Ω–∞–ø—É—Ö–Ω—É—Ç–∏ (napuxnuty) 	–ø—É—Ö–Ω—É—Ç–∏ (puxnuty), –æ–ø—É—Ö–Ω—É—Ç–∏ (opuxnuty), –Ω–∞–±—É—Ö–∞—Ç–∏ (nabuhati)														
147	sun 	—Å–ª—ä–Ω—å—Ü—î (sl≈≠nƒ≠ce) 	Sran Slun <> sun <> schlenken^^ !!	slunce 	s≈Ço≈Ñce 	slnko 	s≈Çy≈Ñco 	s≈Ç√≥nco, s≈Ç√≥nƒçko 	—Å–ª—ä–Ω—Ü–µ (sl«énce) 	—Å–æ–Ω—Ü–µ (sonce) 	sunce 	—Å—É–Ω—Ü–µ 	sonce 	—Å–æ–Ω—Ü–∞ (sonca) 	—Å–æ–ª–Ω—Ü–µ (solnce) 	—Å–æ–Ω—Ü–µ (sonce) 	—Å–æ–Ω—Ü–µ (sonce)														
148	moon 	–º—£—Å—ß—Ü—å (mƒõsƒôcƒ≠), –ª–æ—É–Ω–∞ (luna) 	Moses???	mƒõs√≠c, luna 	ksiƒô≈ºyc, miesiƒÖc (archaic) 	mesiac 	mjasec 	mƒõsaƒçk 	–ª—É–Ω–∞ (luna) 	–º–µ—Å–µ—á–∏–Ω–∞ (meseƒçina) 	mesec, mjesec 	–º–µ—Å–µ—Ü, –º—ò–µ—Å–µ—Ü 	mesec, luna 	–º–µ—Å—è—Ü (mjesjac) 	–ª—É–Ω–∞ (luna), –º–µ—Å—è—Ü (mesjac) 	–º—ñ—Å—è—Ü—å (misjac π) 	–º—ñ—Å—è—Ü—å (misjac π)														
149	star 	–∑–≤—£–∑–¥–∞ (zvƒõzda) 	<<??	hvƒõzda 	gwiazda 	hviezda 	gwƒõzda 	hwƒõzda 	–∑–≤–µ–∑–¥–∞ (zvezda) 	—ï–≤–µ–∑–¥–∞ (dzvezda) 	zvezda, zvijezda 	–∑–≤–µ–∑–¥–∞, –∑–≤–∏—ò–µ–∑–¥–∞ 	zvezda 	–∑–æ—Ä–∫–∞ (zorka) 	–∑–≤–µ–∑–¥–∞ (zvezda) 	–∑–≤—ñ–∑–¥–∞ (zvizda) 	–∑—ñ—Ä–∫–∞ (zirka), –∑–æ—Ä—è (zorja)														
150	water 	–≤–æ–¥–∞ (voda) 	‚úî	voda 	woda 	voda 	w√≥da 	woda 	–≤–æ–¥–∞ (voda) 	–≤–æ–¥–∞ (voda) 	voda 	–≤–æ–¥–∞ 	voda 	–≤–∞–¥–∞ (vada) 	–≤–æ–¥–∞ (voda) 	–≤–æ–¥–∞ (voda) 	–≤–æ–¥–∞ (voda)														
151	rain 	–¥—ä–∂–¥—å (d≈≠≈ædƒ≠) 	<<??	d√©≈°≈• 	deszcz 	d√°≈æƒè 	de≈°ƒá 	de≈°ƒá 	–¥—ä–∂–¥ (d«é≈æd) 	–¥–æ–∂–¥ (do≈æd) 	ki≈°a, da≈æd 	–∫–∏—à–∞, –¥–∞–∂–¥ 	de≈æ 	–¥–æ–∂–¥–∂ (do≈æd≈æ) 	–¥–æ–∂–¥—å (do≈æd π) 	–¥–æ–¥–∂ (dod≈æ) 	–¥–æ—â (do≈°ƒç)														
152	river 	—Ä—£–∫–∞ (rƒõka) 	~<<	≈ôeka 	rzeka 	rieka 	rƒõka 	rƒõka 	—Ä–µ–∫–∞ (reka) 	—Ä–µ–∫–∞ (reka) 	reka, rijeka 	—Ä–µ–∫–∞, —Ä–∏—ò–µ–∫–∞ 	reka 	—Ä–∞–∫–∞ (raka) 	—Ä–µ–∫–∞ (reka) 	—Ä—ñ–∫–∞ (rika) 	—Ä—ñ–∫–∞ (rika)														
153	lake 	—•–∑—î—Ä—ä (jezer≈≠) 	<<??	jezero 	jezioro 	jazero 	jazoro 	jƒõzor 	–µ–∑–µ—Ä–æ (ezero) 	–µ–∑–µ—Ä–æ (ezero) 	jezero 	—ò–µ–∑–µ—Ä–æ 	jezero 	–≤–æ–∑–µ—Ä–∞ (vozjera) 	–æ–∑–µ—Ä–æ (ozero) 	–æ–∑–µ—Ä–æ (ozero) 	–æ–∑–µ—Ä–æ (ozero)														
154	sea (as in ocean) 	–º–æ—Ä—• (morje) 	‚úî	mo≈ôe 	morze 	more 	m√≥rjo 	morjo 	–º–æ—Ä–µ (more) 	–º–æ—Ä–µ (more) 	more 	–º–æ—Ä–µ 	morje 	–º–æ—Ä–∞ (mora) 	–º–æ—Ä–µ (more) 	–º–æ—Ä–µ (more) 	–º–æ—Ä–µ (more)														
155	salt 	—Å–æ–ª—å (solƒ≠) 	‚úî	s≈Øl 	s√≥l 	soƒæ 	sol 	s√≥l 	—Å–æ–ª (sol) 	—Å–æ–ª (sol) 	so, sol 	—Å–æ, —Å–æ–ª 	sol 	—Å–æ–ª—å (sol π) 	—Å–æ–ª—å (sol π) 	—Å—ñ–ª—å (sil π) 	—Å—ñ–ª—å (sil π)														
156	stone 	–∫–∞–ºÍôë (kamy) 	ìè†!	k√°men 	kamie≈Ñ 	kame≈à 	kamje≈Ñ 	kamje≈Ñ 	–∫–∞–º—ä–∫ (kam«ék) 	–∫–∞–º–µ–Ω (kamen) 	kamen 	–∫–∞–º–µ–Ω 	kamen 	–∫–∞–º–µ–Ω—å (kamjen π) 	–∫–∞–º–µ–Ω—å (kamen π) 	–∫–∞–º—ñ–Ω—å (kamin π) 	–∫–∞–º—ñ–Ω—å (kamin π)														
157	sand 	–ø—£—Å—ä–∫—ä (pƒõs≈≠k≈≠) 	<<?? piethrek?	p√≠sek 	piasek 	piesok 	pƒõsk 	pƒõsk 	–ø—è—Å—ä–∫ (pjas«ék) 	–ø–µ—Å–æ–∫ (pesok) 	pesak, pijesak 	–ø–µ—Å–∞–∫, –ø–∏—ò–µ—Å–∞–∫ 	pesek 	–ø—è—Å–æ–∫ (pjasok) 	–ø–µ—Å–æ–∫ (pesok) 	–ø—ñ—Å–æ–∫ (pisok) 	–ø—ñ—Å–æ–∫ (pisok)														
158	dust 	–ø—Ä–∞—Ö—ä (prax≈≠) 		prach 	kurz, py≈Ç, proch 	prach 	proch 	proch 	–ø—Ä–∞—Ö (prah) 	–ø—Ä–∞—à–∏–Ω–∞ (pra≈°ina) 	pra≈°ina 	–ø—Ä–∞—à–∏–Ω–∞ 	prah 	–ø—ã–ª (pyl) 	–ø—ã–ª—å (pyl π), –ø—Ä–∞—Ö (prax) 	–ø–æ—Ä–æ—Ö (porox) 	–ø–∏–ª (pyl), –ø—Ä–∞—Ö (prax), –ø–æ—Ä–æ—Ö (porox)														
159	earth (as in soil) 	–∑—î–º–ªÍôó (zemlja) 	<<??	zemƒõ 	ziemia 	zem 	zemja 	zemja 	–∑–µ–º—è (zemja) 	–∑–µ–º—ò–∞ (zemja) 	zemlja 	–∑–µ–º—ô–∞ 	zemlja 	–∑—è–º–ª—è (zjamlja) 	–∑–µ–º–ª—è (zemlja) 	–∑–µ–º–ª—è (zemlja) 	–∑–µ–º–ª—è (zemlja)														
160	cloud 	–æ–±–ª–∞–∫—ä (oblak≈≠) 		mrak, oblak 	chmura, ob≈Çok 	oblak, mrak 	mrok 	mr√≥ƒçel 	–æ–±–ª–∞–∫ (oblak) 	–æ–±–ª–∞–∫ (oblak) 	oblak 	–æ–±–ª–∞–∫ 	oblak 	—Ö–º–∞—Ä–∞ (xmara), –≤–æ–±–ª–∞–∫–∞ (voblaka) 	–æ–±–ª–∞–∫–æ (oblako), —Ç—É—á–∞ (tuƒça) 	—Ö–º–∞—Ä–∞ (xmara) 	—Ö–º–∞—Ä–∞ (xmara)														
161	fog 	–º—å–≥–ª–∞ (mƒ≠gla) 		mlha 	mg≈Ça 	hmla 	kurjawa, m≈Ça 	kurjawa, mh≈Ça 	–º—ä–≥–ª–∞ (m«égla) 	–º–∞–≥–ª–∞ (magla) 	magla 	–º–∞–≥–ª–∞ 	megla 	—ñ–º–≥–ª–∞ (imhla), —Ç—É–º–∞–Ω (tuman) 	—Ç—É–º–∞–Ω (tuman), –º–≥–ª–∞ (mgla), —Ö–º–∞—Ä—å (xmar π) 	–º–æ–ª–≥–∞ (molha) 	—Ç—É–º–∞–Ω (tuman), —ñ–º–ª–∞ (imla)														
162	sky 	–Ω—î–±–æ (nebo) 	<<?? Nubi Nebel?	nebe 	niebo 	nebo 	njebjo 	njebjo 	–Ω–µ–±–µ (nebe) 	–Ω–µ–±–æ (nebo) 	nebo 	–Ω–µ–±–æ 	nebo 	–Ω–µ–±–∞ (njeba) 	–Ω–µ–±–æ (nebo) 	–Ω–µ–±–æ (nebo) 	–Ω–µ–±–æ (nebo)														
163	wind (as in breeze) 	–≤—£—Ç—Ä—ä (vƒõtr≈≠) 	winter++	v√≠tr 	wiatr 	vietor 	wƒõt≈° 	wƒõt≈ôik 	–≤—è—Ç—ä—Ä (vjat«ér) 	–≤–µ—Ç–µ—Ä (veter) 	vetar, vjetar 	–≤–µ—Ç–∞—Ä, –≤—ò–µ—Ç–∞—Ä 	veter 	–≤–µ—Ü–µ—Ä (vjecjer) 	–≤–µ—Ç–µ—Ä (veter) 	–≤—ñ—Ç–æ—Ä (vitor) 	–≤—ñ—Ç–µ—Ä (viter)														
164	snow 	—Å–Ω—£–≥—ä (snƒõg≈≠) 	Schneegh! Snowice?	sn√≠h 	≈õnieg 	sneh 	snƒõg 	snƒõh 	—Å–Ω—è–≥ (snjag) 	—Å–Ω–µ–≥ (sneg) 	sneg, snijeg 	—Å–Ω–µ–≥, —Å–Ω–∏—ò–µ–≥ 	sneg 	—Å–Ω–µ–≥ (snjeh) / —Å—å–Ω–µ–≥ (s πnjeh) 	—Å–Ω–µ–≥ (sneg) 	—Å–Ω—ó–≥ (snjih) 	—Å–Ω—ñ–≥ (snih)														
165	ice 	–ª—î–¥—ä (led≈≠) 		led 	l√≥d 	ƒæad 	lod 	l√≥d 	–ª–µ–¥ (led) 	–º—Ä–∞–∑ (mraz), –ª–µ–¥ (led) 	led 	–ª–µ–¥ 	led 	–ª—ë–¥ (lj√≥d) 	–ª—ë–¥ (ljod) 	–ª–µ–¥ (led) 	–ª—ñ–¥ (lid), –∫—Ä–∏–≥–∞ (kryha)														
166	smoke 	–¥Íôë–º—ä (dym≈≠) 	<<??	kou≈ô, d√Ωm 	dym 	dym 	dym 	kur, dym 	–ø—É—à–µ–∫ (pu≈°ek), –¥–∏–º (dim) 	–¥–∏–º (dim), —á–∞–¥ (ƒçad) 	dim 	–¥–∏–º 	dim 	–¥—ã–º (dym) 	–¥—ã–º (dym) 	–¥—ã–º (d≈∑m) 	–¥–∏–º (dym)														
167	fire 	–æ–≥–Ω—å (ognƒ≠) 	Agni ++	ohe≈à 	ogie≈Ñ 	ohe≈à 	woge≈Ñ 	wohe≈Ñ 	–æ–≥—ä–Ω (og«én) 	–æ–≥–∞–Ω (ogan) 	vatra, oganj 	–≤–∞—Ç—Ä–∞, –æ–≥–∞—ö 	ogenj 	–∞–≥–æ–Ω—å (ahon π) 	–æ–≥–æ–Ω—å (ogon π) 	–æ–≥–µ–Ω—å (ohen π) 	–≤–æ–≥–æ–Ω—å (vohon π), –≤–∞—Ç—Ä–∞ (vatra)														
168	ash 	popel 	;)	popel 	popi√≥≈Ç 	popol 	popje≈Ç 	popje≈Ç 	–ø–µ–ø–µ–ª (pepel) 	–ø–µ–ø–µ–ª (pepel) 	pepeo 	–ø–µ–ø–µ–æ 	pepel 	–ø–æ–ø–µ–ª (popjel) 	–ø–µ–ø–µ–ª (pepel), –∑–æ–ª–∞ (zola) 	–ø–æ–ø—ñ–ª—å (popil π) 	–ø–æ–ø—ñ–ª (popil)														
169	to burn (intransitive) 	–≥–æ—Ä—£—Ç–∏ (gorƒõti) 	<<??	ho≈ôet 	paliƒá 	horie≈• 	pali≈õ se 	paliƒá 	–≥–æ—Ä—è (gorja) 	–≥–æ—Ä–∏ (gori) 	goreti, gorjeti 	–≥–æ—Ä–µ—Ç–∏, –≥–æ—Ä—ò–µ—Ç–∏ 	≈ægati, goreti 	–≥–∞—Ä—ç—Ü—å (harec π) 	–≥–æ—Ä–µ—Ç—å (goret π) 	–≥–æ—Ä—ó—Ç–∏ (horjity) 	–≥–æ—Ä—ñ—Ç–∏ (hority), –ø–∞–ª–∞—Ç–∏ (palaty)														
170	road 	–ø—´—Ç—å (p«´tƒ≠) 	<<??	silnice, cesta, note: pou≈• (but in the meaning of "journey") 	droga 	cesta 	droga 	puƒá 	–ø—ä—Ç (p«ét), —à–æ—Å–µ (≈°ose) 	–ø–∞—Ç (pat) 	put, cesta 	–ø—É—Ç, —Ü–µ—Å—Ç–∞ 	cesta 	–¥–∞—Ä–æ–≥–∞ (daroha), —à–ª—è—Ö (≈°ljax) 	–¥–æ—Ä–æ–≥–∞ (doroga), –ø—É—Ç—å (put π) 	–¥–æ—Ä–æ–≥–∞ (doroha) 	–¥–æ—Ä–æ–≥–∞ (doroha), —à–ª—è—Ö (≈°ljax)														
171	mountain 	–≥–æ—Ä–∞ (gora) 	KUR!!	hora 	g√≥ra 	hora, vrch 	g√≥ra 	hora 	–ø–ª–∞–Ω–∏–Ω–∞ (planina) 	–ø–ª–∞–Ω–∏–Ω–∞ (planina) 	planina, gora 	–ø–ª–∞–Ω–∏–Ω–∞, –≥–æ—Ä–∞ 	gora, planina 	–≥–∞—Ä–∞ (hara) 	–≥–æ—Ä–∞ (gora) 	–≥–æ—Ä–∞ (hora) 	–≥–æ—Ä–∞ (hora)														
172	red 	—á—Ä—ä–≤—î–Ω—ä (ƒçr≈≠ven≈≠) 	<<??	ƒçerven√Ω 	czerwony 	ƒçerven√Ω 	cerwjeny 	ƒçerwjeny 	—á–µ—Ä–≤–µ–Ω (ƒçerven) 	—Ü—Ä–≤–µ–Ω (crven) 	crven 	—Ü—Ä–≤–µ–Ω 	rdeƒç 	—á—ã—Ä–≤–æ–Ω—ã (ƒçyrvony) 	–∫—Ä–∞—Å–Ω—ã–π (krasnyj), —á–µ—Ä–≤–æ–Ω–Ω—ã–π (ƒçervonnyj) (obsolete) 	—á–µ—Ä–≤–µ–Ω—ã–π (ƒçerven≈∑j) 	—á–µ—Ä–≤–æ–Ω–∏–π (ƒçervonyj)														
173	green 	–∑—î–ª—î–Ω—ä (zelen≈≠) 	Zar! Selene?	zelen√Ω 	zielony 	zelen√Ω 	zeleny 	zeleny 	–∑–µ–ª–µ–Ω (zelen) 	–∑–µ–ª–µ–Ω (zelen) 	zelen 	–∑–µ–ª–µ–Ω 	zelen 	–∑—è–ª—ë–Ω—ã (zjalj√≥ny) 	–∑–µ–ª—ë–Ω—ã–π (zelj√≥nyj) 	–∑–µ–ª–µ–Ω—ã–π (zelen≈∑j) 	–∑–µ–ª–µ–Ω–∏–π (zelenyj)														
174	yellow 	≈ælut√Ω 	Sloty <> gold	≈ælut√Ω 	≈º√≥≈Çty 	≈ælt√Ω 	≈æo≈Çty 	≈æo≈Çty 	–∂—ä–ª—Ç (≈æ«élt) 	–∂–æ–ª—Ç (≈æolt) 	≈æut 	–∂—É—Ç 	rumen 	–∂–æ—û—Ç—ã (≈æo≈≠ty) 	–∂—ë–ª—Ç—ã–π (≈æ√≥ltyj) 	–∂–æ–≤—Ç—ã–π (≈æovt≈∑j) 	–∂–æ–≤—Ç–∏–π (≈æovtyj)														
175	white 	–±—£–ª—ä (bƒõl≈≠) 	ÁôΩ b√°i.lux alebainon!	b√≠l√Ω 	bia≈Çy 	biely 	bƒõ≈Çy 	bƒõ≈Çy 	–±—è–ª (bjal) 	–±–µ–ª (bel) 	beo, bijel 	–±–µ–æ, –±–∏—ò–µ–ª 	bel 	–±–µ–ª—ã (bjely) 	–±–µ–ª—ã–π (belyj) 	–±—ñ–ª—ã–π (bil≈∑j) 	–±—ñ–ª–∏–π (bilyj)														
176	black 	—á—Ä—ä–Ω—ä (ƒçr≈≠n≈≠) 	ìêç gyr gray íäπ ≈†AR	ƒçern√Ω 	czarny 	ƒçierny 	carny 	ƒçorny 	—á–µ—Ä–µ–Ω (ƒçeren) 	—Ü—Ä–Ω (crn) 	crn 	—Ü—Ä–Ω 	ƒçrn 	—á–æ—Ä–Ω—ã (ƒçorny) 	—á—ë—Ä–Ω—ã–π (ƒç√≥rnyj) 	—á–æ—Ä–Ω—ã–π (ƒçorn≈∑j) 	—á–æ—Ä–Ω–∏–π (ƒçornyj)														
177	night 	–Ω–æ—â—å (no≈°tƒ≠) 	‚úî	noc 	noc 	noc 	noc 	n√≥c 	–Ω–æ—â (no≈°t) 	–Ω–æ—ú (no·∏±) 	noƒá 	–Ω–æ—õ 	noƒç 	–Ω–æ—á (noƒç) 	–Ω–æ—á—å (noƒç π) 	–Ω—ñ—á (niƒç) 	–Ω—ñ—á (niƒç)														
178	day (daytime) 	–¥—å–Ω—å (dƒ≠nƒ≠) 	dien‚úî dayn Tajjen	den 	dzie≈Ñ 	de≈à 	≈∫e≈Ñ 	d≈∫e≈Ñ 	–¥–µ–Ω (den) 	–¥–µ–Ω (den) 	dan 	–¥–∞–Ω 	dan 	–¥–∑–µ–Ω—å (dzjen π) 	–¥–µ–Ω—å (den π) 	–¥–µ–Ω—å (den π) 	–¥–µ–Ω—å (den π)														
179	year 	–ª—£—Ç–æ (lƒõto) 	ìá≥k	rok, roky/l√©ta (plural) 	rok 	rok 	lƒõto 	lƒõto 	–≥–æ–¥–∏–Ω–∞ (godina) 	–≥–æ–¥–∏–Ω–∞ (godina) 	godina, ljeto, leto (arch.) 	–≥–æ–¥–∏–Ω–∞, —ô–µ—Ç–æ, –ª–µ—Ç–æ (arch.) 	leto 	–≥–æ–¥ (hod) 	–≥–æ–¥ (god), –ª–µ—Ç–æ (leto) (arch.) 	—Ä—ñ–∫ (rik) 	—Ä—ñ–∫ (rik)														
180	warm (as in weather) 	—Ç–æ–ø–ª—ä (topl≈≠) 	<<??	tepl√Ω 	ciep≈Çy 	tepl√Ω 	≈õop≈Çy 	ƒáop≈Çy 	—Ç–æ–ø—ä–ª (top«él) 	—Ç–æ–ø–æ–ª (topol) 	topao 	—Ç–æ–ø–∞–æ 	topel 	—Ü—ë–ø–ª—ã (cj√≥ply) 	—Ç—ë–ø–ª—ã–π (tj√≥plyj) 	—Ç–µ–ø–ª—ã–π (tepl≈∑j) 	—Ç–µ–ø–ª–∏–π (teplyj)														
181	cold (as in weather) 	—Ö–ª–∞–¥—å–Ω—ä (xladƒ≠n≈≠), —Å—Ç–æ—É–¥—î–Ω—ä (studen≈≠) 		studen√Ω, chladn√Ω 	zimny, ch≈Çodny 	studen√Ω, chladn√Ω 	zymny 	zymny, ch≈Ç√≥dny 	—Å—Ç—É–¥–µ–Ω (studen), —Ö–ª–∞–¥–µ–Ω (hladen) 	—Å—Ç—É–¥–µ–Ω (studen), –ª–∞–¥–µ–Ω (laden) 	hladan, studen 	—Ö–ª–∞–¥–∞–Ω, —Å—Ç—É–¥–µ–Ω 	hladen, mrzel 	—Ö–∞–ª–æ–¥–Ω—ã (xalodny), —Å—Ü—é–¥–∑—ë–Ω—ã (scjudzj√≥ny) 	—Ö–æ–ª–æ–¥–Ω—ã–π (xolodnyj), —Å—Ç—É–¥—ë–Ω—ã–π (studj√≥nyj)																
182	full 	–∏—Å–ø–ª—å–Ω—å (isplƒ≠nƒ≠) 	Plenty ++	pln√Ω 	pe≈Çny 	pln√Ω 	po≈Çny 	po≈Çny 	–ø—ä–ª–µ–Ω (p«élen) 	–ø–æ–ª–Ω (poln) 	pun 	–ø—É–Ω 	poln 	–ø–æ—û–Ω—ã (po≈≠ny) 	–ø–æ–ª–Ω—ã–π (polnyj) 	–ø–æ–≤–Ω—ã–π (povn≈∑j) 	–ø–æ–≤–Ω–∏–π (povnyj)														
183	new 	–Ω–æ–≤—ä (nov≈≠) 	‚úî	nov√Ω 	nowy 	nov√Ω 	nowy 	nowy 	–Ω–æ–≤ (nov) 	–Ω–æ–≤ (nov) 	nov 	–Ω–æ–≤ 	nov 	–Ω–æ–≤—ã (novy) 	–Ω–æ–≤—ã–π (novyj) 	–Ω–æ–≤—ã–π (nov≈∑j) 	–Ω–æ–≤–∏–π (novyj)														
184	old 	—Å—Ç–∞—Ä—ä (star≈≠) 	~senior starr! Stark star!?	star√Ω 	stary 	star√Ω 	stary 	stary 	—Å—Ç–∞—Ä (star) 	—Å—Ç–∞—Ä (star) 	star 	—Å—Ç–∞—Ä 	star 	—Å—Ç–∞—Ä—ã (stary) 	—Å—Ç–∞—Ä—ã–π (staryj) 	—Å—Ç–∞—Ä—ã–π (star≈∑j) 	—Å—Ç–∞—Ä–∏–π (staryj)														
185	good 	–¥–æ–±—Ä—ä (dobr≈≠) ‚Ñ¢	<<??	dobr√Ω 	dobry 	dobr√Ω 	dobry 	dobry 	–¥–æ–±—ä—Ä (dob«ér) 	–¥–æ–±–∞—Ä (dobar) 	dobar 	–¥–æ–±–∞—Ä 	dober 	–¥–æ–±—Ä—ã (dobry) 	—Ö–æ—Ä–æ—à–∏–π (xoro≈°ij), –¥–æ–±—Ä—ã–π (dobryj) 	–¥–æ–±—Ä—ã–π (dobr≈∑j) 	–≥–∞—Ä–Ω–∏–π (harnyj), –¥–æ–±—Ä–∏–π (dobryj)														
186	bad 	–∑—ä–ª—ä (z≈≠l≈≠)  !!	<< sly slut? <<	≈°patn√Ω, zl√Ω 	z≈Çy 	zl√Ω 	z≈Çy 	hubjeny, ≈°patny, z≈Çy 	–ª–æ—à (lo≈°), –∑—ä–ª (z—äl) 	–ª–æ—à (lo≈°) 	zao, lo≈° 	–∑–∞–æ, –ª–æ—à 	zloben, slab 	–¥—Ä—ç–Ω–Ω—ã (drenny), –∫–µ–ø—Å–∫—ñ (kjepski), –±–ª–∞–≥—ñ (blahi) 	–ø–ª–æ—Ö–æ–π (ploxoj), –∑–ª–æ–π (zloj), –ø–æ–≥–∞–Ω—ã–π (poganyj) 	–ø–ª–∞–Ω—ã–π (plan≈∑j) 	–ø–æ–≥–∞–Ω–∏–π (pohanyj), –∑–ª–∏–π (zlyj)														
187	rotten (as a log) 	shnil√Ω 		shnil√Ω 	zgni≈Çy 	hnil√Ω 	zgnity 	zhni≈Çy 	–≥–Ω–∏–ª (gnil) 	–≥–Ω–∏–ª (gnil) 	truo, gnjio 	—Ç—Ä—É–æ, –≥—ö–∏–æ 	gnil 	–≥–Ω—ñ–ª—ã (hnily) 	–≥–Ω–∏–ª–æ–π (gniloj) 	–≥–Ω–∏–ª—ã–π (hnyl≈∑j) 	–≥–Ω–∏–ª–∏–π (hnylyj)														
188	dirty 			≈°pinav√Ω 	brudny 	≈°pinav√Ω 	njerƒõ≈°ny, brudny 	mazany 	–º—Ä—ä—Å–µ–Ω (mr«ésen), –Ω–µ—á–∏—Å—Ç (neƒçist) 	–≤–∞–ª–∫–∞–Ω (valkan), –Ω–µ—á–∏—Å—Ç (neƒçist) 	prljav 	–ø—Ä—ô–∞–≤ 	umazan 	–±—Ä—É–¥–Ω—ã (brudny) 	–≥—Ä—è–∑–Ω—ã–π (grjaznyj) 	–±—Ä—É–¥–Ω—ã–π (brudn≈∑j) 	–±—Ä—É–¥–Ω–∏–π (brudnyj)														
189	straight 	–ø—Ä–∞–≤—ä (prav≈≠), —Ä–∞–≤—å–Ω—ä (ravƒ≠n≈≠) 		p≈ô√≠m√Ω, rovn√Ω 	prosty 	priamy, rovn√Ω 	rowny 	runy 	–ø—Ä–∞–≤ (prav) 	–ø—Ä–∞–≤ (prav) 	prav, ravan 	–ø—Ä–∞–≤, —Ä–∞–≤–∞–Ω 	raven 	–ø—Ä–∞–º—ã (pramy), –ø—Ä–æ—Å—Ç—ã (prosty) 	–ø—Ä—è–º–æ–π (prjamoj), —Ä–æ–≤–Ω—ã–π (rovnyj) 	–ø—Ä—è–º—ã–π (prjam≈∑j) 	–ø—Ä—è–º–∏–π (prjamyj), —Ä—ñ–≤–Ω–∏–π (rivnyj)														
190	round 			kulat√Ω 	okrƒÖg≈Çy 	guƒæat√Ω, okr√∫hly 	kulaty 	kulojty, kulowaty 	–∫—Ä—ä–≥—ä–ª (kr«ég«él) 	–∫—Ä—É–∂–µ–Ω (kru≈æen), —Ç—Ä–∫–∞–ª–µ–∑–µ–Ω (trkalezen) 	okrugao 	–æ–∫—Ä—É–≥–∞–æ 	okrogel 	–∫—Ä—É–≥–ª—ã (kruhly) 	–∫—Ä—É–≥–ª—ã–π (kruglyj) 	–æ–∫—Ä—É–≥–ª—ã–π (okruhl≈∑j) 	–∫—Ä—É–≥–ª–∏–π (kruhlyj)														
191	sharp (as a knife) 	–æ—Å—Ç—Ä—ä (ostr≈≠) 		ostr√Ω 	ostry 	ostr√Ω 	w√≥t≈°y 	w√≥try 	–æ—Å—Ç—ä—Ä (ost«ér) 	–æ—Å—Ç–∞—Ä (ostar) 	o≈°tar 	–æ—à—Ç–∞—Ä 	oster 	–≤–æ—Å—Ç—Ä—ã (vostry) 	–æ—Å—Ç—Ä—ã–π (ostryj) 	–æ—Å—Ç—Ä—ã–π (ostr≈∑j) 	–≥–æ—Å—Ç—Ä–∏–π (hostryj)														
192	dull (as a knife) 			tup√Ω 	tƒôpy 	tup√Ω 	tupy 	tupy 	—Ç—ä–ø (t«ép) 	—Ç–∞–ø (tap) 	tup 	—Ç—É–ø 	top 	—Ç—É–ø—ã (tupy) 	—Ç—É–ø–æ–π (tupoj) 	—Ç—É–ø—ã–π (tup≈∑j) 	—Ç—É–ø–∏–π (tupyj)														
193	smooth 	–≥–ª–∞–¥—ä–∫—ä (glad≈≠k≈≠) 		hladk√Ω 	g≈Çadki 	hladk√Ω 	g≈Çadki 	h≈Çadki 	–≥–ª–∞–¥—ä–∫ (glad«ék) 	–º–∞–∑–µ–Ω (mazen) 	gladak 	–≥–ª–∞–¥–∞–∫ 	gladek 	–≥–ª–∞–¥–∫—ñ (hladki) 	–≥–ª–∞–¥–∫–∏–π (gladkij) 	–≥–ª–∞–¥–∫—ã–π (hladk≈∑j) 	–≥–ª–∞–¥–µ–Ω—å–∫–∏–π (hladen πkyj)														
194	wet 	–º–æ–∫—Ä—ä (mokr≈≠) 		mokr√Ω 	mokry 	vlhk√Ω, mokr√Ω 	mok≈°y 	mokry 	–º–æ–∫—ä—Ä (mok«ér) 	–º–æ–∫–∞—Ä (mokar), –≤–ª–∞–∂–µ–Ω (vla≈æen) 	mokar 	–º–æ–∫–∞—Ä 	moker 	–º–æ–∫—Ä—ã (mokry), –≤—ñ–ª—å–≥–æ—Ç–Ω—ã (vil πhotny) 	–º–æ–∫—Ä—ã–π (mokryj) 	–º–æ–∫—Ä—ã–π (mokr≈∑j) 	–º–æ–∫—Ä–∏–π (mokryj)														
195	dry (adjective) 	—Å–æ—É—Ö—ä (sux≈≠) 		such√Ω 	suchy 	such√Ω 	suchy 	suchi 	—Å—É—Ö (suh) 	—Å—É–≤ (suv) 	suv, suh 	—Å—É–≤, —Å—É—Ö 	suh 	—Å—É—Ö—ñ (suxi) 	—Å—É—Ö–æ–π (suxoj) 	—Å—É—Ö—ã–π (sux≈∑j) 	—Å—É—Ö–∏–π (suxyj)														
196	right (correct) 	–ø—Ä–∞–≤—ä (prav≈≠) 		spr√°vn√Ω 	poprawny,													 prawid≈Çowy 	spr√°vny 	p≈°awy 		prawy 	–ø—Ä–∞–≤–∏–ª–µ–Ω (pravilen) 	—Ç–æ—á–µ–Ω (toƒçen), –ø—Ä–∞–≤–∏–ª–µ–Ω (pravilen) 	taƒçan, ispravan	—Ç–∞—á–∞–Ω, —Ç–æ—á–∞–Ω, –∏—Å–ø—Ä–∞–≤–∞–Ω, –ø—Ä–∞–≤–∏–ª–∞–Ω 	toƒçen, pravilen 	–ø—Ä–∞–≤—ñ–ª—å–Ω—ã (pravil πny), —Å–ª—É—à–Ω—ã (slu≈°ny) 	–ø—Ä–∞–≤–∏–ª—å–Ω—ã–π (pravil πnyj), –≤–µ—Ä–Ω—ã–π (vernyj), —Ç–æ—á–Ω—ã–π (toƒçnyj) 	–ø—Ä–∞–≤–∏–ª–Ω—ã–π (pravyln≈∑j) 	–ø—Ä–∞–≤–∏–ª—å–Ω–∏–π (pravyl πnyj), –≤—ñ—Ä–Ω–∏–π (virnyj)
197	near 	–±–ª–∏–∑—ä (bliz≈≠) 		bl√≠zk√Ω 	bliski 	bl√≠zky, neƒèalek√Ω 	bliski 	bliski 	–±–ª–∏–∑—ä–∫ (bliz«ék) 	–±–ª–∏–∑–æ–∫ (blizok) 	blizak 	–±–ª–∏–∑–∞–∫ 	bli≈ænji 	–±–ª—ñ–∑–∫—ñ (blizki) 	–±–ª–∏–∑–∫–∏–π (blizkij) 	–±–ª–∏–∑–∫—ã–π (blyzk≈∑j) 	–±–ª–∏–∑—å–∫–∏–π (blyz πkyj)														
198	far 	–¥–∞–ª—å–Ω–∏–∏ (dalƒ≠nii), –¥–∞–ª—å–Ω—ä (dalƒ≠n≈≠) 		dalek√Ω 	daleki 	ƒèalek√Ω 	daloki 	daloki 	–¥–∞–ª–µ—á–µ–Ω (daleƒçen) 	–¥–∞–ª–µ—á–µ–Ω (daleƒçen) 	dalek 	–¥–∞–ª–µ–∫ 	daljen 	–¥–∞–ª—ë–∫—ñ (dalj√≥ki) 	–¥–∞–ª—ë–∫–∏–π (dalj√≥kij), –¥–∞–ª—å–Ω–∏–π (dal πnij) 	–¥–∞–ª–µ–∫—ã–π (dalek≈∑j) 	–¥–∞–ª–µ–∫–∏–π (dalekyj)														
199	right (side) 	–¥—î—Å–Ω—ä (desn≈≠), –ø—Ä–∞–≤—ä (prav≈≠) 		prav√Ω 	prawy 	prav√Ω 	p≈°awy 	prawy 	–¥–µ—Å–µ–Ω (desen) 	–¥–µ—Å–Ω–æ (desno) 	desni 	–¥–µ—Å–Ω–∏ 	desni 	–ø—Ä–∞–≤—ã (pravy) 	–ø—Ä–∞–≤—ã–π (pravyj) 	–ø—Ä–∞–≤—ã–π (prav≈∑j) 	–ø—Ä–∞–≤–∏–π (pravyj)														
200	left (side) 	–ª—£–≤—ä (lƒõv≈≠) 	‚úî	lev√Ω 	lewy 	ƒæav√Ω 	lƒõwy 	lƒõwy 	–ª—è–≤ (ljav) 	–ª–µ–≤–æ (levo) 	levi, lijevi 	–ª–µ–≤–∏, –ª–∏—ò–µ–≤–∏ 	levi 	–ª–µ–≤—ã (ljevy) 	–ª–µ–≤—ã–π (levyj) 	–ª—ó–≤—ã–π (ljiv≈∑j) 	–ª—ñ–≤–∏–π (livyj)														
201	at 	–æ—É (u), –ø—Ä–∏ (pri) 	au, pro ++	u, p≈ôi 	u, przy 	pri 	wu, p≈õi 	p≈ôi 	–≤ (v), –Ω–∞ (na), –ø—Ä–∏ (pri), –¥–æ (do) 	–¥–æ (do), –Ω–∞ (na), –∫–∞—ò (kaj) 	u, pri, kod 	—É, –ø—Ä–∏, –∫–æ–¥ 	v, pri, na 	–∫–∞–ª—è (kalja), –ª—è (lja), –ø—Ä—ã (pry) 	–ø—Ä–∏ (pri), —É (u), –≤–æ–∑–ª–µ (vozle), –æ–∫–æ–ª–æ (okolo) 	–∫–æ–ª–æ (kolo), –ø—Ä–∏ (pry) 	–∫–æ–ª–æ (kolo), –±—ñ–ª—è (bilja), –ø—Ä–∏ (pry), —É (u), –≤ (v)														
202	in 	–≤—ä (v≈≠) 	bei?	v, ve 	w, we 	v, vo 	w, we 	w, we 	–≤ (v), –≤—ä–≤ (v«év) 	–≤–æ (vo) 	u 	—É 	v 	—É (u), —û (≈≠) 	–≤ (v), –≤–æ (vo) 	–≤ (v), —É (u) 	–≤ (v), —É (u), —É–≤ (uv), —É–≤—ñ (uvi)														
203	with (accompanying) 	—Å—ä (s≈≠) 	zu,syn	s, se 	z, ze 	s, so 	z, ze 	z, ze 	—Å (s), —Å—ä—Å (s«és) 	—Å–æ (so) 	s, sa 	—Å, —Å–∞ 	s, z 	–∑ (z) 	—Å (s), —Å–æ (so) 	–∑ (z), –∑–æ (zo), —ñ–∑ (iz) 	–∑ (z), –∑—ñ (zi), —ñ–∑ (iz)														
204	and 	–∏ (i) 	y	a, i 	i 	a, i 	a 	a 	–∏ (i) 	–∏ (i) 	i 	–∏ 	in 	—ñ (i), –¥—ã (dy) 	–∏ (i), –¥–∞ (da) (coll.) 	—ñ (i), –∞ (a), —Ç–∞ (ta) 	—Ç–∞ (ta), —ñ (i), –π (j)														
205	if 	–∞—â—î (a≈°te) 	Este ‚Ä¶  ak! 	jestli≈æe, jestli 	je≈õli, je≈ºeli 	ak 	joli, ga≈æ, gaby 	hdy≈æ 	–∞–∫–æ (ako) 	–∞–∫–æ (ako) 	ako 	–∞–∫–æ 	ƒçe, ako 	–∫–∞–ª—ñ (kali) 	–µ—Å–ª–∏ (jesli), –µ–∂–µ–ª–∏ (je≈æeli), –∫–æ–ª–∏ (koli) 	–∫—ñ–¥—å (kid π) 	—è–∫—â–æ (jak≈°ƒço)														
206	because 	–ø–æ–Ω“Ñ—î–∂—î (pon πe≈æe) 	<< opon esse	proto≈æe, jeliko≈æ, ponƒõvad≈æ 	bo, poniewa≈º 	preto≈æe, lebo 	dokula≈æ 	dokel≈æ, p≈ôeto≈æ 	–∑–∞—â–æ—Ç–æ (za≈°toto) 	–∑–∞—Ç–æ–∞ —à—Ç–æ (zatoa ≈°to), –∑–∞—à—Ç–æ (za≈°to), –±–∏–¥–µ—ò—ú–∏ (bidej·∏±i) 	zbog, zato ≈°to, jer 	–∑–±–æ–≥, –∑–∞—Ç–æ —à—Ç–æ, —ò–µ—Ä 	zaradi, ker 	–±–æ (bo), —Ç–∞–º—É —à—Ç–æ (tamu ≈°to) 	–ø–æ—Ç–æ–º—É —á—Ç–æ (potomu ≈°to), –∏–±–æ (ibo) 	–±–æ (bo), –∑–∞—Ç–æ–∂–µ (zato≈æe), –ø—Ä–æ—Ç–æ–∂–µ (proto≈æe) 	–±–æ (bo), —Ç–æ–º—É —â–æ (tomu ≈°ƒço)														
207	name 	–∏–º—ß (imƒô) 	–∏–º—ß  NAME!!! jm√©no 	jm√©no 	imiƒô 	meno 	mƒõ 	mjeno 	–∏–º–µ (ime) 	–∏–º–µ (ime) 	ime 	–∏–º–µ 	ime 	—ñ–º—è (imja) 	–∏–º—è (imja) 	—ñ–º—è (imja), –º–µ–Ω–æ (meno) 	—ñ–º'—è (im ∫ja)														
