Nr 	English 	Hungarian = corrupted PIE/Turk	Best Uralic	Eurasian 		Finnish 	Karelian 	Estonian 	Erzya 	Moksha 	Komi (Zyrian dialect) 	Mansi (North Mansi) 	North Sami 	Kildin Sami 	Tundra Nenets
1	I 	Ã©n 	Ã©n, mie, mina	An-I  me mine	+++	minÃ¤ mÃ¤ 	mie 	mina ma 	Ğ¼Ğ¾Ğ½ 	Ğ¼Ğ¾Ğ½ 	Ğ¼Ğµ 	am 	mun 	Ğ¼ÑƒĞ½Ğ½ (munn) 	mÉ™nÊ²É™
2	you (singular) 	te 	te, sie	Te, tu, thee, thine, Sie, Seine (Hoheit)!	+++	sinÃ¤ sÃ¤ 	sie 	sina sa 	Ñ‚Ğ¾Ğ½ 	Ñ‚Ğ¾Ğ½ 	Ñ‚Ñ 	naÅ‹ 	don 	Ñ‚Ğ¾Ì„Ğ½Ğ½ (tÅnn) 	pidÉ™rÉ™
3	he 	Å‘ 	Å, han	År, hÅ‘, him, se, ta, han@Swede	+++	hÃ¤n (he/she) se (it) 	hiÃ¤n 	tema ta 	ÑĞ¾Ğ½ 	ÑĞ¾Ğ½ 	ÑÑ–Ğ¹Ã¶ 	taw 	son 	ÑĞ¾Ì„Ğ½Ğ½ (sÅnn) 	pida
4	we 	mi 	mi	mir, mwe	++	me 	myÃ¶ 	meie me 	Ğ¼Ğ¸Ğ½ÑŒ 	Ğ¼Ğ¸Ğ½ÑŒ 	Ğ¼Ğ¸ 	mÄ“n (dual) mÄn (plural) 	moai (dual) mii (plural) 	Ğ¼Ñ‹Ğ¹Ğ¹ (mÉ¨jj) 	mÉ™nÊ²aq
5	you (plural) 	ti 	ti	thee	+++	te 	tyÃ¶ 	teie te 	Ñ‚Ñ‹Ğ½ÑŒ 	Ñ‚Ğ¸Ğ½ÑŒ 	Ñ‚Ğ¸ 	nÄ“n (dual) nÄn (plural) 	doai (dual) dii (plural) 	Ñ‚Ñ‹Ğ¹Ğ¹ (tÉ¨jj) 	pidÉ™raq
6	they 	Å‘k 	hyo	(t)hey(s)	+ 	he (of people) ne 	hyÃ¶ 	nemad nad 	ÑÑ‹Ğ½ÑŒ 	ÑĞ¸Ğ½ÑŒ 	Ğ½Ğ°Ğ¹Ã¶ 	tÄ“n (dual) tÄn (plural) 	soai (dual) sii (plural) 	ÑÑ‹Ğ¹Ğ¹ (sÉ¨jj) 	pidoh
7	this 	e, ez 	ti,ez, tÃ¤mÃ¤ 	the 'is, dem	++	tÃ¤mÃ¤ 	tÃ¤mÃ¤ 	see 	Ñ‚Ğµ 	Ñ‚Ñ 	Ñ‚Ğ°Ğ¹Ã¶ 	ti tiji 	dÃ¡t 	Ñ‚Ğ°Ğ´Ñ‚ (tadt) 	tÊ²ukuÉ™
8	that 	az, ama 	tuo ÑĞµ 	the ce 'is, dem da de um 1	++	tuo 	tuo 	too 	ÑĞµ 	ÑÑ 	ÑÑ–Ğ¹Ó§ 	ta taji 	diet (close to listener) duot (far from both) 	Ñ‚ÑƒĞ´Ñ‚ (tudt) 	
9	here 	itt 	itt, tÃ¤ssÃ¤ 	at, this	+-	tÃ¤ssÃ¤ 	tÃ¤ssÃ¤ 	siin 	Ñ‚ĞµÑÑ 	Ñ‚ÑÑĞ° 	Ñ‚Ğ°Ğ½Ñ– 	 	dÃ¡ppe, dÃ¡s 	Ñ‚ĞµÑÑŒÑ‚ (tÊ¹esÊ¹t) 	tÊ²ukoxÉ™na
10	there 	Ott ~ tot	siellÃ¤ 	There ~ siere, celles tota <> DA!	+-	siellÃ¤ 	siellÃ¤ 	seal 	Ñ‚Ğ¾ÑĞ¾ 	Ñ‚Ğ¾ÑĞ° 	ÑÑĞ½Ñ– 	tot 	dieppe, doppe, duoppe 	Ñ‚Ğ°Ğ¼ÑŒĞ¿Ğµ (tamÊ¹pÊ¹e) 	
11	who 	ki (interrog.) aki (relative) 	ki	qui	+++	kuka ken 	ken 	kes 	ĞºĞ¸Ğµ 	ĞºĞ¸Ğµ 	ĞºĞ¾Ğ´Ñ– 	Ï‡ÅÅ‹Ï‡a Ï‡otjut 	gii 	ĞºĞµÌ„ (kÊ¹Ä“), (plural) ĞºĞµĞ³Ğº (kÊ¹egk) 	xiiba
12	what 	mi (interrog.) ami (relative) 	mi, mit	é©¬? ma? mit~what	OK	mikÃ¤ mitÃ¤ 	midÃ¤ 	mis 	Ğ¼ĞµĞ·Ğµ 	Ğ¼ĞµĞ·Ğµ 	Ğ¼Ñ‹Ğ¹ 	manÉ™r 	mii 	Ğ¼ĞµĞ³Ğº (mÊ¹egk) 	Å‹É™mke
13	where 	hol (interrog.) ahol (relative) 		where>whol	+ 	missÃ¤ (kussa) 	missÃ¤ 	kus 	ĞºĞ¾ÑĞ¾ 	ĞºĞ¾ÑĞ° 	ĞºÃ¶Ğ½Ñ– 	Ï‡ot 	gos 	ĞºĞ°ÑÑŒÑ‚ (kasÊ¹t) 	xuna
14	when 	mikor (interrog.) amikor (relative) 	konza kun	quan é©¬ khour  	++	milloin kun 	konza kun 	kunas millal 	Ğ·ÑÑ€Ğ´Ğ¾ 	Ğ¼ÑŠĞ·ÑÑ€Ğ´Ğ° 	ĞºĞ¾Ñ€ 	Ï‡uÅ„ 	goas go 	ĞºÑƒÑÑÑÑŒ (kuessÊ¹) 	
15	how 	(a) hogy(an) 	hogy, kuin	howy, que*, comâ€¦	++	miten kuinka 	milleh kuin 	kuidas 	ĞºĞ¾Ğ´Ğ° 	ĞºĞ¾Ğ´Ğ° 	ĞºÑ‹Ğ´Ğ·Ğ¸ 	 	mot, movt, mo man 	ĞºĞ¾Ì„Ñ…Ñ…Ñ‚ (kÅxxt) 	
16	not 	nem 	nem, ei, a, at	non, nei, aÂ¬, anti-, mo, mono	++++	ei 	ei 	ei mitte 	Ğ° Ğ°Ğ²Ğ¾Ğ»ÑŒ ÑĞ·ÑŒ Ğ°Ñ€Ğ°ÑÑŒ 	Ğ°Ñ„ Ğ¸Ğ·ÑŒ ÑĞ· Ğ¾Ğ· Ğ°Ğ±Ñƒ 	at 	ii 	Ñ- (e-) 		
17	all 	mind Ã¶sszes 	mind, kaikki	many, quelque ğ“Ÿ	+++?	kaikki 	kaikki 	kÃµik 	Ğ²ĞµÑĞµ 	ÑĞµĞ¼Ğ±Ğµ 	Ğ±Ñ‹Ğ´ 	pussÉ™n 	buot, buohkat, visot 	Ğ¿ÑƒĞ³Ğº (pugk) 	malÉ™h
18	many 	sok 	Sok / monet	Such / many :	++++	monet paljon 	Ã¤ijÃ¤t monet 	palju mitu 	Ğ»Ğ°Ğ¼Ğ¾ 	Ğ»Ğ°Ğ¼Ğ° 	ÑƒĞ½Ğ° 	sÄw 	mÃ¡Å‹ga 	ĞµÌ„Ğ½Ğ½Ñ (jÄ“nne) 	Å‹oka
19	some 	nÃ©hÃ¡ny 	mÃµni mÃµned	Minus many noâ€™any nonulli ~many? Quiteâ€¦	++^	jotkut 	kuda-ket 	mÃµni mÃµned 	Ğ·ÑÑ€Ñ‹Ñ 	Ğ¼ÑŠĞ·ÑÑ€Ğ¾ÑˆĞºĞ° 	Ğ½ĞµÑƒĞ½Ğ° 	 	muhtumat 	Ğ¼ÑƒĞ³ĞºĞ°-Ğ²ĞµÌ„Ñ€ÑŒÑ‚ (mugka-vÊ¹Ä“rÊ¹t) 	
20	few 	KevÃ©s <> kÊ¿iÄÊ¿ 	mÃµni vÃ¤he	Few < much, many 	++^	muutama 	vÃ¤hÃ¤ine 	mÃµni vÃ¤he 	Ğ°Ğ»Ğ°Ğ¼Ğ¾ 	ĞºÑ€Ğ¶Ğ° 	ÑÑ‚ÑˆĞ° 	 	 	Ğ²Ğ°Ì„Ğ½Ğ°Ñ (vÄnas) 	
21	other 	mÃ¡s 	mÃ¡s 	mas (more)	~	muu 	toine muu 	teine muu 	Ğ»Ğ¸Ñ 	Ğ¸Ğ»Ñ 	Ğ¼Ã¶Ğ´ 	tÅwa mÅt(an) 	earÃ¡ 	Ğ¼ÑƒĞ´Ñ‚Ğ° (mudta) 	
22	one 	egy 	egy 	Ek = onc / einz	++	yksi 	yksi 	Ã¼ks 	Ğ²ĞµĞ¹ĞºĞµ 	Ñ„ĞºÑ 	Ã¶Ñ‚Ğ¸ 	akÊ·a 	okta 	ÑÌ„Ñ…Ñ…Ñ‚ (Ä“xxt) 	
23	two 	kettÅ‘  iki@Turk	kettÅ‘ 	Cut, second	ok?	kaksi 	kaksi kakÅ¡i 	kaks 	ĞºĞ°Ğ²Ñ‚Ğ¾ 	ĞºĞ°Ñ„Ñ‚Ğ° 	ĞºÑ‹Ğº 	kitiÉ£ 	guokte 	ĞºÓ¯Ò»Ñ‚ (kÅ«ht) 	sÊ²dÊ²a
24	three 	hÃ¡rom 	HÃ¡rom ğ“ğ“…“ğ“ kolme	Î§Å«r ~ thirâ€™ charmâ„¢?	ok?	kolme 	kolme 	kolm 	ĞºĞ¾Ğ»Ğ¼Ğ¾ 	ĞºĞ¾Ğ»Ğ¼Ğ° 	ĞºÑƒĞ¸Ğ¼ 	Ï‡Å«rÉ™m 	golbma 	ĞºĞ¾Ì„Ğ»Ğ»Ğ¼ (kÅllm) 	nÊ²axÉ™r
25	four 	nÃ©gy  ğ“Š”ğ“Š•ğ“Š– Kar.Nekhen	Å„ila  ğ¦Šğ¦Š	NILE@Drawidian,Korean naut ë„·  ë„¤	!!!	neljÃ¤ 	nellÃ¤ 	neli 	Ğ½Ğ¸Ğ»Ğµ 	Ğ½Ğ¸Ğ»Ğµ 	Ğ½Ñ‘Ğ»ÑŒ 	Å„ila 	njeallje 	Ğ½ĞµÌ„Ğ»Ğ»ÑŒĞ¹ (njÄ“llÊ¹j) 	tÊ²etÉ™
26	five 	Ã¶t 	viizi, Ğ²ĞµÑ‚Ğµ 	vinz, peta, penta	ok?	viisi 	viizi 	viis 	Ğ²ĞµÑ‚Ğµ 	Ğ²ĞµÑ‚Ğµ 	Ğ²Ğ¸Ñ‚ 	at 	vihtta 	Ğ²Ñ‹Ğ´Ñ‚ (vÉ¨dt) 	sÉ™mÉ™lÊ²aÅ‹kÉ™
	seven	hÃ©t		set	++										
	ten	tÃ­z		dix	+++										
27	big 	nagy 	suâ€™ur 	nmega! Sur Super	+++	suuri iso 	suuri Å¡uuri 	suur 	Ğ¿Ğ¾ĞºÑˆ 	Ğ¾Ñ†Ñ 	Ñ‹Ğ´Ğ¶Ñ‹Ğ´ 	janiÉ£ 	stuoris 	ÑˆÓ¯Ñ€Ñ€ (Å¡Å«rr) 	
28	long 	hosszÃº 	Ï‡osa 	groÃŸ? haus-hoch pitkÃ¤ = big â‰  pico = pikku 	+?	pitkÃ¤ 	pitkÃ¤ 	pikk 	ĞºÑƒĞ²Ğ°ĞºĞ° 	ĞºÑƒĞ²Ğ°ĞºĞ° 	ĞºÑƒĞ·ÑŒ 	Ï‡osa 	guhkki 	ĞºÑƒĞºĞµÑÑŒ (kukÊ¹esÊ¹) 	
29	wide 	szÃ©l(es)	levie 	ğ“‹´ ğ“ ğ“…± ğ“¸ <> scope shallow, lewide çš„ levitate?	<	leveÃ¤ laaja 	levie 	lai 	ĞºĞµĞ»ĞµĞ¹ 	ĞºĞµĞ»Ğ¸ 	Ğ¿Ğ°ÑÑŒĞºÑ‹Ğ´ 	 	viiddis 	ĞºĞ¾Ì„Ğ¼Ğ¼ÑŒÑ‚ÑÑÑŒ (kÅmmÊ¹tesÊ¹) 	
30	thick 	vastag	vastag, paksu	vast, vaâ€™thick, packed? ThÄ©cka	+++	paksu sankea sankka 	pakÅ¡u sangie 	paks 	ÑÑ‡ĞºĞµ 	ÑÑ‡ĞºĞµ Ñ‚ÑƒÑÑ‚Ğ° 	ĞºÑ‹Ğ· 	 	gassat suohkat 	ĞºÑÌ„ÑÑ (kÄ“ss) 	
31	heavy 	nehÃ©z 	painai	^^mega pende=weigh, ?	+~	painava raskas 	jygie painai 	raske 	ÑÑ‚Ğ°ĞºĞ° 	ÑÑ‚Ğ°ĞºĞ° 	ÑÑŒÃ¶ĞºÑ‹Ğ´ 	 	lossat 	Ğ»Ğ¾Ì„ÑÑĞµÑÑŒ (lÅssÊ¹esÊ¹) 	
32	small 	kis kicsi 	pikku 	pico vs pitkÃ¤ = big , kÃ¼cki kurz & klein	+++	pieni pikku 	pieni pikkaraine vÃ¤ÄykkÃ¤ine 	vÃ¤ike 	Ğ²Ğ¸ÑˆĞºĞ¸Ğ½Ğµ 	Ñ‘Ğ¼Ğ»Ğ° 	Ğ´Ğ·Ğ¾Ğ»Ñ‹Ğ´ 	mÄÅ„ 	smÃ¡vis, uhcci, unni 	ÑƒĞ´Ñ†ÑŒ (udcÊ¹) 	
33	short 	rÃ¶vid 	lyhyt 	lÃ¼tt, little, rabbit?	+++ , ?	lyhyt 	lyhyt 	lÃ¼hike 	Ğ½ÑƒÑ€ÑŒĞºĞ¸Ğ½Ğµ 	Ğ½ÑÑ€ÑŒÑ…ĞºÑĞ½Ñ 	Ğ´Ğ·ĞµĞ½Ñ‹Ğ´ 	 	oanehaÅ¡ 	Ğ¾Ğ°Ğ½ÑŒÑ…ĞµÑÑŒ (oanjxÊ¹esÊ¹) 	
34	narrow 	keskeny 	keskeny 	quetsch? Cut, capped, skinny	+?	kaita ahdas kapea 	kaida ahtas 	kitsas ahas 	Ñ‚ĞµĞ¸Ğ½Ğµ 	Ñ‚ÑĞ¹Ğ½Ñ 	 	 	 	ĞºĞµÌ„Ğ½ÒÑ†ĞµÑÑŒ (kÊ¹Ä“nÊ¹cÊ¹esÊ¹) 	
35	thin 	VÃ©kony ~ vacant?	ohut hoikka 	Haut/Hauch-dÃ¼nn? *tvnhokun ~ Ñ‚ÑŒĞ½ÑŠĞºÑŠ (tÄ­nÅ­kÅ­) 	++/?	ohut hoikka 	hoikkaine lÃ¤tty 	Ãµhuke peenike 	Ñ‡Ğ¾Ğ²Ğ¸Ğ½Ğµ 	ÑˆÑƒĞ²Ğ°Ğ½Ñ 	 	oÅ¡Å¡a 	asehaÅ¡ 	ÑĞµÌ„ÓˆÑŒĞºĞµÑÑŒ (sÊ¹Ä“Å‹Ê¹kÊ¹esÊ¹) 	
36	woman 	nÅ‘ asszony 	nÅ‘, naine 	Nonne å¥³ nÇšnÃº nina	++!	nainen 	naine 	naine 	Ğ°Ğ²Ğ° (Ğ»Ğ¾Ğ¼Ğ°Ğ½ÑŒ) 	Ğ°Ğ²Ğ° 	Ğ°Ğ½ÑŒ 	nÄ“ 	nisu 	Ğ½Ñ‹Ğ·Ğ°Ğ½ (nÉ¨zan) 	nÊ²e
37	man (male) 	fÃ©rfi 	FÃ©rfi, mies 	VIR wir=miz@turk Mr?	+ ?	mies 	mies mieÅ¡ muÅ¾ikka 	mees 	Ñ†Ñ‘Ñ€Ğ° Ğ°Ğ»Ñ 	Ğ°Ğ»Ñ 	Ğ°Ğ¹Ğ»Ğ¾Ğ² 	Ï‡um 	almmÃ¡i 	Ğ¾Ğ°Ğ»Ğ¼Ğ¾Ğ»Ğ¼Ğ° (oalmolma) 	
38	man (human being) 	Ember ~ andro?	ihminen 	a'man human, andro=anâ€™bro ;)  <> min.son 	++	ihminen 	ihmine inehmine mies ristikanÅ¾a (lit. baptized people) 	inimene 	Ğ»Ğ¾Ğ¼Ğ°Ğ½ÑŒ 	Ğ»Ğ¾Ğ¼Ğ°Ğ½ÑŒ 	Ğ¼Ğ¾Ñ€Ñ‚ 	Ï‡um 	olmmoÅ¡ 	Ğ¾Ğ»Ğ¼Ğ° (olma) 	
39	child 	gyerek gyermek 	gyermek 	GÃ¶re Chird ^ short lad@lab phil Klopsi-	++!	lapsi 	lapsi 	laps 	ÑĞ¹ĞºĞ°ĞºÑˆ 	ÑˆĞ°Ğ±Ğ° 	Ñ‡ĞµĞ»ÑĞ´ÑŒ 	Å„Äwram 	mÃ¡nnÃ¡ 	Ğ¿Ğ°Ì„Ñ€Ğ½ÑĞ½Ñ‡ (pÄrnenÄ) 	
40	wife 	felesÃ©g nej 	nej~nÅ‘ 	fel~fru vaimo~wife nÅ‘ 	~+	vaimo 	akka muÄÄo 	naine 	Ğ½Ğ¸ 	ÑŠÑ€ÑŒĞ²Ñ 	Ğ³Ã¶Ñ‚Ñ‹Ñ€ 	 	eamit 	(old) ĞºĞ¾Ğ°Ğ± (koab) (young) Ğ°Ì„Ò»ĞºÑŒ (ÄhkÊ¹) 	
41	husband 	fÃ©rj 	fÃ©rj	VIR å¤« fÅ«Â® 	+++	aviomies mies 	ukko nukko Å¡ulahane 	abikaasa mees 	Ğ¼Ğ¸Ñ€Ğ´Ğµ 	Ğ¼Ğ¸Ñ€Ğ´Ğµ 	Ğ²ĞµÑ€Ã¶Ñ 	 	isit 	ĞºÓ¯Ğ¹Ğ¹ (kÅ«jj) 	
42	mother 	anya 	muamo, anja	mama, anne, Anja	+++<	Ã¤iti 	muamo emÃ¤ 	ema 	(Ñ‚Ğ¸Ñ€Ğ¸Ğ½ÑŒ) Ğ°Ğ²Ğ° 	Ñ‚ÑĞ´Ñ 	Ğ¼Ğ°Ğ¼ 	oma 	eadni 	ĞµÌ„Ğ½Ğ½Ò (jÄ“nnÊ¹) 	
43	father 	apa 	Apa, tuatto, iÅ¾Ã¤ 	papa, opa, daddy, sir?	+++	isÃ¤ 	tuatto iÅ¾Ã¤ 	isa 	Ñ‚ĞµÑ‚Ñ 	Ğ°Ğ»Ñ 	Ğ±Ğ°Ñ‚ÑŒ 	jaÉ£ 	Ã¡hÄÄi 	Ğ°Ğ´Ğ¶ÑŒ (adÅ¾Ê¹) 	nÊ²iisÊ²a
44	animal 	Ã¡llat 	rasha, raca <<	el = alive, Rauch:Geist, Racker Raccoon ration ;)  	<< >>	elÃ¤in 	elÃ¤tti Å¾iivatta 	elajas loom 	Ñ€Ğ°ĞºÑˆĞ° 	Ñ€Ğ°ĞºÑˆĞ° 	Ğ¿ĞµĞ¼Ó§Ñ 	Å«j 	ealli 	Ğ¶Ñ‹Ğ²Ğ° (Å¾É¨va) 	
45	fish 	hal 	kala 	 ğ’„© HA<KA Kala-maris=halis KaulÂ¬quap HAYUL	++<	kala 	kala 	kala 	ĞºĞ°Ğ» 	ĞºĞ°Ğ» 	Ñ‡ĞµÑ€Ğ¸ 	Ï‡Å«l 	guolli 	ĞºÓ¯Ğ»Ğ»ÑŒ (kÅ«llÊ¹) 	
46	bird 	madÃ¡r, lÃºd (goose) 	madÃ¡r, lindu	Musen!! ma.tyr@SEM Lieder@Linde	++<<	lintu 	lindu 	lind 	Ğ½Ğ°Ñ€Ğ¼ÑƒĞ½ÑŒ 	Ğ½Ğ°Ñ€Ğ¼Ğ¾Ğ½ÑŒ 	Ğ»ĞµĞ±Ğ°Ñ‡ 	 	loddi 	Ğ»Ğ¾Ğ°Ğ½Ğ½ÒÑ‚ (loannÊ¹t) 	
47	dog 	kutya eb 	kutya	KÃ¶ter ÎºÏÎ»Î¿Ï‚	+++	koira 	koira 	koer peni 	ĞºĞ¸ÑĞºĞ° 	Ğ¿Ğ¸Ğ½Ğµ 	Ğ¿Ğ¾Ğ½ 	Ämp 	beana 	Ğ¿ĞµÌ„Ğ½Ğ½Ñ (pÊ¹Ä“nne) 	weh
48	louse 	tetÅ± 	--	kit-louse	egal	tÃ¤i 	tÃ¤i 	tÃ¤i 	Ñ‡Ğ¸Ñ‡Ğ°Ğ² 	ÑĞ¸ 	Ñ‚Ğ¾Ğ¹ 	 	 	Ñ‚Ñ‹Ò»ĞºÑŒ (tÉ¨hkÊ¹) 	
49	snake 	kÃ­gyÃ³ 	ĞºÑ‹Ğ¹ kiÃ¤rmis 	ğ“›ğ“†‘ğ“„¿ğ“…‚ KAR! GewÃ¼rm MUS! Made:  ! <>  Kiefer? Ge-Ziefer , 	+++	kÃ¤Ã¤rme 	kiÃ¤rmis mado 	madu uss 	Ğ³ÑƒĞ¹ Ñ‘Ğ·Ğ½Ñ 	ĞºÑƒĞ¹ 	ĞºÑ‹Ğ¹ 	 	gearpmaÅ¡ 	ĞºÓ¯Ğ²Ğ²ÑŒÑ‚ (kÅ«vvÊ¹t) 	
50	worm 	fÃ©reg 	madoine 	Ver.1 Made ^^	+++	mato 	madoine 	uss 	ÑÑƒĞºÑ 	ÑÑƒĞºÑ 	Ğ½Ğ¸Ğ´Ğ·ÑƒĞ² 	 	mÃ¡htu 	Ğ¼Ğ°Ì„Ğ´Ñ‚ (mÄdt) 	
51	tree 	fa(k)	puu 	wood, fig, Fichte, ÑˆÑƒÑ„Ñ‚Ğ° chopped ship?	++?	puu 	puu 	puu 	Ñ‡ÑƒĞ²Ñ‚Ğ¾ 	ÑˆÑƒÑ„Ñ‚Ğ° 	Ğ¿Ñƒ 	jiw 	muorra 	Ğ¼Ó¯Ñ€Ñ€ (mÅ«rr) 	pÊ²a
52	forest 	ErdÅ‘  ğ“Œğ“Œğ“Œğ“†­ğ“†­ğ“†­!	mets 	mÃ¹s æœ¨ â„¢  Ğ²Ğ¸Ñ€ÑŒ~bor*  ğ“„Ÿ? ğ“ ğ“Œğ“Œğ“Œğ“†­ğ“†­ğ“†­	+ 	metsÃ¤ 	meÄÄÃ¤ 	mets 	Ğ²Ğ¸Ñ€ÑŒ 	Ğ²Ğ¸Ñ€ÑŒ 	Ğ²Ã¶Ñ€ 	 	vuovdi, meahcci 	Ğ²Ğ°Ì„Ñ€Ñ€ÑŒ (vÄrrÊ¹) 	pedarÊ²i
53	stick 	bot 	bot 	bat, botanic ğ“†­ klopp, pod@Dravid	++<	keppi sauva 	keppi balikko savakko 	kepp pulk 	Ğ¿Ğ°Ğ»ĞºĞ° 	Ğ±Ğ°Ğ¹Ğ´ĞµĞº 	 	 	soabbi 	ÑÑƒÑĞ¼Ğ¼ÑŒĞ¿ (suemmÊ¹p) 	
54	fruit 	gyÃ¼mÃ¶lcs 	Ğ˜Ğ¼Ğ¾Ğ¶ , puuvili	GemÃ¼se, Mus! Malve, puuvili~	+ 	hedelmÃ¤ 	 	vili puuvili 	(ÑĞ°Ğ´ Ğ¿Ğ¸Ñ€Ğµ) ÑĞ¼ĞµĞ¶ 	Ğ¸Ğ¼Ğ¾Ğ¶ 	 	 	Å¡addu, Å¡attoÅ¡ 	ÑˆĞ°Ğ½Ğ½Ñ‚ (Å¡annt) 	
55	seed 	Mag (more?)	siemen 	Samen, semen 2. maggot? ğ“„Ÿ?	+++ 	siemen 	siemen 	seeme 	Ğ²Ğ¸Ğ´ÑŒĞ¼Ğµ 	Ğ²Ğ¸Ğ´ÑŒĞ¼Ğµ 	ĞºÃ¶Ğ¹Ğ´Ñ‹Ñ 	 	 	ÑĞµÌ„Ğ¼ (sÊ¹Ä“m) 	
56	leaf 	levÃ©l 	levÃ©l 	leaf levÃ©l 	+++	lehti 	lehti 	leht 	Ğ»Ğ¾Ğ¿Ğ° 	Ğ»Ğ¾Ğ¿Ğ° 	ĞºĞ¾Ñ€ 	 	lasta 	Ğ»ÑÌ„ÑÑÑ‚ (lÄ“sst) 	weba
57	root 	gyÃ¶kÃ©r 	juuri	kurâ„¢ kork core gurke;)	<<	juuri 	juuri 	juur 	ÑƒĞ½Ğ´Ğ¾Ğ²ĞºÑ 	ÑÑ€ 	Ğ²ÑƒĞ¶ 	 	ruohtas 	Ğ²ÑƒÑĞ½ÒÑ‚ÑÑÑŒ (vuenÊ¹tesÊ¹) 	pÉ™Å‹kÉ™
58	bark 	kÃ©reg 	kÃ©reg 	ĞºĞ¾Ñ€Ğ° (kora) Kork !	+++	kaarna kuori 	kuori 	koor 	ĞºĞµÑ€ÑŒ ÑÑƒĞ´ 	ÑÑƒĞ´ 	ĞºÑ‹Ñ€ÑÑŒ 	 	osttu 	Ğ¿Ğ°Ì„ÒÒĞº (pÄrÌ¥rÌ¥k) (hard) ĞºÑÌ„Ñ€Ñ€ (kÄ“rr) (soft) Ğ¿ĞµÌ„ÑÑÑŒ (pÊ¹Ä“ssÊ¹) 	
59	flower 	virÃ¡g 	kukka 	! ğ“†¼ğ“†¼  viral *vloirag foliage	!!!	kukka 	kukka 	lill Å‘is 	Ñ†ĞµÑ†Ñ 	Ğ¿Ğ°Ğ½Ñ‡Ñ„ 	Ğ´Ğ·Ğ¾Ñ€Ğ¸Ğ´Ğ· 	 	rÃ¡ssi 	Ñ€Ğ°Ì„ÑÑÑŒ (rÄssÊ¹) 	Å‹É™mtedÉ™
60	grass 	fÅ± (phyt)	heinÃ¤ 	Heu	++	ruoho heinÃ¤ 	heinÃ¤ 	rohi muru 	Ñ‚Ğ¸ĞºÑˆĞµ 	Ñ‚Ğ¸ÑˆĞµ 	Ñ‚ÑƒÑ€ÑƒĞ½ 	pum 	suoidni 	Ñ€Ğ°Ì„ÑÑÑŒ (rÄssÊ¹) 	
61	rope 	kÃ¶tÃ©l 	kÃ¶tÃ©l 	Kordel cord kÃ¶t = knot nuora ğ“ˆ– Naht!	+++	kÃ¶ysi nuora 	nuora 	kÃ¶is nÃ¶Ã¶r 	Ğ¿Ğ¸ĞºÑ 	Ğ¿Ğ¸ĞºÑ 	Ğ³ĞµĞ· 	 	bÃ¡ddi 	Ğ½Ó¯Ñ€Ñ€ÑŒ (nÅ«rrÊ¹) 	
62	skin 	BÅ‘r <> bark	nahk 	bare naked <> sâ€™nake	++<	iho (human skin) nahka hipiÃ¤ 	nahka hibja 	nahk 	ĞºĞµĞ´ÑŒ ĞºĞ¸ÑÑŒĞºĞµ 	ĞºĞµĞ´ÑŒ ĞºĞ¸ÑÑŒĞºĞµ 	ĞºÑƒ 	 	nÃ¡hki 	Ñ‚Ó¯Ğ»Ğ»ÑŒĞ¹ (tÅ«llÊ¹j) 	xobÉ™
63	meat 	hÃºs 	liha 	<> Fâ€™lesh! Flihus fileth	+~	liha 	liha 	liha 	ÑÑ‹Ğ²ĞµĞ»ÑŒ 	ÑĞ¸Ğ²Ğ¾Ğ»ÑŒ Ğ¿Ğ°Ğ» 	ÑĞ¹ 	 	biergu 	Ğ²ÑƒÑĞ½Ğ½Ñ‡ (vuennÄ) 	Å‹É™mtsa
64	blood 	vÃ©r 	vÃ©r 	WIR! Vir! Viral	++<	veri 	veri 	veri 	Ğ²ĞµÑ€ÑŒ 	Ğ²ĞµÑ€ 	Ğ²Ğ¸Ñ€ 	 	varra 	Ğ²ÑÌ„Ñ€Ñ€ (vÄ“rr) 	weja
65	bone 	Csont <> sÃ¼Åˆk?		ĞšĞ¾ÑÑ‚ÑŒ > Osteo  lobein leg ğ“‚¾ğ“„™??	<< | ??	luu < Ğ»Ğ¾Ğ²Ğ°Ğ¶Ğ° 	luu 	kont luu 	Ğ»Ğ¾Ğ²Ğ°Ğ¶Ğ° 	Ğ¿Ğ°ĞºĞ°Ñ€ÑŒ 	Ğ»Ñ‹ 	 	dÃ¡kti 	Ñ‚Ğ°Ì„Ñ…Ñ…ÑŒÑ‚ (tÄxxÊ¹t) 	le
66	fat (noun) 	zsÃ­r 	razva, ĞºÑƒÑ,	ranz, sÃ®r=milk, Ğ¿Ó¯Ğ¹Ğ¹Ñ‚ pÅ«jjt > fat	<<+	rasva 	razva 	rasv 	ĞºÑƒÑ 	ĞºÑƒÑ 	 	 	buoidi 	Ğ¿Ó¯Ğ¹Ğ¹Ñ‚ (pÅ«jjt) 	
67	egg 	tojÃ¡s, mony 	muna 	Theia ğ“ğ“†‡@ğ“†‰, Many Moon! ğ“†‡ ğ“‡¸ ğ“¹	+++!!	muna 	muna 	muna 	Ğ°Ğ» 	Ğ°Ğ» 	ĞºĞ¾Ğ»ÑŒĞº 	mÅ«Å‹i 	monni 	Ğ¼Ğ°Ğ½Ğ½Ò (mannÊ¹) 	
68	horn 	szarv (@Schaf?)	ÑÑÑ€Ğ¾ 	sarv < kharvn khorn ÑÑÑ€Ğ¾ keras	++~?	sarvi 	sarvi 	sarv 	ÑÑÑ€Ğ¾ 	ÑÑÑ€Ğ° 	ÑÑÑ€ 	ÄÅ„t 	Äoarvi 	Ñ‡ÑƒÑÑ€Ñ€ÑŒĞ² (ÄuerrÊ¹v) 	nÊ²amtÉ™
69	tail 	Farok	hÃ¤ntÃ¤ 	Hinter tail!!   ğ“Šª ğ“› ğ“„–  back frack ğ“„– â‡” ğ“† 	+++	hÃ¤ntÃ¤ 	hÃ¤ndÃ¤ 	saba (hÃ¤nd) 	Ğ¿ÑƒĞ»Ğ¾ 	Ğ¿ÑƒĞ»Ğ° 	Ğ±Ã¶Ğ¶ 	 	seaibi 	ÑĞµÌ„Ğ¹Ğ¹Ğ¿ (sÊ¹Ä“jjp) 	tÃ¦Ã¦wÉ™
70	feather 	toll 	toll 	Tolle, tail? sulk?	+++ ?	sulka 	sulga 	sulg 	Ñ‚Ğ¾Ğ»Ğ³Ğ° 	Ñ‚Ğ¾Ğ»Ğ³Ğ° 	Ğ³Ã¶Ğ½ 	pun 	dolgi 	Ğ¿Ğ¾Ì„Ğ½Ğ½Ñ† (pÅnnc) 	
71	hair 	haj 	Haj, karva hivus	hair, 	++>	karva hiukset, hius, tukka (human head hair) 	karva hivus, tukka (human head hair) 	karv juuksed (human head hair) 	Ñ‡ĞµÑ€ÑŒ 	ÑˆÑÑÑ€ÑŒ 	ÑÑ€ÑĞ¸ 	Ät 	vuokta (s.), vuovttat (pl.) 	Ğ²Ó¯Ğ¿Ğ¿Ñ‚ (vÅ«ppt) (body) ÑÑÑ„Ñ (sefs) 	Å‹ebto
72	head 	fej fÅ‘ 	fej fÅ‘, piÃ¤ 	face, ce.phaâ€™ <> p'ne li.pa mouth  ğ“· ob	++<>	pÃ¤Ã¤ 	piÃ¤ 	pea 	Ğ¿Ñ€Ñ 	Ğ¿Ñ€Ñ 	ÑÑ€ 	puÅ‹k 	oaivi 	Ğ²ÑƒÑĞ¹Ğ¹Ğ² (vuejjv) 	Å‹Ã¦Ã¦wa
73	ear 	fÃ¼l 	korva 	FÃ¼ll:Hohrn khohrn ğ¦œğ‚ ğ‡©ğ“„ğ“„‹ curve? 	<<	korva 	korva 	kÃµrv 	Ğ¿Ğ¸Ğ»Ğµ 	Ğ¿Ğ¸Ğ»Ğµ 	Ğ¿ĞµĞ»ÑŒ 	palËˆ 	beallji 	Ğ¿ĞµÌ„Ğ»Ğ»ÑŒĞ¹ (pÊ¹Ä“llÊ¹j) 	
74	eye 	szem 	silmÃ¤ 	see/mu ç›® 	++?	silmÃ¤ 	silmÃ¤ Å¡ilmÃ¤ 	silm 	ÑĞµĞ»ÑŒĞ¼Ğµ 	ÑĞµĞ»ÑŒĞ¼Ğµ 	ÑĞ¸Ğ½ 	sam 	Äalbmi 	Ñ‡Ğ°Ğ»Ğ»ÑŒĞ¼ (ÄallÊ¹m) 	sÃ¦Ã¦wÉ™
75	nose 	Orr â‰  Ohr	nenÃ¤ 	nose eineNasâ€™ 1!	!!?	nenÃ¤ 	nenÃ¤ 	nina 	ÑÑƒĞ´Ğ¾ 	ÑˆĞ°Ğ»Ñ…ĞºĞ° 	Ğ½Ñ‹Ñ€ 	Å„ol 	njunni 	Ğ½ÑĞ½Ğ½Ò (njunnÊ¹) 	pija
76	mouth 	szÃ¡j ajak 	suu 	Osu @ Latin	<-?	suu 	suu 	suu 	ĞºÑƒÑ€Ğ³Ğ¾ 	ĞºÑƒÑ€Ğ³Ğ° 	Ğ²Ğ¾Ğ¼ 	sÅ«p 	njÃ¡lbmi 	Ğ½ÑÌ„Ğ»Ğ»ÑŒĞ¼ (njÄllÊ¹m) 	nÊ²ah
77	tooth 	fog ~ fang?	hammas	Hauer, Hammer? ham@mouth? zham~zahn	??	hammas 	hammaÅ¡ 	hammas pii 	Ğ¿ĞµĞ¹ 	Ğ¿ĞµĞ¹ 	Ğ¿Ğ¸Ğ½ÑŒ 	 	bÃ¡tni 	Ğ¿Ğ°Ì„Ğ½Ğ½Ò (pÄnnÊ¹) 	tÊ²ibÊ²a
78	tongue 	nyelv 	keel 	<> Kehle, Keil?	??	kieli 	kieli 	keel 	ĞºĞµĞ»ÑŒ 	ĞºÑĞ»ÑŒ 	ĞºÑ‹Ğ² 	Å„Ä“lÉ™m 	giela 	Ğ½ÑÑ…Ñ‡ĞµĞ¼ÑŒ (njuxÄÊ¹emÊ¹) 	nÊ²aÉ™mi
79	fingernail 	kÃ¶rÃ¶m 	à°—à±‹à°°à± (gÅru)	craw claw Kralle kynzi~nykil~nail	++!	kynsi 	kynzi 	kÃ¼Ã¼s(singular) kÃ¼Ã¼ned (plural) 	(ĞºĞµĞ´ÑŒ ÑÑƒÑ€) ĞºĞµĞ½Ğ¶Ğµ 	ĞºĞµĞ½Ğ¶Ğµ 	Ğ³Ñ‹Ğ¶ 	 	gazza 	ĞºÑÌ„Ğ½Ğ½Ñ† (kÄ“nnc) 	
80	foot 	lÃ¡b lÃ¡bfej 	la bfej!!  ja lka	lab / le po/fÃ¼ÃŸ 1.leg vs jambe el.B(ein) ğ“ƒ€ yia.leg	<++>	jalka jalkaterÃ¤ 	jalga jallanpohja 	jalg jalalaba 	Ğ¿Ğ¸Ğ»ÑŒĞ³Ğµ 	Ğ¿Ğ¸Ğ»ÑŒĞ³Ğµ 	ĞºĞ¾Ğº 	 	juolgi 	ÑÌ„Ğ»Ğ»ÑŒĞº (jÅ«llÊ¹k) 	Å‹Ã¦Ã¦
81	leg 	lÃ¡b 	lÃ¡b 	Lab / 1.leg	<++>	jalka 	jalga 	jalg 	Ğ¿Ğ¸Ğ»ÑŒĞ³Ğµ 	Ğ¿Ğ¸Ğ»ÑŒĞ³Ğµ 	ĞºĞ¾Ğº 	 	juolgi 	ÑÌ„Ğ»Ğ»ÑŒĞº (jÅ«llÊ¹k) (calf) Ğ¿ĞµÌ„Ñ†Ñ†Ğº (pÊ¹Ä“cck) 	Å‹Ã¦Ã¦
82	knee 	tÃ©rd 		âˆšturn? â‰  pelvis ('cap')		polvi 	polvi 	pÃµlv 	ĞºÑƒĞ¼Ğ°Ğ¶Ğ° 	Ğ¿ÑŠĞ»Ğ¼Ğ°Ğ½Ğ¶Ğ° 	Ğ¿Ñ‹Ğ´Ğ·Ã¶Ñ 	 	Äibbi 	Ğ¿Ó¯Ğ²Ğ²Ğ» (pÅ«vvl) 	
83	hand 	kÃ©z 	<> à®•à¯ˆ (kai) 	kaÆ’! Hand=kÃ¤si ;) <> catch case	<<<++	kÃ¤si 	kÃ¤zi 	kÃ¤si 	ĞºĞµĞ´ÑŒ 	ĞºÑĞ´ÑŒ 	ĞºĞ¸ 	kÄt 	giehta 	ĞºÓ£Ğ´Ñ‚ (kÄ«dt) 	Å‹uda
84	wing 	szÃ¡rny 	tiib	ğ“†„@ğ“…‚star Schar wing=tip sweep  7@chirp? Scharnier?	??	siipi 	siibi 	tiib 	ÑÑ‘Ğ»Ğ¼Ğ¾ 	Ğ¿Ğ°Ñ†Ñ 	Ğ±Ğ¾Ñ€Ğ´ 	 	soadji 	ÑÑƒÑĞ¹Ğ¹ (suejj) 	
85	belly 	Has <	vaÄÄa 	Fass, fâ€™essen <> POT=belly à°ªà±Šà°Ÿà±à°Ÿ (poá¹­á¹­a)	<<<++	maha vatsa 	maha vaÄÄa 	kÃµht 	Ğ¿ĞµĞºĞµ 	Ğ¿ĞµĞºĞµ 	ĞºÑ‹Ğ½Ã¶Ğ¼ 	 	Äoavji 	Ñ‡ÑƒÑĞ¹Ğ¹Ğ² (Äuejjv) 	
86	guts 	belek 	??	bulk@belly ğ°‹ğ°ƒğ° â€ bÃ©l => belt  soma, solve?	â„¢	suolet 	suonet 	sisikond sooled 	Ğ¿Ğ¾Ñ‚Ğ¼Ğ¾Ñ‚-ÑÑĞ»Ğ¾Ñ‚ 	ÑÑĞ»Ğ¾Ñ‚ 	 	 	Äoalli 	Ñ‡ÑƒÑĞ»Ğ»ÑŒ (ÄuellÊ¹) 	
87	neck 	nyak 	nyak, kaula 	neck, Kehle !	+++	kaula 	kagla 	kael 	ĞºĞ¸Ñ€ÑŒĞ³Ğ° 	ĞºÑŠÑ€Ğ³Ğ° 	 	 	Äeabet 	Ñ‡Ğ°Ì„Ğ¿ÑÑ… (ÄÄpex) 	jiikÉ™
88	back 	hÃ¡t 	hÃ¡t	hinter   <> cat ğ“„– <> Hut?	++	SelkÃ¤  ?	selgÃ¤ 	selg 	ĞºÑƒÑ‚ÑŒĞ¼ĞµÑ€Ğµ 	ĞºĞ¾Ğ¿Ğ¾Ñ€ÑŒ 	Ğ¼Ñ‹Ñˆ 	sis 	Äielgi 	ÑĞµÌ„Ğ»Ğ»ÑŒĞº (sÊ¹Ä“llÊ¹k) 	
89	breast 	mell kebel 	mell kebel	milch geber = Rinder!	++?	rinta 	rinda 	rind 	Ğ¼ĞµÑˆÑ‚Ğµ 	Ğ¼ÑÑˆÑ‚Ğµ 	Ğ¼Ğ¾Ñ€Ã¶Ñ 	 	ÄiÅ¾Å¾i 	Ğ½Ğ¸Ğ½Ğ½Ñ‡ (ninnÄ), Ñ€Ğ°Ğ½Ğ½ÒÑ‚ (rannÊ¹t) 	
90	heart 	szÃ­v 	sÃ¼da 	sweet:heart ğ“‡”~ğ“„¤? SÃ¼den swine??	??	sydÃ¤n 	syvÃ¤in 	sÃ¼da 	ÑĞµĞ´ĞµĞ¹ 	ÑĞµĞ´Ğ¸ 	ÑÑŒÃ¶Ğ»Ã¶Ğ¼ 	sim 	vÃ¡ibmu 	ĞºÓ¯Ñ‚Ñ‚ÑŒĞº (kÅ«ttÊ¹k) (food) ÑĞ°Ì„Ñ€Ñ€ÑŒÑ‚ (sÄrrÊ¹t) 	sÊ²eyÉ™
91	liver 	mÃ¡j 		Ğ¼Ñ‹Ğ´ (mid) @ middle?	/	maksa 	maksa 	maks 	Ğ¼Ğ°ĞºÑĞ¾ 	Ğ¼Ğ°ĞºÑĞ° 	Ğ¼ÑƒÑ 	mÄjt 	vuoivvas 	Ğ²Ó¯Ğ¹Ğ²Ğ°Ñ (vÅ«jvas) 	
92	to drink 	Isz <> viz = water		Jâ€™uoda : schÃ¼tte water	++~	juoda 	juoda juuva 	jooma 	ÑĞ¸Ğ¼ĞµĞ¼Ñ 	ÑĞ¸Ğ¼Ğ¾Ğ¼Ñ 	ÑĞ½Ñ‹ 	aj- 	juhkat 	ÑĞ³ĞºÑ (jugke) 	
93	to eat 	esz	eszik sÃ¶Ã¶ma syÃ¶dÃ¤ 	eat ess.ich   soda â‰  schÃ¼tt	+++ ...	syÃ¶dÃ¤ 	syyvÃ¤ 	sÃ¶Ã¶ma 	ÑÑ€ÑĞ°Ğ¼Ñ ÑÑĞ²ĞµĞ¼Ñ 	ÑÑ€Ñ…Ñ†Ğ°Ğ¼Ñ 	ÑÑ‘Ğ¹Ğ½Ñ‹ 	tÄ“- 	borrat 	Ğ¿Ğ¾Ì„Ñ€Ñ€Ñ (pÅrre) 	
94	to bite 	harap 		happ,rupf <> pour, pull?	+?	purra 	purra 	hammustama purema 	ÑÑƒÑĞºĞ¾Ğ¼Ñ 	ÑÑƒÑĞºĞ¾Ğ¼Ñ 	ĞºÑƒÑ€Ñ‡Ğ½Ñ‹ 	 	suoksat 	ĞºĞ°Ì„Ñ†Ñ†ÑŒĞºÑ (kÄccÊ¹ke) 	
95	to suck 	szopik emik 	szopik	imie <> mamma	~ ?	imeÃ¤ 	imie 	imema 	Ğ¿Ğ¾Ñ‚ÑĞ¼Ñ 	ÑˆĞ¾ĞºÑˆĞµĞ¼Ñ 	 	 	njammat 	Ğ½ÑĞ¼Ğ¼Ñ (njumme) 	
96	to spit 	KÃ¶p ~ kotz		â‰  schluck		sylkeÃ¤ 	sylgie Å¡lÃ¶tÃ¤tÃ¤ 	sÃ¼litama sÃ¼lgama 	ÑĞµĞ»ÑŒĞ³ĞµĞ¼Ñ 	ÑĞµĞ»ÑŒĞ³Ğ¾Ğ¼Ñ 	 	 	 	Ñ‡Ğ¾Ì„Ğ»Ğ»ĞºÑ (ÄÅllke) 	
97	to vomit 	hÃ¡ny ?		kotsen ~ oksen.tu	++ OK?	oksentaa 	oksendua 	oksendama 	ÑƒĞºÑĞ½Ğ¾Ğ¼Ñ 	ÑƒĞºÑĞ¾Ğ½Ğ´Ğ¾Ğ¼Ñ 	 	 	vuovssat 	Ğ²ÑƒĞºĞºÑŒÑÑ (vukkÊ¹se) 	
98	to blow 	fÃºj 	puhuo 	pust blow hale	++~	puhaltaa 	puhaldua puhuo 	puhuma 	Ğ¿ÑƒĞ²Ğ°Ğ¼Ñ 	ÑƒÑ„Ğ°Ğ¼Ñ 	 	 	bosadit 	Ğ¿Ğ¾Ğ°ÑÑÑ (poasse) 	
99	to breathe 	lÃ©legzik ?	hengittÃ¤Ã¤ 	hengi.tu@Lunge		hengittÃ¤Ã¤ 	hengitiÃ¤ 	hingama 	Ğ»ĞµĞºÑĞµĞ¼Ñ 	Ğ²Ğ°Ğ¹Ğ¼Ğµ Ñ‚Ğ°Ñ€ĞºÑĞµĞ¼Ñ 	 	 	vuoigÅ‹at 	Ğ²Ó¯Ğ¹Ğ¹Ğ½Ñ (vÅ«jjne) 	
100	to laugh 	nevet 	nagrua, nauraa	neck â²›â²¥â²! Ğ¸Ğ½ÑÑÑ… nagh laugh narr @ Romain	++?	nauraa 	nagrua 	naerma 	Ñ€Ğ°ĞºĞ°Ğ¼Ñ 	Ñ€Ğ°Ñ…Ğ°Ğ¼Ñ 	ÑĞµÑ€Ğ°Ğ²Ğ½Ñ‹ 	moÉ£al- 	boagustit 	ÑÓ£Ğ¹Ğ¹Ğ½Ñ (sÄ«jjne) 	
101	to see 	lÃ¡t nÃ©z 	nvizio nvideo	ğ“ˆ–ğ“‡ğ“Œğ“…± NADZAR@SEM Ä§zÄ auszi ğ’Œ‹ğ’€ªğ’„­  ğ“ˆ–ğ“¯ğ“„¿ğ“º	+++	nÃ¤hdÃ¤ 	nÃ¤htÃ¤ nÃ¤gyÃ¶ 	nÃ¤gema 	Ğ½ĞµĞµĞ¼Ñ 	Ğ½ÑĞµĞ¼Ñ 	Ğ°Ğ´Ğ´Ğ·Ñ‹Ğ½Ñ‹ 	wÄ- 	oaidnit 	ÑƒĞ¹Ğ¹Ğ½Ñ (ujjne) 	
102	to hear 	hall 	hall 	hall<hear ++ kohra=ear ^^	++<	kuulla 	kuulla 	kuulma 	Ğ¼Ğ°Ñ€ÑĞ¼Ñ 	ĞºÑƒĞ»ĞµĞ¼Ñ 	ĞºÑ‹Ğ²Ğ½Ñ‹ 	 	gullat 	ĞºÑƒĞ»Ğ»Ñ (kulle) 	
103	to know 	tud (sg.) ismer (sy.) 		vISM wissen ++ truth <> title  ğ“¦ mathemat	+++ <?	tietÃ¤Ã¤ 	tiediÃ¤ 	teadma  ğ“¦	ÑĞ¾Ğ´Ğ°Ğ¼Ñ 	ÑĞ¾Ğ´Ğ°Ğ¼Ñ 	Ñ‚Ã¶Ğ´Ğ½Ñ‹ 	 	diehtit 	Ñ‚Ó£Ğ´Ñ‚Ñ (tÄ«dte), Ñ‚Ğ¾Ğ¼Ğ¼Ñ‚Ñ (tommte) 	
104	to think 	gondol gondolkozik 	miettiÃ¤ 	Gondel;) / mind  ğ“¦ mathemat	? / ++	ajatella miettiÃ¤ 	ajatella miettie duumaija 	mÃµtlema 	Ğ°Ñ€ÑĞµĞ¼Ñ 	Ğ°Ñ€ÑŒÑĞµĞ¼Ñ 	Ğ¼Ã¶Ğ²Ğ¿Ğ°Ğ²Ğ½Ñ‹ 	noms- 	jurddaÅ¡it 	ÑÑ€Ñ€ÑŒÑ‚Ñ (jurrÊ¹te) 	
105	to smell 	szagol 	nuusutama haistma 	<>nose ğŒ·ğŒ°ğŒ¹ğ„ğŒ°ğŒ½ ğŒ·ğŒ°ğŒ¶ğŒ¾ğŒ°ğŒ½ ?		haistaa 	haiÅ¾uo hengÃ¤tÃ¤ 	nuusutama haistma 	(ÑÑƒĞ´Ğ¾ÑĞ¾) Ğ¼Ğ°Ñ€ÑĞ¼Ñ 	Ğ¼Ğ°Ñ€ÑĞ¼Ñ 	 	 	hÃ¡istit 	Ğ°Ğ¿Ğ¿ÑŒÑÑ (appÊ¹se) 	
106	to fear 	FÃ©l  < varata	varata	fear, pelle	+++	pelÃ¤tÃ¤ 	varata 	kartma pelgama 	Ğ¿ĞµĞ»ĞµĞ¼Ñ 	Ğ¿ĞµĞ»ĞµĞ½Ğ´ĞµĞ¼Ñ 	Ğ¿Ğ¾Ğ»Ã¶Ğ¼ 	 	ballat 	Ğ¿ÑÌ„Ğ»Ğ»Ñ (pÄ“lle) 	
107	to sleep 	Alszik ~ Al sick/Siech	nukkua	nique, nicker@night < magama ?	+++	nukkua 	magua muata nukkua (to doze) 	magama 	ÑƒĞ´Ğ¾Ğ¼Ñ 	ÑƒĞ´Ğ¾Ğ¼Ñ 	ÑƒĞ·ÑŒĞ½Ñ‹ 	 	oaÄ‘Ä‘it 	Ğ²ÑƒÑĞ´Ñ‚Ó­ (vuedtÊ¹e) 	
108	to live 	Ã©l 	eliÃ¤ 	alive! Erlebe   vel<vir? <> animal	<<	elÃ¤Ã¤ 	eliÃ¤ 	elama 	ÑÑ€ÑĞ¼Ñ 	ÑÑ€ÑĞ¼Ñ 	Ğ¾Ğ²Ğ½Ñ‹ 	Ål- 	orrut 	ĞµÌ„Ğ»Ğ»Ğµ (jÄ“llÊ¹e) 	
109	to die 	(meg)hal 	(mur)kuolla 	kill, halt	+++	kuolla 	kuolla 	surema 	ĞºÑƒĞ»Ğ¾Ğ¼Ñ 	ĞºÑƒĞ»Ğ¾Ğ¼Ñ 	ĞºÑƒĞ²Ğ½Ñ‹ 	Ï‡Ål- 	jÃ¡pmit 	Ñ‘Ğ°Ğ¼Ğ¼Ğµ (joammÊ¹e) 	
110	to kill 	Ã¶l megÃ¶l 		me.kill, topple?	++	tappaa 	tappua 	tapma 	ĞºÑƒĞ»Ğ¾Ğ²Ñ‚Ğ¾Ğ¼Ñ Ñ‡Ğ°Ğ²Ğ¾Ğ¼Ñ 	ÑˆĞ°Ğ²Ğ¾Ğ¼Ñ 	 	al- 	goddit 	ĞºĞ¾Ğ°Ğ½Ğ½ÒÑ‚Ñ (koannÊ¹te) 	
111	to fight 	harcol kÃ¼zd 	harc, taistella 	beharken? âˆš2 duel		taistella 	torua 	vÅ‘itlema kaklema 	Ñ‚ÑÑ€ĞµĞ¼Ñ 	Ñ‚ÑÑ€ĞµĞ¼Ñ 	 	 	riidalit 	Ñ‚ÑƒĞ°Ñ€Ñ€Ñ (tuarre) 	
112	to hunt 	vadÃ¡szik 	jahtima 	jagt(time/tum/ma)  metzeln @ mecca? ğ“Œ±ğ“Œ¬	++/??	metsÃ¤stÃ¤Ã¤ 	meÄÄua 	kÃ¼ttima jahtima 	Ğ¾Ñ…Ğ¾Ñ‚Ğ½Ğ¸Ñ‡Ğ°Ğ¼Ñ 	ĞºÑƒĞ½Ñ†ĞµĞ¼Ñ 	Ğ²Ã¶Ñ€Ğ°Ğ²Ğ½Ñ‹ 	aliÅ¡l- 	bivdit 	(the hunt) Ğ¼ĞµÌ„Ò»Ñ†ÑŒ (mÊ¹Ä“hcÊ¹) 	
113	to hit 	Ã¼t, megÃ¼t 	Ã¼t	hit, make.hit	+?	lyÃ¶dÃ¤ iskeÃ¤ 	lyyvÃ¤ iÅ¡kie 	lÃ¶Ã¶ma 	Ñ€Ğ°Ğ²Ñ‚Ğ¾Ğ¼Ñ Ñ‡Ğ°Ğ²Ğ¾Ğ¼Ñ 	Ñ€ĞµÑÑŒĞºĞ°Ñ„Ñ‚Ğ¾Ğ¼Ñ 	 	 	 	Ğ²Ğ°ÑÑÑ‚Ñ (vasste) 	
114	to cut 	vÃ¡g 	leikata 	le cuta, lyse?, fetch? 	++/?	leikata 	leikata 	lÃµikama 	ĞºĞµÑ€ÑĞ¼Ñ 	ĞºĞµÑ€Ğ¾Ğ¼Ñ 	Ğ²ÑƒĞ½Ğ´Ğ°Ğ²Ğ½Ñ‹ 	 	Äuohppat 	Ñ‡Ó¯Ò»Ğ¿Ñ (ÄÅ«hpe), Ğ²ÑÌ„Ğ¹Ğµ (vÄ“jÊ¹e) 	
115	to split 	hasÃ­t 	hallata 	Hulk, hal.be, Haseâ€™it > cut	+?	halkaista 	hallata 	lÃµhestama poolitama 	Ğ»Ğ°Ğ·Ğ¾Ğ¼Ñ 	Ğ»Ğ°Ğ·Ğ¾Ğ¼Ñ 	 	 	 	Ğ»ÑƒÑĞ½Ğ½ÒÑ‚Ñ (luennÊ¹te) 	
116	to stab 	szÃºr 	pistiÃ¤	piks à°ªà±Šà°¡à±à°šà± poá¸ucu	+:)?	pistÃ¤Ã¤ 	pistiÃ¤ ÄÃ¶kÃ¤tÃ¤ 	pussitama 	Ğ»Ğ°Ğ·Ğ¾Ğ¼Ñ (Ğ¿ĞµĞµĞ»ÑŒÑÑ) 	ÑÑĞ»Ğ³Ğ¾Ğ¼Ñ 	 	 	 	Ñ‡Ğ¾Ì„Ò»ĞºÑ (ÄÅhke) 	
117	to scratch 	vakar 	kratsima kraapima 	kratz, krabbel, rapir, Rabe	++<	raapia kynsiÃ¤ 	riibuo kyndÅ¾ie krabista 	kratsima kraapima 	Ñ€Ğ°Ğ·Ğ´ĞµĞ¼Ñ 	ÑÑĞ½Ğ³Ğ¾Ñ€Ğ´Ğ°Ğ¼Ñ 	 	 	 	ÑÑƒĞ²Ğ²Ñ (suvve) 	
118	to dig 	Ãs < dash < dig	kaivaa 	Cave < carve < grave < grabe	++	kaivaa 	kaivua 	kaevama 	Ñ‡ÑƒĞ²Ğ¾Ğ¼Ñ 	ÑˆÑƒĞ²Ğ¾Ğ¼Ñ 	 	 	goaivut 	ĞºÑƒĞ°Ğ¹Ğ¹Ğ²Ñ (kuajjve) 	
119	to swim 	Ãºszik 	uida 	yÃº@water	++	uida 	uidua 	ujuma 	ÑĞºÑˆĞµĞ»ÑĞ¼Ñ ÑƒĞµĞ¼Ñ 	ÑÑˆĞµĞ»ÑĞ¼Ñ 	ÑƒÑĞ²Ğ½Ñ‹ 	 	vuodjat 	Ğ²Ó¯Ğ¹Ğµ (vÅ«jÊ¹e) 	
120	to fly 	repÃ¼l[y]	repÃ¼l[y]	repulse=re.fly linda=bird rebhun;)	+?	lentÃ¤Ã¤ 	lendiÃ¤ 	lendama 	Ğ»Ğ¸Ğ²Ñ‚ÑĞ¼Ñ 	Ğ»Ğ¸ĞµĞ¼Ñ 	Ğ»ÑĞ±Ğ°Ğ²Ğ½Ñ‹ 	 	girdit 	ĞºÑ‹Ñ€Ñ€ÑŒÑ‚Ñ (kÉ¨rrÊ¹te) 	
121	to walk 	megy sÃ©tÃ¡l 	kÃ¤vellÃ¤ 	go-aller@cheval?	<<<	kÃ¤vellÃ¤ 	kÃ¤vellÃ¤ 	kÃµndima 	ÑÑ‚Ğ°Ğ¼Ñ (ÑĞ»Ğ³Ğ¾) 	ÑĞºĞ°Ğ¼Ñ ÑĞ»Ğ³Ğ° Ğ¼Ğ¾Ğ»ĞµĞ¼Ñ 	 	jal- min- 	vÃ¡zzit 	Ğ²Ğ°Ì„Ğ½Ğ½ÒÑ†Ñ (vÄnnÊ¹ce) 	jader-
122	to come 	jÃ¶n 	ÑĞ°Ğ¼Ñ 	come join ğ“‡ yourn?	++ ???	tulla 	tulla 	tulema 	ÑĞ°Ğ¼Ñ 	ÑĞ°Ğ¼Ñ 	Ğ»Ğ¾ĞºĞ½Ñ‹ 	ji- joÏ‡t- 	boahtit 	Ğ¿ÑƒÑĞ´Ñ‚Ó­ (puedtÊ¹e) 	
123	to lie (down)	fekszik 	maata 	Sick:siech:set^^ âˆšfake fakir mat  maatÂ¬a!	+^^	maata 	venyÃ¶ virua muata (to sleep) 	lamama 	Ğ°ÑˆÑ‚ĞµĞ¼Ñ (Ğ¼Ğ°Ğ´ĞµĞ·ÑŒ) 	Ğ¼Ğ°Ğ´Ğ¾Ğ·ÑŒ Ğ°Ñ‰ĞµĞ¼Ñ 	ĞºÑƒĞ¹Ğ»Ñ‹Ğ½Ñ‹ 	 	veallÃ¡t (humans), goarjadit (dogs), livvadit (other animals) 	Ğ»ÑƒĞ²Ğ²Ñ (luvve) 	
124	to sit 	Ã¼l 	istua@Ã¼l	sit @stuhl	++!	istua 	istuo 	istuma 	Ğ°ÑˆÑ‚ĞµĞ¼Ñ (Ğ¾Ğ·Ğ°Ğ´Ğ¾) 	Ğ¾Ğ·Ğ°Ğ´Ğ° Ğ°Ñ‰ĞµĞ¼Ñ 	Ğ¿ÑƒĞºĞ°Ğ²Ğ½Ñ‹ 	Å«nl- 	ÄohkkÃ¡t 	Ñ‹ÑˆÑˆÑ‚Ñ (É¨Å¡Å¡te) 	
125	to stand 	Ã¡ll 	seiÅ¾uo 	HALT alift <> sit, cess	++!	seistÃ¤ seisoa 	seiÅ¾uo 	seisma 	Ğ°ÑˆÑ‚ĞµĞ¼Ñ (ÑÑ‚ÑĞ´Ğ¾) 	ÑÑ‚ÑĞ´Ğ° Ğ°Ñ‰ĞµĞ¼Ñ 	Ñ‡ĞµÑ‡Ñ‡Ğ°Ğ²Ğ½Ñ‹ 	 	ÄuoÅ¾Å¾ut 	Ñ‡ÑƒÑĞ½Ğ½Ñ‡Ñ (ÄuennÄe) 	
126	to turn 	fordul 	kiÃ¤ndiÃ¤ pyÃ¶riÃ¤ 	qwende, pirouette fordul vortex.do <> werfen?	<<<	kÃ¤Ã¤ntyÃ¤ pyÃ¶riÃ¤ 	kiÃ¤ndiÃ¤ pyÃ¶rie 	pÃ¶Ã¶rama 	Ğ¿ÑƒÑ€Ğ´Ğ°Ğ¼Ñ 	ÑˆĞ°Ñ€Ğ¾Ğ¼Ñ ÑˆĞ°Ñ€Ñ„Ñ‚Ğ¾Ğ¼Ñ 	Ğ±ĞµÑ€Ğ³Ğ°Ğ²Ğ½Ñ‹ 	 	jorggihit 	Ñ‘ÒÑ‚ÑŠÑ‚ÑĞ»Ğ»Ñ (jorÌ¥ttelle) (intransitive) Ğ»ĞµÌ„Ğ²Ñ…Ñ (lÊ¹Ä“vxe) 	
127	to fall 	esik 		sick^lie lang@pod?	^^?	pudota kaatua langeta 	kuaduo langeta kikota 	kukkuma langema 	Ğ¿Ñ€Ğ°Ğ¼Ñ 	Ğ¿Ñ€Ğ°Ğ¼Ñ 	ÑƒÑÑŒĞ½Ñ‹ 	 	gahÄÄat 	ĞºÑÌ„Ò»Ñ‡Ğµ (kÄ“hÄÊ¹e) 	
128	to give 	ad 	andua 	Hand out ante ad at yad â€¦ ğ“™ğ“€  ğ“…±ğ“‚§ğ“´ğ“‚¡ !!!	+++<<<	antaa 	andua 	andma 	Ğ¼Ğ°ĞºÑĞ¾Ğ¼Ñ 	Ğ¼Ğ°ĞºÑĞ¾Ğ¼Ñ 	ÑĞµÑ‚Ğ½Ñ‹ 	mi- 	addit 	Ğ°Ğ½Ğ½ÒÑ‚Ñ (annÊ¹te) 	
129	to hold 	fog 	pidiÃ¤ 	ğ“‚˜!  Pfote > fetch fass fang > fog	+?	pitÃ¤Ã¤ 	pidiÃ¤ 	hoidma pidama 	ĞºĞ¸Ñ€Ğ´ĞµĞ¼Ñ 	ĞºĞ¸Ñ€Ğ´ĞµĞ¼Ñ 	ĞºÑƒÑ‚Ğ½Ñ‹ 	 	doallat 	Ğ¾Ğ°Ğ½Ğ½Ó­ (oannÊ¹e) 	
130	to squeeze 	SzorÃ­t ~	puristaa 	press.tu	+++	puristaa 	puriÅ¡tua liÄata 	(kokku) suruma 	Ğ»ĞµĞ¿ÑˆÑ‚ÑĞ¼Ñ 	Ğ¿ÑƒĞ²Ğ¾Ñ€Ğ´Ğ°Ğ¼Ñ 	 	 	 	Ğ¿Ğ°Ğ´Ğ¶Ğµ (padÅ¾Ê¹e) 	
131	to rub 	dÃ¶rzsÃ¶l 	hierua 	< scheuer(n)	~?	hieroa 	hierua 	hÃµÃµruma 	Ñ‘Ğ·Ğ°Ğ¼Ñ 	Ğ½Ğ°Ñ€Ğ´Ğ°Ğ¼Ñ 	 	 	 	ĞµÌ„Ñ€Ñ€Ñ (jÄ“rre) 	
132	to wash 	mos < mwash	pestÃ¤ 	æ²æ´— mÃ¹xÇ mnwÃ¤sser @ pest pesema waschem	<<	pestÃ¤ 	pestÃ¤ peÅ¡Å¡Ã¤ 	pesema 	ÑˆĞ»ÑĞ¼Ñ Ğ¼ÑƒÑÑŒĞºĞµĞ¼Ñ Ğ¿ĞµĞ·ÑĞ¼Ñ 	ÑˆÑ‚Ğ°Ğ¼Ñ 	Ğ¼Ñ‹ÑÑÑŒÑ‹Ğ½Ñ‹ 	 	bassat 	Ğ¿ÑÌ„ÑÑÑ (pÄ“sse) 	
133	to wipe 	tÃ¶rÃ¶l (Ã–l-Tuch)	pyyhkiÃ¤ 	~wisch? 	~?	pyyhkiÃ¤ 	pyhkie 	pÃ¼hkima 	Ğ½Ğ°Ñ€Ğ´Ğ°Ğ¼Ñ 	Ğ½Ğ°Ñ€Ğ´Ğ°Ğ¼Ñ 	 	 	 	ĞµÌ„Ñ€Ñ€Ñ (jÄ“rre) 	
134	to pull 	Huz < Thau-zieh?	vetÃ¤Ã¤	fetch-tow?	~?	vetÃ¤Ã¤ 	vediÃ¤ taÅ¡Å¡ie 	tÃµmbama vedama 	ÑƒÑĞºĞ¾Ğ¼Ñ 	Ñ‚Ğ°Ñ€Ğ³Ğ°Ğ¼Ñ 	 	 	geassit 	ĞºĞµÌ„ÑÑĞµ (kÊ¹Ä“ssÊ¹e) 	
135	to push 	tol 	tÃ¶ykÃ¤tÃ¤ 	touch, don??	~?	tyÃ¶ntÃ¤Ã¤ 	tungie tÃ¶ykÃ¤tÃ¤ 	tÃµukama 	Ñ‚ÑƒĞ»ĞºĞ°Ğ´ĞµĞ¼Ñ 	Ñ‚Ğ¾Ğ»Ñ…Ğ¼Ğ°Ğ´ĞµĞ¼Ñ Ñ€ÑÑ„Ñ†Ğ¾Ğ´ĞµĞ¼Ñ 	 	 	hoigat 	Ğ¾Ğ¹Ğ¹ĞºÑŠĞµ (ojjkje) 	
136	to throw 	dob 		drop?		heittÃ¤Ã¤ viskata 	bringata viÅ¡kuo lykkie heittiÃ¤ (to leave, to abandon, to stop) 	heitma viskama 	Ñ‘Ñ€Ñ‚Ğ¾Ğ¼Ñ 	Ñ‘Ñ€Ğ´Ğ°Ğ¼Ñ 	 	li- 	bÃ¡lkestit 	Ñ‡Ğ°Ñ†Ñ†ÑŒĞºÑ (ÄaccÊ¹ke) 	
137	to tie 	kÃ¶t 		knot cord kittel^, saâ€™um ğ“Šƒ	+++	sitoa solmia (a knot) 	siduo solmie niegluo 	siduma 	ÑÑĞ»Ğ¼Ğ°Ğ¼Ñ 	ÑĞ¾Ñ‚Ğ¾Ğ¼Ñ 	 	 	Äatnat 	ĞºĞ¾Ì„Ñ€Ñ€Ñ (kÅrre) 	
138	to sew 	varr 		werf a'mend ğ“ˆ– Naht ^^		ommella neuloa 	ommella nieglua 	Ãµmblema 	ÑÑ‚Ğ°Ğ¼Ñ 	ÑÑ‚Ğ°Ğ¼Ñ 	 	 	goarrut 	ĞºÑƒĞ°Ñ€Ñ€Ñ (kuarre) 	
139	to count 	szÃ¡mol 	szÃ¡mol	âˆ‘ sum! Sumary, lucky luke???	++	laskea lukea (archaic) 	laskie lugie 	loendama 	Ğ»Ğ¾Ğ²Ğ¾Ğ¼Ñ 	Ğ»ÑƒĞ²Ğ¾Ğ¼Ñ 	Ğ»Ñ‹Ğ´Ğ´ÑŒÑ‹Ğ½Ñ‹ 	 	rehkenastit 	Ğ»Ğ¾Ì„Ğ³ĞºÑ (lÅgke) 	
140	to say 	mond szÃ³l 	mond sanoa	Mund > mot sayn soner sound! 	++?	sanoa 	sanuo 	Ã¼tlema 	Ğ¼ĞµÑ€ĞµĞ¼Ñ 	Ğ°Ğ·Ğ¾Ğ¼Ñ 	ÑˆÑƒĞ½Ñ‹ 	 	dadjat, lohkat, cealkit 	Ñ†ĞµÌ„Ó†Ó†ÑŒĞºÑ (cÊ¹Ä“lÌ¥lÌ¥Ê¹ke) 	
141	to sing 	Ã©nekel, daâ€™lol 	laulaa 	lala;) jaul  sing, schunkel,Ã©nekel=eunuchen	++ ;)	laulaa 	laulua pajattua 	laulma 	Ğ¼Ğ¾Ñ€Ğ°Ğ¼Ñ 	Ğ¼Ğ¾Ñ€Ğ°Ğ¼Ñ 	ÑÑŒÑ‹Ğ²Ğ½Ñ‹ 	Ä“rÉ£- lujÉ£- 	lÃ¡vlut 	Ğ»Ğ°Ì„Ğ²Ğ²Ğ»Ñ (lÄvvle) 	
142	to play 	JÃ¡tsz.ik 	pelata jÃ¡tszik	Play jazz jeux joy joice (bala)leika, (p)leasure	+++?	leikkiÃ¤ pelata soittaa 	kizata elostua soittua (music) 	mÃ¤ngima 	Ğ½Ğ°Ğ»ĞºÑĞµĞ¼Ñ 	Ğ½Ğ°Ğ»Ñ…ĞºĞ¾Ğ¼Ñ 	Ğ²Ğ¾Ñ€ÑÑ‹Ğ½Ñ‹ 	jonÉ£- 	stoahkat 	ÑÓ£Ñ€Ñ€Ñ (sÄ«rre) 	
143	to float 	lebeg, Ãºsz.ik 	lebeg, Ãºszik	levit, Ãºswim, keiluo??	+?	kellua 	keiluo 	hÃµljuma 	ÑƒĞµĞ¼Ñ (Ğ²ĞµĞ´ÑŒ Ğ»Ğ°Ğ½Ğ³ÑĞ¾) 	ÑƒĞµĞ¼Ñ 	 	 	 	Ğ²Ó¯Ğ¹Ğµ (vÅ«jÊ¹e) 	
144	to flow 	Foly.ik 	Foly < virrata	Flow < fÃ¤hr!	+++	virrata 	virrata 	voolama 	Ñ‡ÑƒĞ´ĞµĞ¼Ñ 	ÑˆÑƒĞ´ĞµĞ¼Ñ 	 	 	 	ĞºĞ¾Ì„Ğ»Ğ»ĞºÑ (kÅllke) 	
145	to freeze 	fagy 		fagys	~+	jÃ¤Ã¤tyÃ¤ 	jiÃ¤ndyÃ¶ kylmiÃ¤ 	kÃ¼lmuma jÃ¤Ã¤tuma 	ĞºĞµĞ»ÑŒĞ¼ĞµĞ¼Ñ ÑĞµĞ½Ğ·Ğ°Ğ¼Ñ 	ÑĞ¹Ğ½Ğ´Ğ°Ğ¼Ñ 	ĞºÑ‹Ğ½Ğ¼Ñ‹Ğ½Ñ‹ 	 	jiekÅ‹ut 	ĞºĞ°Ğ»Ğ»ÑŒĞ¼Ñ (kallÊ¹me) 	
146	to swell 	dagad duzzad 	paizota 	pustel tits	â€¦	paisua turvota 	paizota turvota 	paisuma 	Ñ‚Ğ°Ñ€Ğ³Ğ¾Ğ·ĞµĞ²ĞµĞ¼Ñ 	Ğ¿Ğ°Ğ¹Ğ¼Ğ¾ÑˆĞºĞ¾Ğ´Ğ¾Ğ¼Ñ 	 	 	 	(swelling) Ğ¿Ğ¾Ğ°Ğ· (poaz) 	
147	sun 	Nap <>  Ğ½Ñ”Ğ±Ğ¾ (sky) 	PÃ¤ivke ??	Nobel ğ“‹ ğ“‹Ÿğ“‹  Ğ¨Ğ¸ / Pyro?!! !!!!!!??	ğ“‹!	Aurinko  !	pÃ¤ivÃ¤ine 	pÃ¤ike 	Ñ‡Ğ¸Ğ¿Ğ°Ğ¹ Ñ‡Ğ¸ 	ÑˆĞ¸ 	 	 	beaivi, beaivvÃ¡Å¡ 	Ğ¿ĞµÌ„Ğ¹Ğ¹Ğ² (pÊ¹Ä“jjv) 	
148	moon 	hold 	kuu ğ“!!	ğ“ Cold ğŸŒ” Kugel? Kyue schÃ¶ne hÃ¼hne	!??	kuu 	kuu 	kuu 	ĞºĞ¾Ğ² 	ĞºĞ¾Ğ² 	Ñ‚Ã¶Ğ»Ñ‹ÑÑŒ 	 	mÃ¡nnu 	Ğ¼Ğ°Ì„Ğ½Ğ½ (mÄnn) 	
149	star 	csillag 	Ñ‚ĞµÑˆÑ‚Ğµ	DUAT ğ“‡¼ğ“„¿ğ“ Dwa ğ“‡½ teâ€™stern *** 	<++	tÃ¤hti 	tÃ¤hti 	tÃ¤ht 	Ñ‚ĞµÑˆÑ‚Ğµ 	Ñ‚ÑÑˆÑ‚Ğµ 	ĞºĞ¾Ğ´Ğ·ÑƒĞ² 	 	nÃ¡sti 	Ñ‚Ğ°Ì„ÑÑÑŒÑ‚ (tÄssÊ¹t) 	
150	water 	vÃ­z 	vezi 	WÃ¤sser < Ğ²ĞµĞ´ÑŒ obe.ti (plural)	+++	vesi 	vezi 	vesi 	Ğ²ĞµĞ´ÑŒ 	Ğ²ĞµĞ´ÑŒ 	Ğ²Ğ° 	wit 	ÄÃ¡hci 	Ñ‡Ğ°Ì„Ğ´Ğ·ÑŒ (ÄÄdzÊ¹) 	
151	rain 	esÅ‘ (noun) 	sataa ğ“›ğ“€ğ“‡‹ğ“‡‹ğ“ğ“ˆ—	schÃ¼tt! ğ“‡²ğ“‚ğ“¿  	+++	sataa 	vihmuo 	(vihma) sadama 	Ğ¿Ğ¸Ğ·ĞµĞ¼Ñ 	Ğ¿Ğ¸Ğ·ĞµĞ¼Ñ 	Ğ·ÑÑ€Ğ½Ñ‹ 	 	arvit 	(the rain) Ğ°Ğ±Ğ±ÑŒÑ€ (abbÊ¹r) 	
152	river 	jÃ³ (archaic), folyÃ³ 	folyÃ³ 	FLOW YU~AUe yong æ¶Œæ³³æ°´æ²¿æ±Ÿ â€¦ Ğ›ĞµĞ¹ ~ lake	++	joki 	jogi 	jÃµgi 	Ğ»ĞµĞ¹ 	Ğ»ÑĞ¹ 	Ñ 	jÄ 	johka 	Ñ‘Ì„Ğ³Ğº (jÅgk) 	jÉ™xa
153	lake 	TÃ³ > thoe > see		Ğ›ĞµĞ¹ ^^ river ~~~ jÃ¤rvi rivÃ¤j  ğ“‡‹ ğ“ ğ“‚‹ ğ“ˆ˜ ğ“ˆ— jdervi	+?	jÃ¤rvi 	jÃ¤rvi 	jÃ¤rv 	ÑÑ€ÑŒĞºĞµ 	ÑÑ€ÑŒÑ…ĞºĞµ 	Ñ‚Ñ‹ 	tÅ«r 	jÃ¡vri 	ÑÌ„Ğ²Ğ²ÑŒÑ€ (jÄvvÊ¹r) 	
154	sea 	Tenger @ Tangir!	meri 	Meer ++ tangent? See:tang	+++ / --	meri 	meri 	meri 	Ğ¸Ğ½ĞµĞ²ĞµĞ´ÑŒ 	Ğ¼Ğ¾Ñ€Ñ 	ÑĞ°Ñ€Ğ¸Ğ´Ğ· 	Å¡ÄrÉ™Å¡ 	mearra 	Ğ¼ĞµÌ„Ñ€Ñ€ (mÊ¹Ä“rr) 	
155	salt 	sÃ³ 	sÃ³, suolaâ„¢	salt Sole	+++	suola 	suola 	sool 	ÑĞ°Ğ» 	ÑĞ°Ğ» 	ÑĞ¾Ğ² 	 	sÃ¡lti 	ÑÓ¯Ğ»Ğ»ÑŒ (sÅ«llÊ¹) 	
156	stone 	kÅ‘ 	<<>>	ğ“ŠŒ  rokÅ‘ à°°à°¾à°¯à°¿ (rÄyi) à®•à®²à¯ (kal) Kiesel core?	<<<<	kivi 	kivi 	kivi 	ĞºĞµĞ² 	ĞºĞµĞ² 	Ğ¸Ğ· 	ÄÏ‡Ê·tas 	geaÄ‘gi 	ĞºĞµÌ„Ğ´Ğ´ÒĞº (kÊ¹Ä“ddÊ¹k) 	
157	sand 	Homok â‰  Humus	sÃ¡ttu, lieto	sandu, litho, â€¦	++/â€¦/--	hiekka suurimo 	Äuuru liede lieto 	liiv 	Ñ‡ÑƒĞ²Ğ°Ñ€ 	ÑˆÑƒĞ²Ğ°Ñ€ 	Ğ»Ñ‹ 	 	sÃ¡ttu 	Ğ²Ó¯Ğ½Ñ‚Ğ°Ñ (vÅ«ntas) 	
158	dust 	por 	à°ªà±Šà°—à°®à°‚à°šà± (poga)	Vapor, poga, fog, poly fly	+!<<	tomu pÃ¶ly 	tomu pÃ¶ly 	tolm 	Ñ‡ĞµĞ»ÑŒĞºĞµ 	Ğ¿ÑƒĞ»ÑŒ 	Ğ±ÑƒÑ 	rÄw 	gavja 	Ğ¿ÑƒÑĞ½Ğ½ (puenn) 	
159	earth 	FÃ¶ld > Feld!	Ğ¼Ğ¾Ğ´Ğ° 	MUD Mother Earth  à°®à°Ÿà±à°Ÿà°¿ (maá¹­á¹­i) maá¹­i áƒ›áƒ˜áƒ¬áƒ mÉ™dr ××¢	+++++	maa 	mua 	maa 	Ğ¼Ğ¾Ğ´Ğ° 	Ğ¼Ğ¾Ğ´Ğ° 	Ğ¼ÑƒÑÑÑ€ 	mÄ 	eanan 	ĞµÌ„Ğ¼Ğ¼ÑŒĞ½Ğµ (jÄ“mmÊ¹nje) 	
160	cloud 	FelhÅ‘ > flow@HÃ¶he?	pilvi 	pilvi > FelhÅ‘ > flow~fog? â€“	??	pilvi 	pilvi 	pilv 	Ğ¿ĞµĞ»ÑŒ 	ĞºĞ¾Ğ²Ğ¾Ğ» 	ĞºÑ‹Ğ¼Ã¶Ñ€ 	 	balva 	Ğ¿ÑÌ„Ğ²Ğ²Ğ» (pÄ“vvl) 	
161	fog 	kÃ¶d 	KÃ¶d / udu 	KÃ¶d ~ Cloud / water ~ udu 	~	sumu utu usva 	udu 	udu 	ÑÑƒĞ² 	Ñ‚ÑƒĞ¼Ğ°Ğ½ 	 	sÄ“Å‹kÊ· 	mierka 	Ñ†Ó£Ğ³Ğº (cÄ«gk) 	sÊ²inÊ²o
162	SKY	Ã‰g < gÃ¶k (turk!)	taivaÂ½ !!!	 ğ“‡¯ğ“ğ“Šª Ñ‚Ó³Ğ¿Ğµ Theus Taivan Tian top Tepe | Peter ğ“Šªğ“ğ“‡¯	+++â„¢	taivas 	taivas 	taevas 	Ğ¼ĞµĞ½ĞµĞ»ÑŒ 	Ğ¼ĞµĞ½ĞµĞ»ÑŒ 	ĞµĞ½ÑĞ¶ 	tÅrÉ™m 	albmi 	Ğ°Ğ»Ğ»ÑŒĞ¼ (allÊ¹m) 	num
163	wind 	szÃ©l 	wÅt, Ğ²Ğ°Ñ€Ğ¼Ğ°	Ò—Ğ¸Ğ» SHUYL schwell @ ciel  < Tuuli <> tornado?	TURK	tuuli 	tuuli 	tuul 	Ğ²Ğ°Ñ€Ğ¼Ğ° 	Ğ²Ğ°Ñ€Ğ¼Ğ° 	Ñ‚Ã¶Ğ² 	wÅt 	biegga 	Ğ¿Ó£ÓˆÓˆĞº (pÄ«Å‹Å‹k) 	mÊ²ertsÊ²a
164	snow 	hÃ³ lom 		é›ªxuÄ› Ï‡Î¹ÏÎ½ lom ëˆˆ <> khÅÄ¾Ä—m	??	lumi 	lumi 	lumi 	Ğ»Ğ¾Ğ² 	Ğ»Ğ¾Ğ² 	Ğ»Ñ‹Ğ¼ 	 	muohta 	Ğ²ÑÌ„Ğ´Ğ· (vÄ“dz) 	sira
165	ice 	jÃ©g 	jÃ©g 	~ice	~~	jÃ¤Ã¤ 	jiÃ¤ 	jÃ¤Ã¤ 	ÑĞ¹ 	ÑĞ¹ 	Ğ¹Ğ¸ 	jÄÅ‹k 	jiekÅ‹a 	Ó£ÓˆÓˆ (Ä«Å‹Å‹) 	sertÉ™
166	smoke 	fÃ¼st 		dvst? smavuk?	Æ’~	savu 	savu 	suits 	ĞºĞ°Ñ‡Ğ°Ğ¼Ğ¾ 	ĞºĞ°Ñ‡Ğ°Ğ¼ 	Ñ‚ÑˆÑ‹Ğ½ 	posim 	suovva 	ÑÓ¯Ğ²Ğ² (sÅ«vv) 	
167	fire 	TÅ±z < TORCH!	TÅ±z <> days?	Thyssen hotÃ¼z heitz Thijs Mathews ××ª×ª×™×”×•	WTF	tuli   ÎœÎ±Ï„Ï„Î±Î¸Î¯Î±Ï‚ MutterGottes WTF	tuli 	tuli 	Ñ‚Ğ¾Ğ» 	Ñ‚Ğ¾Ğ» 	Ğ±Ğ¸ 	nÄj 	dolla 	Ñ‚Ğ¾Ì„Ğ»Ğ» (tÅll) 	tu
168	ash 	Hamu < Ñ…Ó¯Ğ»ÑŒĞ¼ Kohlen 	tuhka 	torch *tuska => tâ€™ash dash dust / khÅÄ¾Ä—m!	++?	tuhka 	tuhka 	tuhk 	ĞºÑƒĞ»Ğ¾Ğ² 	ĞºÑƒĞ»Ñƒ 	 	 	gutna 	ĞºÑƒĞ½Ğ½ (kunn) 	
169	to burn 	Ã‰g < ash	Ash / palaa 	< pairo > burn fire	+<?	palaa 	paluo 	pÃµlema 	Ğ¿Ğ°Ğ»Ğ¾Ğ¼Ñ (Ğ¾Ğ±ÑŠĞµĞºÑ‚Ñ‚ÑĞ¼Ğµ) Ğ¿ÑƒĞ»Ñ‚Ğ°Ğ¼Ñ (Ğ¾Ğ±ÑŠĞµĞºÑ‚ Ğ¼Ğ°Ñ€Ñ‚Ğ¾) 	Ğ¿Ğ°Ğ»Ğ¾Ğ¼Ñ Ğ¿Ğ»Ñ…Ñ‚Ğ°Ğ¼Ñ 	 	 	buollit 	Ğ¿Ó¯Ğ»Ğ»Ğµ (pÅ«llÊ¹e) 	
170	road 	Ãšt	Ãšt, tie < route	*rotier é€” tÃº tiao æœ© é“ dao å›¾ 	+<?	tie 	tie 	tee 	ĞºĞ¸ 	ĞºĞ¸ 	Ñ‚ÑƒĞ¹ 	 	geaidnu 	ĞºÑÌ„Ğ¹Ğ¹Ğ½ (kÊ¹Äjjn) 	
171	mountain 	Hegy < hagia > heigh!	mÃ¤gi Ğ³Ã¶Ñ€Ğ° 	Mega Kur < Gvuraâ„¢ > cogha > hagia	++++	vuori mÃ¤ki (hill) 	mÃ¤gi vuara 	mÃ¤gi voore 	Ğ¸Ğ½Ğµ Ğ¿Ğ°Ğ½Ğ´Ğ¾ 	Ğ¿Ğ°Ğ½Ğ´Ğ° 	Ğ³Ã¶Ñ€Ğ° 	 	vÃ¡rri 	Ğ¿ÄÒ»ĞºÑŒ (pÄhkÊ¹) 	hojÉ™
172	red 	vÃ¶rÃ¶s piros ~ purpuros	ruskie piron	rot burn ++	+++	punainen 	ruskie 	punane 	Ğ¯ĞºÑÑ‚ĞµÑ€Ğµ <> terrat rot	ÑĞºÑÑ‚ĞµÑ€ÑŒ 	Ğ³Ã¶Ñ€Ğ´ 	 	ruoksat 	Ñ€Ó¯Ğ¿Ğ¿ÑÑ (rÅ«ppse) 	
173	green 	zÃ¶ld 	ZÃ¶ld / vihrie	zart / verd <> vir <> sar:	++?<<	vihreÃ¤ 	vihrie 	roheline 	ĞŸĞ¸Ğ¶Ğµ : pische ;) frish	ÑÑĞ½Ğ³ÑÑ€Ñ Ğ¿Ğ¸Ğ¶Ğµ 	Ñ‚ÑƒÑ€ÑƒĞ½ Ğ²Ğ¸Ğ¶ 	 	ruonÃ¡ 	Ñ€ÑƒÑĞ½Ğ½ (ruenn) 	pÉ™dÊ²arÉ™xa
174	yellow 	sÃ¡rga 	SÃ¡rga	SÃ¡raâ„¢ ğŸŒ Sem,Turk   keldaine~geld,gold	+++<<!	keltainen 	keldaine 	kollane 	ĞĞ¶Ğ¾ : ocker	Ñ‚ÑĞ¶Ñ 	ĞºĞ¾Ğ»ÑŒĞº Ğ²Ğ¸Ğ¶ 	woÅ¡ram 	fiskat 	Ñ€ÑƒÑ‡Ñ‡ĞºĞµÑÑŒ (ruÄÄkÊ¹esÊ¹) 	tasÊ²exjÉ™
175	white 	fehÃ©r 	fehÃ©r vaiâ€¦	fair vaiÃŸer valkea<>balkan/alban	++	valkea valkoinen 	valgie 	valge 	ĞÑˆĞ¾ : ash	Ğ°ĞºÑˆĞ° 	ĞµĞ´Ğ¶Ñ‹Ğ´ 	 	vielgat 	Ğ²Ó£Ğ»Ğ»ĞºÑ (vÄ«llke) 	ser
176	black 	fekete 		fekal ğ“¡ğ“ kakar mist	!!??	musta 	musta 	must 	Ğ Ğ°ÑƒĞ¶Ğ¾ : raben	Ñ€Ğ°Ğ²Ğ¶Ğ° 	ÑÑŒÃ¶Ğ´ 	sÄ“mÉ™l 	ÄÃ¡hppat 	Ñ‡Ğ¾Ğ°Ò»Ğ¿Ñ (Äoahpe) 	pÉ™rÊ²idÊ²e-
177	night 	Ã©j Ã©jszaka 	Ã©j, yÃ¶	yÃ¨ å¤œ	!!	yÃ¶ 	yÃ¶ 	Ã¶Ã¶ 	Ğ²Ğµ 	Ğ²Ğµ 	Ğ²Ğ¾Ğ¹ 	 	idja 	Ñ‹Ğ¹Ğ¹ (É¨jj) 	pÊ²i
178	day 	nap (nappal *napaiva) 		<> nobel : sun/sky	ğ“‹!	pÃ¤ivÃ¤ 	pÃ¤ivÃ¤ 	pÃ¤ev 	Ñ‡Ğ¸ 	ÑˆĞ¸ 	Ğ»ÑƒĞ½ 	Ï‡Åtal 	beaivi 	Ğ¿ĞµÌ„Ğ¹Ğ¹Ğ² (pÊ¹Ä“jjv) 	jalÊ²a
179	year 	Ã©v esztendÅ‘ = this time	jahki *ikÃ¤ age	Vuosi<?>ven  idÅ‘=weather	...-	vuosi 	vuozi 	Aasta : stars?	Ğ¸Ğµ 	ĞºĞ¸Ğ·Ğ° 	Ğ²Ğ¾ 	tÄl 	jahki 	Ñ‹Ğ³ĞºÑŒ (É¨gkÊ¹) 	po
180	warm 	meleg, langyos 	meleg 	*hlÅ«m GERMAN lau, luke, mild, linger, mini <> wÃ¤rm	+++	lÃ¤mmin 	lÃ¤mmin lÃ¤mbimÃ¤ sundo 	soe 	Ğ»ĞµĞ¼Ğ±Ğµ 	Ğ»ÑĞ¼Ğ±Ğµ 	ÑˆĞ¾Ğ½Ñ‹Ğ´ 	isÉ™m 	bÃ¡hkas 	Ğ¿Ğ¾Ğ°Ò»Ğº (poahk) 	jorÊ²a
181	cold 	hideg, hÅ±s 	kylmÃ¤ 	kÃ¼hl.ma calm   hÅ±s vs tÅ±z	+++	kylmÃ¤ viluinen 	kylmÃ¤ vilu 	kÃ¼lm 	ĞºĞµĞ»ÑŒĞ¼Ğµ 	ÑĞºÑˆĞ°Ğ¼Ğ° ĞºĞµĞ»ÑŒĞ¼Ğµ 	ĞºÃ¶Ğ´Ğ·Ñ‹Ğ´ 	aÅ¡arma 	galmmas 	ĞºÑĞ»Ğ¼Ğ°Ñ (kelmas) 	tÊ²etsÊ²É™
182	full 	tele 	tele	Tell total touts !!	++	tÃ¤ysi 	tÃ¤yzi 	tÃ¤is 	Ğ¿ĞµÑˆĞºÑĞµ 	Ğ¿ÑÑˆĞºÑĞµ 	Ñ‚Ñ‹Ñ€ 	 	dievva 	Ñ‚ĞµÌ„Ğ²Ğ²Ñ‚ (tÊ¹Ä“vvt) 	
183	new 	Ãºj 	uusi	newsi  cut.Ãºj kadesh	~++	uusi 	uuzi 	uus 	Ğ¾Ğ´ 	Ğ¾Ğ´ 	Ğ²Ñ‹Ğ»ÑŒ 	 	oÄ‘as 	Ğ¾Ì„Ğ´Ñ‚ (Ådt) 	
184	old 	ven	vanha	vienna~vielle venus  van fahn 	<<<	vanha 	vanha vahna 	vana 	ÑÑ‹Ñ€Ğµ (persons, animals [age]) Ñ‚Ğ°ÑˆÑ‚Ğ¾ (things, terms [in use]) 	ÑĞ¸Ñ€Ğµ 	Ğ²Ğ°Ğ¶ 	 	boaris 	Ğ¿ÑƒÑÑ€ĞµÑÑŒ (puerÊ¹esÊ¹), Ğ²Ó¯Ñ€Ğ°Ñ (vÅ«ras) 	
185	good 	jÃ³ 	Ğ¿Ğ°Ñ€Ğ°	eu.de:good (su)per hyvÃ¤ hyper high PRO	++?	hyvÃ¤ 	hyvÃ¤ 	hea 	Ğ²Ğ°Ğ´Ñ€Ñ Ğ¿Ğ°Ñ€Ğ¾ 	Ğ¿Ğ°Ñ€Ğ° 	Ğ±ÑƒÑ€ 	jomas 	buorre 	ÑˆÓ£Ğ³ (Å¡Ä«g), Ğ¿Ó¯Ñ€Ñ€ÑŒ (pÅ«rrÊ¹) 	
186	bad 	rossz rot!	paha huono	pah.de from Proto-Germanic *bÄ“gaz	+++ OK	paha huono 	huono paha 	halb paha 	Ğ±ĞµÑ€ÑĞ½ÑŒ 	ĞºĞ°Ğ»ÑŒĞ´ÑĞ² 	Ğ»Ñ‘Ğº 	lËˆÅ«lËˆ 	heittot bahÃ¡ 	Ğ½ÑÑÑÑÑŒ (njuessÊ¹) 	
187	rotten 	korhadt: corrode, rot	mÃ¤da 	madig ^^	+++	laho mÃ¤tÃ¤ 	laho lahonnuh hapannuh 	mÃ¤da 	Ğ½Ğ°ĞºÑĞ°Ğ´Ğ¾ 	Ğ½Ğ°ĞºÑĞ°Ğ´Ğ° 	ÑÑ–ÑÑŒ 	 	 	ĞºÓ¯Ğ´Ñ† (kÅ«dc) 	
188	dirty 	mocskos, piszkos koszos 	reduhiine 	mucos, murky, rotten ^^ â€¦ lika+inen	+++	likainen 	ligahine reduhiine 	must rÃ¤pane 	Ñ€ÑƒĞ´Ğ°Ğ·Ğ¾Ğ² 	ÑŠÑ€Ğ´Ğ°Ğ·Ñƒ Ğ»ĞµĞ±Ğ¾Ğ½Ñ 	Ğ½ÑĞ¹Ñ‚ 	 	duolvvas 	ÑĞ°Ì„ĞºĞºÑŒÑ (sÄkkÊ¹s) 	
189	straight 	Egyenes  ~ oikoinen	sirge	Sure <> right = oiko	^^+	suora oikoinen 	oigie Å¡uorie 	sirge 	Ğ²Ğ¸Ğ´Ğµ 	Ğ²Ğ¸Ğ´Ğµ 	Ğ²ĞµÑÑŒĞºÑ‹Ğ´ 	 	 	Ğ½Ñ‘Ğ»Ğ»ĞºÑ (njollke) 	
190	round 	Kerek <> circ!	ĞºĞ°Ñ€Ñ pyÃ¶reÃ¤	Circ/fahrend/rad pirouette <> fire?	++++	pyÃ¶reÃ¤ 	pyÃ¶rie pyÃ¶ryÅ¾Ã¤ 	Ã¼mmargune 	ĞºĞ¸Ñ€ĞºÑĞ°Ğ»Ğ° 	Ğ¿Ğ¾ĞºĞ°Ñ€ÑĞ² 	Ğ³Ó§Ğ³Ñ€Ó§Ñ 	 	jorbbas 	Ñ‘Ñ€Ñ€ÑŒĞ¿ĞµÑÑŒ (jorrÊ¹pÊ¹esÊ¹) 	
191	sharp 	Ã©les Ã©l â€œedgeâ€ (Keil/Teil)		TerÃ¤ <> tear Ã½itir@turk Ä§aÃ° cutter 	<	terÃ¤vÃ¤ 	terÃ¤vÃ¤ 	terav 	Ğ¿ÑˆÑ‚Ğ¸ 	Ğ¾Ñ€Ğ¶Ğ° 	Ñ‘ÑÑŒ 	 	bastil 	Ğ¿Ğ°ÑÑÑŒÑ‚Ğ»ÑÑÑŒ (passÊ¹tlesÊ¹) 	
192	dull 	tompa 	tylppÃ¤	Dumb dull TÃ¶lpel!	+++<	tylsÃ¤ tylppÃ¤ 	tylÄÃ¤ tupiÄÄu 	nÃ¼ri 	Ğ½Ğ¾ÑˆĞºĞ° 	Ğ½Ğ¾ÑˆĞºĞ° 	Ğ½Ñ‹Ğ¶ 	 	 	Ğ¼ĞµÌ„Ñ€ĞµÑÑŒ (mÊ¹Ä“rÊ¹esÊ¹) 	
193	smooth 	sima 	sima.de	Smooth, ~	++~	sileÃ¤ 	silie 	sile 	Ğ²Ğ°Ğ»Ğ°Ğ½Ñ 	Ğ°Ñ€ÑÑ Ñ‚Ğ°ĞºĞ¾Ñ€ 	ÑˆÑ‹Ğ»ÑŒÑ‹Ğ´ 	 	duolba 	Ğ½Ñ‘Ğ»Ğ»ÑŒĞºĞµÑÑŒ (njollÊ¹kÊ¹esÊ¹) 	
194	wet 	Nedves 	Nedves / mÃ¤rkÃ¤	Nass @ meer  nautic nawÃ¤ss	++<<	mÃ¤rkÃ¤ 	mÃ¤grÃ¤ 	mÃ¤rg 	Ğ½Ğ°Ñ‡ĞºĞ¾ 	Ğ½Ğ°Ñ‡ĞºĞ° 	ÑƒĞ»ÑŒ 	 	njuoskkes 	Ğ½ÑÌ„Ñ†ĞºĞ°Ñ (njÅ«ckas) 	
195	dry 	SzÃ¡raz 		"SzÃ¡raz < sun , chau'  ä¹¾ã 	ã‹ã‚ã 	kawaku å¹² gÃ¶k"	+ ?	kuiva 	kuiva 	kuiv 	ĞºĞ¾ÑÑŒĞºĞµ 	ĞºĞ¾ÑÑŒĞºĞµ 	ĞºĞ¾Ñ 	 	goiki 	ĞºĞ¾Ğ°ÑˆÑŒĞºÑÑÑŒ (koaÅ¡Ê¹kesÊ¹) 	
196	correct 	helyes 	helyes, oikea	Hell-yes okey ;)	++;)	oikea 	oigie 	Ãµige 	Ğ²Ğ¸Ğ´Ğµ 	Ğ²Ğ¸Ğ´Ğµ 	 	 	riekta 	Ğ²Ó¯Ğ¹Ğ¹Ğº (vÅ«jjk) 	
197	near 	KÃ¶zel : kurz	KÃ¶zel 	kurz	+?	lÃ¤hellÃ¤ 	lÃ¤hellÃ¤ 	lÃ¤hedal 	Ğ¼Ğ°Ğ»Ğ°ÑĞ¾ 	Ğ¼Ğ°Ğ»Ğ° 	Ğ¼Ğ°Ñ‚Ñ‹Ğ½ 	lËˆapa 	lahka 	Ğ°Ğ»Ğ»ÑŒÑ‚ (allÊ¹t) 	
198	far 	messze	ğ“ˆ 	Marsch @ Messe!	â€¦?	kaukana etÃ¤Ã¤llÃ¤ loitolla  @ caucasus?	edÃ¤h edÃ¤hÃ¤ksi loitton 	kauge(l) 	Ğ²Ğ°ÑĞ¾Ğ»Ğ¾ 	Ğ¸Ñ‡ĞºĞ¾Ğ·Ğµ 	Ñ‹Ğ»Ñ‹Ğ½ 	 	guhkkin 	ÌĞºÑƒÒ»ĞºĞµĞ½Ò (adverbial)	
199	right 	jobb 	jobb, oigie	åˆ you yÇ’u å‹ å³ æœ‰  job ä¸š JA hab ok oikea ğ“¹ 	++<<!!	oikea 	oigie 	parem 	Ğ²Ğ¸Ñ‚ÑŒ ĞºĞµĞ´ÑŒ 	Ğ²Ğ¸Ğ´Ğµ 	Ğ²ĞµÑÑŒĞºÑ‹Ğ´ 	 	olgeÅ¡ 	Ğ²ÑƒÑĞ»ÑŒĞºĞµÑÑŒ (vuelÊ¹kÊ¹esÊ¹) 	
200	left 	bal 		"falsch? ballen? fassen ğŸ–‘ fist ğ“‚©ğ“‚«ğ“‚¬	"	<<<	vasen 	vaÅ¾en hurai 	vasak 	ĞºĞµÑ€Ñˆ ĞºĞµĞ´ÑŒ 	ĞºĞµÑ€Ğ¶Ğ¸ 	ÑˆÑƒĞ¹Ğ³Ğ° 	 	gurut 	Ñ‡Ğ¸Ğ½Ñ‡ (ÄinÄ) 	
201	at 	-nÃ¡l/-nÃ©l 		nah an / al ×œ! < Ã -la < ğ“‚‹	+++	-lla/-llÃ¤ 	-lla/-llÃ¤ 	-l juures 	ĞºĞµĞ´ÑŒÑÑ (postposition) 	Ğ²Ğ°ĞºÑÑĞ° (postposition) 	 	 	-s (locative) 	-ÑÑÑŒÑ‚ (-esÊ¹t) Ğ°Ğ»ÑŒĞ½ (alÊ¹n) 	
202	in 	-ban/-ben 	-ban -ssÃ¤	binnen bei/in *ben=×‘ bian è¾¹   QED  2. zu åœ¨ ++	+++++	-ssa/-ssÃ¤ 	-ssa/-ssÃ¤ 	-s sees 	Ğ¿Ğ¾Ñ‚ÑĞ¾ 	-ÑĞ° 	-Ñ‹Ğ½ 	 	-s (locative) 	-ÑÑÑŒÑ‚ (-esÊ¹t) (inside) ÑÑ‹Ğ·ÑŒĞ½ (sÉ¨zÊ¹n) 	
203	with 	-val/-vel 	kanssa kera  -vel	VE! ×• con! Care ğ“›ğ“ˆ–ğ“‚	++++	kanssa kera 	kellÃ¤ -nke/-nkera kera 	-ga koos 	Ğ¼Ğ°Ñ€Ñ‚Ğ¾ (postposition) 	Ğ¼Ğ°Ñ€Ñ…Ñ‚Ğ° (postposition) 	-ĞºÓ§Ğ´ -Ó§Ğ½ 	jot 	mielde (also along) 	-ÑĞ½Ò (-enÊ¹) Ğ¼Ó£Ğ»Ğ»ÑŒÑ‚Ñ (mÄ«llÊ¹te) 	
204	and 	Ã©s s 	Da / ja / Ã©s	Da / ja / Ã©s / si / et y/a ++ (an)da	â€¦	ja 	da 	ja ning 	Ğ´Ñ‹ 	ÑĞ´Ğ¸ Ğ¸ 	Ğ´Ğ° 	os 	ja 	Ñ (ja) 	
205	if 	ha 	Kuin > ku > ha	Que, quan ~ when   ğ“‡‹ ğ“‚‹ jos (mouth=os)	+++	jos -ko 	kuin ku -ko 	kui 	Ğ±ÑƒÑ‚Ğ¸ -Ğ½Ğ´ĞµÑ€Ñ- 	Ğ´ÑÑ€ÑĞ¹ 	ĞºÓ§ 	 	juos, jus 	ĞºĞ¾Ğ°Ğ»Ñ (koale) 	
206	because 	Mert < merit (of)	koska, sest	cause, câ€™est +++	+++	koska sillÃ¤ 	sendÃ¤h sentÃ¤n Å¾entÃ¤h Å¾entÃ¤n 	sest 	ÑĞµĞºÑ Ğ¼ĞµĞºÑ 	ÑÑÑ Ğ¼ĞµÑ 	Ğ²Ó§ÑĞ½Ğ° 	mÄÉ£É™s kastÉ™l 	dihte, geaÅ¾il 	Ğ³ÑƒÑĞ¹ĞºÑ (guejke) 	
207	name 	nÃ©v 	nimi 	name	+++	nimi 	nimi 	nimi 	Ğ»ĞµĞ¼ 	Ğ»ĞµĞ¼ 	Ğ½Ğ¸Ğ¼ 	nam 	namma 	Ğ½ÑÌ„Ğ¼Ğ¼ (nÄ“mm) 	nÊ²um 
